time,pos_x,pos_y,pos_z,vel_x,vel_y,vel_z,acc_x,acc_y,acc_z
2.920000,2.500000,0.500000,0.250000,0.000000,0.038462,0.000000,0.000000,7.692308,0.000000
2.925000,2.500000,0.500192,0.250000,0.000000,0.076028,0.000000,0.000000,7.513314,0.000000
2.930000,2.500000,0.500572,0.250000,0.000000,0.112713,0.000000,0.000000,7.337005,0.000000
2.935000,2.500000,0.501136,0.250000,0.000000,0.148530,0.000000,0.000000,7.163355,0.000000
2.940000,2.500000,0.501879,0.250000,0.000000,0.183492,0.000000,0.000000,6.992334,0.000000
2.945000,2.500000,0.502796,0.250000,0.000000,0.217611,0.000000,0.000000,6.823915,0.000000
2.950000,2.500000,0.503884,0.250000,0.000000,0.250902,0.000000,0.000000,6.658070,0.000000
2.955000,2.500000,0.505139,0.250000,0.000000,0.283375,0.000000,0.000000,6.494772,0.000000
2.960000,2.500000,0.506556,0.250000,0.000000,0.315045,0.000000,0.000000,6.333994,0.000000
2.965000,2.500000,0.508131,0.250000,0.000000,0.345924,0.000000,0.000000,6.175708,0.000000
2.970000,2.500000,0.509860,0.250000,0.000000,0.376023,0.000000,0.000000,6.019887,0.000000
2.975000,2.500000,0.511741,0.250000,0.000000,0.405356,0.000000,0.000000,5.866504,0.000000
2.980000,2.500000,0.513767,0.250000,0.000000,0.433933,0.000000,0.000000,5.715532,0.000000
2.985000,2.500000,0.515937,0.250000,0.000000,0.461768,0.000000,0.000000,5.566946,0.000000
2.990000,2.500000,0.518246,0.250000,0.000000,0.488872,0.000000,0.000000,5.420717,0.000000
2.995000,2.500000,0.520690,0.250000,0.000000,0.515256,0.000000,0.000000,5.276821,0.000000
3.000000,2.500000,0.523266,0.250000,0.000000,0.540932,0.000000,0.000000,5.135231,0.000000
3.005000,2.500000,0.525971,0.250000,0.000000,0.565912,0.000000,0.000000,4.995920,0.000000
3.010000,2.500000,0.528801,0.250000,0.000000,0.590206,0.000000,0.000000,4.858864,0.000000
3.015000,2.500000,0.531752,0.250000,0.000000,0.613826,0.000000,0.000000,4.724036,0.000000
3.020000,2.500000,0.534821,0.250000,0.000000,0.636783,0.000000,0.000000,4.591411,0.000000
3.025000,2.500000,0.538005,0.250000,0.000000,0.659088,0.000000,0.000000,4.460964,0.000000
3.030000,2.500000,0.541300,0.250000,0.000000,0.680751,0.000000,0.000000,4.332669,0.000000
3.035000,2.500000,0.544704,0.250000,0.000000,0.701784,0.000000,0.000000,4.206502,0.000000
3.040000,2.500000,0.548213,0.250000,0.000000,0.722196,0.000000,0.000000,4.082437,0.000000
3.045000,2.500000,0.551824,0.250000,0.000000,0.741998,0.000000,0.000000,3.960450,0.000000
3.050000,2.500000,0.555534,0.250000,0.000000,0.761201,0.000000,0.000000,3.840517,0.000000
3.055000,2.500000,0.559340,0.250000,0.000000,0.779814,0.000000,0.000000,3.722612,0.000000
3.060000,2.500000,0.563239,0.250000,0.000000,0.797848,0.000000,0.000000,3.606713,0.000000
3.065000,2.500000,0.567228,0.250000,0.000000,0.815312,0.000000,0.000000,3.492795,0.000000
3.070000,2.500000,0.571305,0.250000,0.000000,0.832216,0.000000,0.000000,3.380834,0.000000
3.075000,2.500000,0.575466,0.250000,0.000000,0.848570,0.000000,0.000000,3.270806,0.000000
3.080000,2.500000,0.579709,0.250000,0.000000,0.864383,0.000000,0.000000,3.162689,0.000000
3.085000,2.500000,0.584031,0.250000,0.000000,0.879665,0.000000,0.000000,3.056458,0.000000
3.090000,2.500000,0.588429,0.250000,0.000000,0.894426,0.000000,0.000000,2.952091,0.000000
3.095000,2.500000,0.592901,0.250000,0.000000,0.908674,0.000000,0.000000,2.849565,0.000000
3.100000,2.500000,0.597444,0.250000,0.000000,0.922418,0.000000,0.000000,2.748857,0.000000
3.105000,2.500000,0.602056,0.250000,0.000000,0.935668,0.000000,0.000000,2.649944,0.000000
3.110000,2.500000,0.606735,0.250000,0.000000,0.948432,0.000000,0.000000,2.552804,0.000000
3.115000,2.500000,0.611477,0.250000,0.000000,0.960719,0.000000,0.000000,2.457415,0.000000
3.120000,2.500000,0.616281,0.250000,0.000000,0.972538,0.000000,0.000000,2.363755,0.000000
3.125000,2.500000,0.621143,0.250000,0.000000,0.983897,0.000000,0.000000,2.271801,0.000000
3.130000,2.500000,0.626063,0.250000,0.000000,0.994804,0.000000,0.000000,2.181533,0.000000
3.135000,2.500000,0.631037,0.250000,0.000000,1.005269,0.000000,0.000000,2.092928,0.000000
3.140000,2.500000,0.636063,0.250000,0.000000,1.015299,0.000000,0.000000,2.005966,0.000000
3.145000,2.500000,0.641140,0.250000,0.000000,1.024902,0.000000,0.000000,1.920624,0.000000
3.150000,2.500000,0.646264,0.250000,0.000000,1.034086,0.000000,0.000000,1.836883,0.000000
3.155000,2.500000,0.651435,0.250000,0.000000,1.042860,0.000000,0.000000,1.754721,0.000000
3.160000,2.500000,0.656649,0.250000,0.000000,1.051230,0.000000,0.000000,1.674117,0.000000
3.165000,2.500000,0.661905,0.250000,0.000000,1.059206,0.000000,0.000000,1.595052,0.000000
3.170000,2.500000,0.667201,0.250000,0.000000,1.066793,0.000000,0.000000,1.517504,0.000000
3.175000,2.500000,0.672535,0.250000,0.000000,1.074001,0.000000,0.000000,1.441454,0.000000
3.180000,2.500000,0.677905,0.250000,0.000000,1.080835,0.000000,0.000000,1.366882,0.000000
3.185000,2.500000,0.683309,0.250000,0.000000,1.087304,0.000000,0.000000,1.293768,0.000000
3.190000,2.500000,0.688746,0.250000,0.000000,1.093414,0.000000,0.000000,1.222093,0.000000
3.195000,2.500000,0.694213,0.250000,0.000000,1.099173,0.000000,0.000000,1.151836,0.000000
3.200000,2.500000,0.699709,0.250000,0.000000,1.104588,0.000000,0.000000,1.082980,0.000000
3.205000,2.500000,0.705232,0.250000,0.000000,1.109666,0.000000,0.000000,1.015504,0.000000
3.210000,2.500000,0.710780,0.250000,0.000000,1.114413,0.000000,0.000000,0.949389,0.000000
3.215000,2.500000,0.716352,0.250000,0.000000,1.118836,0.000000,0.000000,0.884618,0.000000
3.220000,2.500000,0.721946,0.250000,0.000000,1.122942,0.000000,0.000000,0.821172,0.000000
3.225000,2.500000,0.727561,0.250000,0.000000,1.126737,0.000000,0.000000,0.759032,0.000000
3.230000,2.500000,0.733195,0.250000,0.000000,1.130228,0.000000,0.000000,0.698180,0.000000
3.235000,2.500000,0.738846,0.250000,0.000000,1.133421,0.000000,0.000000,0.638597,0.000000
3.240000,2.500000,0.744513,0.250000,0.000000,1.136322,0.000000,0.000000,0.580267,0.000000
3.245000,2.500000,0.750194,0.250000,0.000000,1.138938,0.000000,0.000000,0.523172,0.000000
3.250000,2.500000,0.755889,0.250000,0.000000,1.141274,0.000000,0.000000,0.467293,0.000000
3.255000,2.500000,0.761595,0.250000,0.000000,1.143338,0.000000,0.000000,0.412615,0.000000
3.260000,2.500000,0.767312,0.250000,0.000000,1.145133,0.000000,0.000000,0.359118,0.000000
3.265000,2.500000,0.773038,0.250000,0.000000,1.146667,0.000000,0.000000,0.306787,0.000000
3.270000,2.500000,0.778771,0.250000,0.000000,1.147945,0.000000,0.000000,0.255605,0.000000
3.275000,2.500000,0.784511,0.250000,0.000000,1.148973,0.000000,0.000000,0.205555,0.000000
3.280000,2.500000,0.790256,0.250000,0.000000,1.149756,0.000000,0.000000,0.156620,0.000000
3.285000,2.500000,0.796004,0.250000,0.000000,1.150300,0.000000,0.000000,0.108784,0.000000
3.290000,2.500000,0.801756,0.250000,0.000000,1.150610,0.000000,0.000000,0.062031,0.000000
3.295000,2.500000,0.807509,0.250000,0.000000,1.150692,0.000000,0.000000,0.016346,0.000000
3.300000,2.500000,0.813262,0.250000,0.000000,1.150550,0.000000,0.000000,-0.028289,0.000000
3.305000,2.500000,0.819015,0.250000,0.000000,1.150191,0.000000,0.000000,-0.071888,0.000000
3.310000,2.500000,0.824766,0.250000,0.000000,1.149619,0.000000,0.000000,-0.114467,0.000000
3.315000,2.500000,0.830514,0.250000,0.000000,1.148838,0.000000,0.000000,-0.156042,0.000000
3.320000,2.500000,0.836258,0.250000,0.000000,1.147855,0.000000,0.000000,-0.196627,0.000000
3.325000,2.500000,0.841998,0.250000,0.000000,1.146674,0.000000,0.000000,-0.236238,0.000000
3.330000,2.500000,0.847731,0.250000,0.000000,1.145300,0.000000,0.000000,-0.274889,0.000000
3.335000,2.500000,0.853458,0.250000,0.000000,1.143737,0.000000,0.000000,-0.312595,0.000000
3.340000,2.500000,0.859176,0.250000,0.000000,1.141990,0.000000,0.000000,-0.349371,0.000000
3.345000,2.500000,0.864886,0.250000,0.000000,1.140064,0.000000,0.000000,-0.385232,0.000000
3.350000,2.500000,0.870587,0.250000,0.000000,1.137963,0.000000,0.000000,-0.420190,0.000000
3.355000,2.500000,0.876276,0.250000,0.000000,1.135691,0.000000,0.000000,-0.454261,0.000000
3.360000,2.500000,0.881955,0.250000,0.000000,1.133254,0.000000,0.000000,-0.487459,0.000000
3.365000,2.500000,0.887621,0.250000,0.000000,1.130655,0.000000,0.000000,-0.519796,0.000000
3.370000,2.500000,0.893274,0.250000,0.000000,1.127899,0.000000,0.000000,-0.551288,0.000000
3.375000,2.500000,0.898914,0.250000,0.000000,1.124989,0.000000,0.000000,-0.581947,0.000000
3.380000,2.500000,0.904539,0.250000,0.000000,1.121930,0.000000,0.000000,-0.611786,0.000000
3.385000,2.500000,0.910148,0.250000,0.000000,1.118726,0.000000,0.000000,-0.640819,0.000000
3.390000,2.500000,0.915742,0.250000,0.000000,1.115381,0.000000,0.000000,-0.669059,0.000000
3.395000,2.500000,0.921319,0.250000,0.000000,1.111898,0.000000,0.000000,-0.696518,0.000000
3.400000,2.500000,0.926879,0.250000,0.000000,1.108282,0.000000,0.000000,-0.723210,0.000000
3.405000,2.500000,0.932420,0.250000,0.000000,1.104536,0.000000,0.000000,-0.749147,0.000000
3.410000,2.500000,0.937943,0.250000,0.000000,1.100664,0.000000,0.000000,-0.774341,0.000000
3.415000,2.500000,0.943446,0.250000,0.000000,1.096670,0.000000,0.000000,-0.798805,0.000000
3.420000,2.500000,0.948929,0.250000,0.000000,1.092558,0.000000,0.000000,-0.822550,0.000000
3.425000,2.500000,0.954392,0.250000,0.000000,1.088330,0.000000,0.000000,-0.845590,0.000000
3.430000,2.500000,0.959834,0.250000,0.000000,1.083990,0.000000,0.000000,-0.867935,0.000000
3.435000,2.500000,0.965254,0.250000,0.000000,1.079542,0.000000,0.000000,-0.889598,0.000000
3.440000,2.500000,0.970651,0.250000,0.000000,1.074989,0.000000,0.000000,-0.910589,0.000000
3.445000,2.500000,0.976026,0.250000,0.000000,1.070335,0.000000,0.000000,-0.930922,0.000000
3.450000,2.500000,0.981378,0.250000,0.000000,1.065582,0.000000,0.000000,-0.950605,0.000000
3.455000,2.500000,0.986706,0.250000,0.000000,1.060733,0.000000,0.000000,-0.969652,0.000000
3.460000,2.500000,0.992010,0.250000,0.000000,1.055793,0.000000,0.000000,-0.988073,0.000000
3.465000,2.500000,0.997289,0.250000,0.000000,1.050763,0.000000,0.000000,-1.005879,0.000000
3.470000,2.500000,1.002542,0.250000,0.000000,1.045648,0.000000,0.000000,-1.023080,0.000000
3.475000,2.500000,1.007771,0.250000,0.000000,1.040450,0.000000,0.000000,-1.039688,0.000000
3.480000,2.500000,1.012973,0.250000,0.000000,1.035171,0.000000,0.000000,-1.055712,0.000000
3.485000,2.500000,1.018149,0.250000,0.000000,1.029815,0.000000,0.000000,-1.071164,0.000000
3.490000,2.500000,1.023298,0.250000,0.000000,1.024385,0.000000,0.000000,-1.086053,0.000000
3.495000,2.500000,1.028420,0.250000,0.000000,1.018883,0.000000,0.000000,-1.100390,0.000000
3.500000,2.500000,1.033514,0.250000,0.000000,1.013312,0.000000,0.000000,-1.114184,0.000000
3.505000,2.500000,1.038581,0.250000,0.000000,1.007675,0.000000,0.000000,-1.127446,0.000000
3.510000,2.500000,1.043619,0.250000,0.000000,1.001974,0.000000,0.000000,-1.140184,0.000000
3.515000,2.500000,1.048629,0.250000,0.000000,0.996212,0.000000,0.000000,-1.152410,0.000000
3.520000,2.500000,1.053610,0.250000,0.000000,0.990391,0.000000,0.000000,-1.164132,0.000000
3.525000,2.500000,1.058562,0.250000,0.000000,0.984514,0.000000,0.000000,-1.175359,0.000000
3.530000,2.500000,1.063484,0.250000,0.000000,0.978584,0.000000,0.000000,-1.186101,0.000000
3.535000,2.500000,1.068377,0.250000,0.000000,0.972602,0.000000,0.000000,-1.196368,0.000000
3.540000,2.500000,1.073240,0.250000,0.000000,0.966571,0.000000,0.000000,-1.206167,0.000000
3.545000,2.500000,1.078073,0.250000,0.000000,0.960494,0.000000,0.000000,-1.215508,0.000000
3.550000,2.500000,1.082876,0.250000,0.000000,0.954372,0.000000,0.000000,-1.224400,0.000000
3.555000,2.500000,1.087648,0.250000,0.000000,0.948207,0.000000,0.000000,-1.232851,0.000000
3.560000,2.500000,1.092389,0.250000,0.000000,0.942003,0.000000,0.000000,-1.240870,0.000000
3.565000,2.500000,1.097099,0.250000,0.000000,0.935761,0.000000,0.000000,-1.248466,0.000000
3.570000,2.500000,1.101777,0.250000,0.000000,0.929483,0.000000,0.000000,-1.255646,0.000000
3.575000,2.500000,1.106425,0.250000,0.000000,0.923170,0.000000,0.000000,-1.262419,0.000000
3.580000,2.500000,1.111041,0.250000,0.000000,0.916827,0.000000,0.000000,-1.268793,0.000000
3.585000,2.500000,1.115625,0.250000,0.000000,0.910453,0.000000,0.000000,-1.274775,0.000000
3.590000,2.500000,1.120177,0.250000,0.000000,0.904051,0.000000,0.000000,-1.280375,0.000000
3.595000,2.500000,1.124697,0.250000,0.000000,0.897623,0.000000,0.000000,-1.285599,0.000000
3.600000,2.500000,1.129185,0.250000,0.000000,0.891171,0.000000,0.000000,-1.290455,0.000000
3.605000,2.500000,1.133641,0.250000,0.000000,0.884696,0.000000,0.000000,-1.294951,0.000000
3.610000,2.500000,1.138065,0.250000,0.000000,0.878200,0.000000,0.000000,-1.299094,0.000000
3.615000,2.500000,1.142456,0.250000,0.000000,0.871686,0.000000,0.000000,-1.302892,0.000000
3.620000,2.500000,1.146814,0.250000,0.000000,0.865154,0.000000,0.000000,-1.306352,0.000000
3.625000,2.500000,1.151140,0.250000,0.000000,0.858607,0.000000,0.000000,-1.309480,0.000000
3.630000,2.500000,1.155433,0.250000,0.000000,0.852045,0.000000,0.000000,-1.312285,0.000000
3.635000,2.500000,1.159693,0.250000,0.000000,0.845471,0.000000,0.000000,-1.314773,0.000000
3.640000,2.500000,1.163921,0.250000,0.000000,0.838887,0.000000,0.000000,-1.316950,0.000000
3.645000,2.500000,1.168115,0.250000,0.000000,0.832293,0.000000,0.000000,-1.318823,0.000000
3.650000,2.500000,1.172277,0.250000,0.000000,0.825691,0.000000,0.000000,-1.320400,0.000000
3.655000,2.500000,1.176405,0.250000,0.000000,0.819082,0.000000,0.000000,-1.321687,0.000000
3.660000,2.500000,1.180500,0.250000,0.000000,0.812469,0.000000,0.000000,-1.322690,0.000000
3.665000,2.500000,1.184563,0.250000,0.000000,0.805852,0.000000,0.000000,-1.323415,0.000000
3.670000,2.500000,1.188592,0.250000,0.000000,0.799232,0.000000,0.000000,-1.323869,0.000000
3.675000,2.500000,1.192588,0.250000,0.000000,0.792612,0.000000,0.000000,-1.324058,0.000000
3.680000,2.500000,1.196551,0.250000,0.000000,0.785992,0.000000,0.000000,-1.323987,0.000000
3.685000,2.500000,1.200481,0.250000,0.000000,0.779374,0.000000,0.000000,-1.323664,0.000000
3.690000,2.500000,1.204378,0.250000,0.000000,0.772758,0.000000,0.000000,-1.323094,0.000000
3.695000,2.500000,1.208242,0.250000,0.000000,0.766147,0.000000,0.000000,-1.322283,0.000000
3.700000,2.500000,1.212073,0.250000,0.000000,0.759541,0.000000,0.000000,-1.321236,0.000000
3.705000,2.500000,1.215870,0.250000,0.000000,0.752941,0.000000,0.000000,-1.319959,0.000000
3.710000,2.500000,1.219635,0.250000,0.000000,0.746349,0.000000,0.000000,-1.318457,0.000000
3.715000,2.500000,1.223367,0.250000,0.000000,0.739765,0.000000,0.000000,-1.316737,0.000000
3.720000,2.500000,1.227066,0.250000,0.000000,0.733191,0.000000,0.000000,-1.314803,0.000000
3.725000,2.500000,1.230732,0.250000,0.000000,0.726628,0.000000,0.000000,-1.312661,0.000000
3.730000,2.500000,1.234365,0.250000,0.000000,0.720076,0.000000,0.000000,-1.310316,0.000000
3.735000,2.500000,1.237965,0.250000,0.000000,0.713537,0.000000,0.000000,-1.307774,0.000000
3.740000,2.500000,1.241533,0.250000,0.000000,0.707012,0.000000,0.000000,-1.305038,0.000000
3.745000,2.500000,1.245068,0.250000,0.000000,0.700501,0.000000,0.000000,-1.302114,0.000000
3.750000,2.500000,1.248570,0.250000,0.000000,0.694006,0.000000,0.000000,-1.299008,0.000000
3.755000,2.500000,1.252040,0.250000,0.000000,0.687528,0.000000,0.000000,-1.295723,0.000000
3.760000,2.500000,1.255478,0.250000,0.000000,0.681066,0.000000,0.000000,-1.292266,0.000000
3.765000,2.500000,1.258883,0.250000,0.000000,0.674623,0.000000,0.000000,-1.288639,0.000000
3.770000,2.500000,1.262256,0.250000,0.000000,0.668199,0.000000,0.000000,-1.284848,0.000000
3.775000,2.500000,1.265597,0.250000,0.000000,0.661794,0.000000,0.000000,-1.280898,0.000000
3.780000,2.500000,1.268906,0.250000,0.000000,0.655410,0.000000,0.000000,-1.276792,0.000000
3.785000,2.500000,1.272183,0.250000,0.000000,0.649048,0.000000,0.000000,-1.272536,0.000000
3.790000,2.500000,1.275429,0.250000,0.000000,0.642707,0.000000,0.000000,-1.268133,0.000000
3.795000,2.500000,1.278642,0.250000,0.000000,0.636389,0.000000,0.000000,-1.263588,0.000000
3.800000,2.500000,1.281824,0.250000,0.000000,0.630095,0.000000,0.000000,-1.258905,0.000000
3.805000,2.500000,1.284975,0.250000,0.000000,0.623824,0.000000,0.000000,-1.254087,0.000000
3.810000,2.500000,1.288094,0.250000,0.000000,0.617578,0.000000,0.000000,-1.249140,0.000000
3.815000,2.500000,1.291182,0.250000,0.000000,0.611358,0.000000,0.000000,-1.244067,0.000000
3.820000,2.500000,1.294238,0.250000,0.000000,0.605164,0.000000,0.000000,-1.238871,0.000000
3.825000,2.500000,1.297264,0.250000,0.000000,0.598996,0.000000,0.000000,-1.233558,0.000000
3.830000,2.500000,1.300259,0.250000,0.000000,0.592855,0.000000,0.000000,-1.228129,0.000000
3.835000,2.500000,1.303223,0.250000,0.000000,0.586742,0.000000,0.000000,-1.222590,0.000000
3.840000,2.500000,1.306157,0.250000,0.000000,0.580658,0.000000,0.000000,-1.216943,0.000000
3.845000,2.500000,1.309060,0.250000,0.000000,0.574602,0.000000,0.000000,-1.211193,0.000000
3.850000,2.500000,1.311933,0.250000,0.000000,0.568575,0.000000,0.000000,-1.205342,0.000000
3.855000,2.500000,1.314776,0.250000,0.000000,0.562578,0.000000,0.000000,-1.199395,0.000000
3.860000,2.500000,1.317589,0.250000,0.000000,0.556611,0.000000,0.000000,-1.193354,0.000000
3.865000,2.500000,1.320372,0.250000,0.000000,0.550675,0.000000,0.000000,-1.187224,0.000000
3.870000,2.500000,1.323126,0.250000,0.000000,0.544770,0.000000,0.000000,-1.181006,0.000000
3.875000,2.500000,1.325850,0.250000,0.000000,0.538897,0.000000,0.000000,-1.174705,0.000000
3.880000,2.500000,1.328544,0.250000,0.000000,0.533055,0.000000,0.000000,-1.168323,0.000000
3.885000,2.500000,1.331209,0.250000,0.000000,0.527246,0.000000,0.000000,-1.161864,0.000000
3.890000,2.500000,1.333846,0.250000,0.000000,0.521469,0.000000,0.000000,-1.155330,0.000000
3.895000,2.500000,1.336453,0.250000,0.000000,0.515725,0.000000,0.000000,-1.148725,0.000000
3.900000,2.500000,1.339031,0.250000,0.000000,0.510015,0.000000,0.000000,-1.142052,0.000000
3.905000,2.500000,1.341582,0.250000,0.000000,0.504339,0.000000,0.000000,-1.135313,0.000000
3.910000,2.500000,1.344103,0.250000,0.000000,0.498696,0.000000,0.000000,-1.128511,0.000000
3.915000,2.500000,1.346597,0.250000,0.000000,0.493088,0.000000,0.000000,-1.121649,0.000000
3.920000,2.500000,1.349062,0.250000,0.000000,0.487514,0.000000,0.000000,-1.114730,0.000000
3.925000,2.500000,1.351500,0.250000,0.000000,0.481975,0.000000,0.000000,-1.107756,0.000000
3.930000,2.500000,1.353910,0.250000,0.000000,0.476472,0.000000,0.000000,-1.100729,0.000000
3.935000,2.500000,1.356292,0.250000,0.000000,0.471003,0.000000,0.000000,-1.093654,0.000000
3.940000,2.500000,1.358647,0.250000,0.000000,0.465571,0.000000,0.000000,-1.086531,0.000000
3.945000,2.500000,1.360975,0.250000,0.000000,0.460174,0.000000,0.000000,-1.079364,0.000000
3.950000,2.500000,1.363276,0.250000,0.000000,0.454813,0.000000,0.000000,-1.072155,0.000000
3.955000,2.500000,1.365550,0.250000,0.000000,0.449489,0.000000,0.000000,-1.064905,0.000000
3.960000,2.500000,1.367797,0.250000,0.000000,0.444201,0.000000,0.000000,-1.057619,0.000000
3.965000,2.500000,1.370018,0.250000,0.000000,0.438949,0.000000,0.000000,-1.050297,0.000000
3.970000,2.500000,1.372213,0.250000,0.000000,0.433734,0.000000,0.000000,-1.042942,0.000000
3.975000,2.500000,1.374382,0.250000,0.000000,0.428557,0.000000,0.000000,-1.035556,0.000000
3.980000,2.500000,1.376524,0.250000,0.000000,0.423416,0.000000,0.000000,-1.028141,0.000000
3.985000,2.500000,1.378642,0.250000,0.000000,0.418312,0.000000,0.000000,-1.020700,0.000000
3.990000,2.500000,1.380733,0.250000,0.000000,0.413246,0.000000,0.000000,-1.013235,0.000000
3.995000,2.500000,1.382799,0.250000,0.000000,0.408217,0.000000,0.000000,-1.005746,0.000000
4.000000,2.500000,1.384840,0.250000,0.000000,0.403226,0.000000,0.000000,-0.998238,0.000000
4.005000,2.500000,1.386857,0.250000,0.000000,0.398273,0.000000,0.000000,-0.990710,0.000000
4.010000,2.500000,1.388848,0.250000,0.000000,0.393357,0.000000,0.000000,-0.983166,0.000000
4.015000,2.500000,1.390815,0.250000,0.000000,0.388479,0.000000,0.000000,-0.975606,0.000000
4.020000,2.500000,1.392757,0.250000,0.000000,0.383639,0.000000,0.000000,-0.968034,0.000000
4.025000,2.500000,1.394675,0.250000,0.000000,0.378836,0.000000,0.000000,-0.960450,0.000000
4.030000,2.500000,1.396569,0.250000,0.000000,0.374072,0.000000,0.000000,-0.952856,0.000000
4.035000,2.500000,1.398440,0.250000,0.000000,0.369346,0.000000,0.000000,-0.945255,0.000000
4.040000,2.500000,1.400287,0.250000,0.000000,0.364658,0.000000,0.000000,-0.937647,0.000000
4.045000,2.500000,1.402110,0.250000,0.000000,0.360007,0.000000,0.000000,-0.930034,0.000000
4.050000,2.500000,1.403910,0.250000,0.000000,0.355395,0.000000,0.000000,-0.922418,0.000000
4.055000,2.500000,1.405687,0.250000,0.000000,0.350821,0.000000,0.000000,-0.914801,0.000000
4.060000,2.500000,1.407441,0.250000,0.000000,0.346285,0.000000,0.000000,-0.907183,0.000000
4.065000,2.500000,1.409172,0.250000,0.000000,0.341788,0.000000,0.000000,-0.899567,0.000000
4.070000,2.500000,1.410881,0.250000,0.000000,0.337328,0.000000,0.000000,-0.891953,0.000000
4.075000,2.500000,1.412568,0.250000,0.000000,0.332906,0.000000,0.000000,-0.884344,0.000000
4.080000,2.500000,1.414232,0.250000,0.000000,0.328522,0.000000,0.000000,-0.876740,0.000000
4.085000,2.500000,1.415875,0.250000,0.000000,0.324177,0.000000,0.000000,-0.869143,0.000000
4.090000,2.500000,1.417496,0.250000,0.000000,0.319869,0.000000,0.000000,-0.861554,0.000000
4.095000,2.500000,1.419095,0.250000,0.000000,0.315599,0.000000,0.000000,-0.853975,0.000000
4.100000,2.500000,1.420673,0.250000,0.000000,0.311367,0.000000,0.000000,-0.846406,0.000000
4.105000,2.500000,1.422230,0.250000,0.000000,0.307173,0.000000,0.000000,-0.838849,0.000000
4.110000,2.500000,1.423766,0.250000,0.000000,0.303016,0.000000,0.000000,-0.831306,0.000000
4.115000,2.500000,1.425281,0.250000,0.000000,0.298897,0.000000,0.000000,-0.823776,0.000000
4.120000,2.500000,1.426776,0.250000,0.000000,0.294816,0.000000,0.000000,-0.816262,0.000000
4.125000,2.500000,1.428250,0.250000,0.000000,0.290772,0.000000,0.000000,-0.808764,0.000000
4.130000,2.500000,1.429704,0.250000,0.000000,0.286766,0.000000,0.000000,-0.801284,0.000000
4.135000,2.500000,1.431137,0.250000,0.000000,0.282797,0.000000,0.000000,-0.793822,0.000000
4.140000,2.500000,1.432551,0.250000,0.000000,0.278865,0.000000,0.000000,-0.786380,0.000000
4.145000,2.500000,1.433946,0.250000,0.000000,0.274970,0.000000,0.000000,-0.778958,0.000000
4.150000,2.500000,1.435321,0.250000,0.000000,0.271112,0.000000,0.000000,-0.771558,0.000000
4.155000,2.500000,1.436676,0.250000,0.000000,0.267291,0.000000,0.000000,-0.764180,0.000000
4.160000,2.500000,1.438013,0.250000,0.000000,0.263507,0.000000,0.000000,-0.756826,0.000000
4.165000,2.500000,1.439330,0.250000,0.000000,0.259760,0.000000,0.000000,-0.749496,0.000000
4.170000,2.500000,1.440629,0.250000,0.000000,0.256049,0.000000,0.000000,-0.742190,0.000000
4.175000,2.500000,1.441909,0.250000,0.000000,0.252374,0.000000,0.000000,-0.734911,0.000000
4.180000,2.500000,1.443171,0.250000,0.000000,0.248736,0.000000,0.000000,-0.727658,0.000000
4.185000,2.500000,1.444415,0.250000,0.000000,0.245134,0.000000,0.000000,-0.720433,0.000000
4.190000,2.500000,1.445640,0.250000,0.000000,0.241568,0.000000,0.000000,-0.713236,0.000000
4.195000,2.500000,1.446848,0.250000,0.000000,0.238037,0.000000,0.000000,-0.706067,0.000000
4.200000,2.500000,1.448038,0.250000,0.000000,0.234543,0.000000,0.000000,-0.698929,0.000000
4.205000,2.500000,1.449211,0.250000,0.000000,0.231084,0.000000,0.000000,-0.691821,0.000000
4.210000,2.500000,1.450366,0.250000,0.000000,0.227660,0.000000,0.000000,-0.684743,0.000000
4.215000,2.500000,1.451505,0.250000,0.000000,0.224271,0.000000,0.000000,-0.677698,0.000000
4.220000,2.500000,1.452626,0.250000,0.000000,0.220918,0.000000,0.000000,-0.670684,0.000000
4.225000,2.500000,1.453731,0.250000,0.000000,0.217599,0.000000,0.000000,-0.663704,0.000000
4.230000,2.500000,1.454819,0.250000,0.000000,0.214316,0.000000,0.000000,-0.656757,0.000000
4.235000,2.500000,1.455890,0.250000,0.000000,0.211066,0.000000,0.000000,-0.649844,0.000000
4.240000,2.500000,1.456946,0.250000,0.000000,0.207852,0.000000,0.000000,-0.642965,0.000000
4.245000,2.500000,1.457985,0.250000,0.000000,0.204671,0.000000,0.000000,-0.636122,0.000000
4.250000,2.500000,1.459008,0.250000,0.000000,0.201524,0.000000,0.000000,-0.629314,0.000000
4.255000,2.500000,1.460016,0.250000,0.000000,0.198412,0.000000,0.000000,-0.622542,0.000000
4.260000,2.500000,1.461008,0.250000,0.000000,0.195333,0.000000,0.000000,-0.615807,0.000000
4.265000,2.500000,1.461985,0.250000,0.000000,0.192287,0.000000,0.000000,-0.609109,0.000000
4.270000,2.500000,1.462946,0.250000,0.000000,0.189275,0.000000,0.000000,-0.602448,0.000000
4.275000,2.500000,1.463892,0.250000,0.000000,0.186296,0.000000,0.000000,-0.595826,0.000000
4.280000,2.500000,1.464824,0.250000,0.000000,0.183350,0.000000,0.000000,-0.589241,0.000000
4.285000,2.500000,1.465741,0.250000,0.000000,0.180436,0.000000,0.000000,-0.582695,0.000000
4.290000,2.500000,1.466643,0.250000,0.000000,0.177555,0.000000,0.000000,-0.576188,0.000000
4.295000,2.500000,1.467531,0.250000,0.000000,0.174707,0.000000,0.000000,-0.569720,0.000000
4.300000,2.500000,1.468404,0.250000,0.000000,0.171890,0.000000,0.000000,-0.563293,0.000000
4.305000,2.500000,1.469264,0.250000,0.000000,0.169106,0.000000,0.000000,-0.556905,0.000000
4.310000,2.500000,1.470109,0.250000,0.000000,0.166353,0.000000,0.000000,-0.550557,0.000000
4.315000,2.500000,1.470941,0.250000,0.000000,0.163631,0.000000,0.000000,-0.544250,0.000000
4.320000,2.500000,1.471759,0.250000,0.000000,0.160942,0.000000,0.000000,-0.537984,0.000000
4.325000,2.500000,1.472564,0.250000,0.000000,0.158283,0.000000,0.000000,-0.531759,0.000000
4.330000,2.500000,1.473355,0.250000,0.000000,0.155655,0.000000,0.000000,-0.525575,0.000000
4.335000,2.500000,1.474133,0.250000,0.000000,0.153058,0.000000,0.000000,-0.519434,0.000000
4.340000,2.500000,1.474899,0.250000,0.000000,0.150491,0.000000,0.000000,-0.513333,0.000000
4.345000,2.500000,1.475651,0.250000,0.000000,0.147955,0.000000,0.000000,-0.507275,0.000000
4.350000,2.500000,1.476391,0.250000,0.000000,0.145448,0.000000,0.000000,-0.501260,0.000000
4.355000,2.500000,1.477118,0.250000,0.000000,0.142972,0.000000,0.000000,-0.495286,0.000000
4.360000,2.500000,1.477833,0.250000,0.000000,0.140525,0.000000,0.000000,-0.489355,0.000000
4.365000,2.500000,1.478536,0.250000,0.000000,0.138108,0.000000,0.000000,-0.483467,0.000000
4.370000,2.500000,1.479226,0.250000,0.000000,0.135720,0.000000,0.000000,-0.477622,0.000000
4.375000,2.500000,1.479905,0.250000,0.000000,0.133361,0.000000,0.000000,-0.471820,0.000000
4.380000,2.500000,1.480572,0.250000,0.000000,0.131030,0.000000,0.000000,-0.466061,0.000000
8.765000,2.500000,1.481227,0.250000,0.038462,0.128729,0.000000,7.692308,-0.460346,0.000000
8.770000,2.500192,1.481870,0.250000,0.076028,0.126455,0.000000,7.513314,-0.454674,0.000000
8.775000,2.500572,1.482503,0.250000,0.112713,0.124210,0.000000,7.337005,-0.449045,0.000000
8.780000,2.501136,1.483124,0.250000,0.148530,0.121993,0.000000,7.163355,-0.443459,0.000000
8.785000,2.501879,1.483734,0.250000,0.183492,0.119803,0.000000,6.992334,-0.437918,0.000000
8.790000,2.502796,1.484333,0.250000,0.217611,0.117641,0.000000,6.823915,-0.432420,0.000000
8.795000,2.503884,1.484921,0.250000,0.250902,0.115506,0.000000,6.658070,-0.426966,0.000000
8.800000,2.505139,1.485498,0.250000,0.283375,0.113398,0.000000,6.494772,-0.421555,0.000000
8.805000,2.506556,1.486065,0.250000,0.315045,0.111317,0.000000,6.333994,-0.416188,0.000000
8.810000,2.508131,1.486622,0.250000,0.345924,0.109263,0.000000,6.175708,-0.410865,0.000000
8.815000,2.509860,1.487168,0.250000,0.376023,0.107235,0.000000,6.019887,-0.405586,0.000000
8.820000,2.511741,1.487705,0.250000,0.405356,0.105233,0.000000,5.866504,-0.400351,0.000000
8.825000,2.513767,1.488231,0.250000,0.433933,0.103258,0.000000,5.715532,-0.395160,0.000000
8.830000,2.515937,1.488747,0.250000,0.461768,0.101308,0.000000,5.566946,-0.390012,0.000000
8.835000,2.518246,1.489254,0.250000,0.488872,0.099383,0.000000,5.420717,-0.384908,0.000000
8.840000,2.520690,1.489750,0.250000,0.515256,0.097484,0.000000,5.276821,-0.379848,0.000000
8.845000,2.523266,1.490238,0.250000,0.540932,0.095610,0.000000,5.135231,-0.374832,0.000000
8.850000,2.525971,1.490716,0.250000,0.565912,0.093760,0.000000,4.995920,-0.369859,0.000000
8.855000,2.528801,1.491185,0.250000,0.590206,0.091936,0.000000,4.858864,-0.364930,0.000000
8.860000,2.531752,1.491644,0.250000,0.613826,0.090135,0.000000,4.724036,-0.360045,0.000000
8.865000,2.534821,1.492095,0.250000,0.636783,0.088359,0.000000,4.591411,-0.355203,0.000000
8.870000,2.538005,1.492537,0.250000,0.659088,0.086607,0.000000,4.460964,-0.350404,0.000000
8.875000,2.541300,1.492970,0.250000,0.680751,0.084879,0.000000,4.332669,-0.345649,0.000000
8.880000,2.544704,1.493394,0.250000,0.701784,0.083175,0.000000,4.206502,-0.340937,0.000000
8.885000,2.548213,1.493810,0.250000,0.722196,0.081493,0.000000,4.082437,-0.336268,0.000000
8.890000,2.551824,1.494218,0.250000,0.741998,0.079835,0.000000,3.960450,-0.331643,0.000000
8.895000,2.555534,1.494617,0.250000,0.761201,0.078200,0.000000,3.840517,-0.327060,0.000000
8.900000,2.559340,1.495008,0.250000,0.779814,0.076587,0.000000,3.722612,-0.322520,0.000000
8.905000,2.563239,1.495391,0.250000,0.797848,0.074997,0.000000,3.606713,-0.318023,0.000000
8.910000,2.567228,1.495766,0.250000,0.815312,0.073429,0.000000,3.492795,-0.313568,0.000000
8.915000,2.571305,1.496133,0.250000,0.832216,0.071883,0.000000,3.380834,-0.309156,0.000000
8.920000,2.575466,1.496492,0.250000,0.848570,0.070359,0.000000,3.270806,-0.304787,0.000000
8.925000,2.579709,1.496844,0.250000,0.864383,0.068857,0.000000,3.162689,-0.300459,0.000000
8.930000,2.584031,1.497188,0.250000,0.879665,0.067376,0.000000,3.056458,-0.296174,0.000000
8.935000,2.588429,1.497525,0.250000,0.894426,0.065917,0.000000,2.952091,-0.291931,0.000000
8.940000,2.592901,1.497855,0.250000,0.908674,0.064478,0.000000,2.849565,-0.287729,0.000000
8.945000,2.597444,1.498177,0.250000,0.922418,0.063060,0.000000,2.748857,-0.283569,0.000000
8.950000,2.602056,1.498493,0.250000,0.935668,0.061663,0.000000,2.649944,-0.279450,0.000000
8.955000,2.606735,1.498801,0.250000,0.948432,0.060286,0.000000,2.552804,-0.275373,0.000000
8.960000,2.611477,1.499102,0.250000,0.960719,0.058929,0.000000,2.457415,-0.271337,0.000000
8.965000,2.616281,1.499397,0.250000,0.972538,0.057593,0.000000,2.363755,-0.267342,0.000000
8.970000,2.621143,1.499685,0.250000,0.983897,0.056276,0.000000,2.271801,-0.263388,0.000000
8.975000,2.626063,1.499966,0.250000,0.994804,0.054978,0.000000,2.181533,-0.259474,0.000000
8.980000,2.631037,1.500241,0.250000,1.005269,0.053700,0.000000,2.092928,-0.255601,0.000000
8.985000,2.636063,1.500510,0.250000,1.015299,0.052441,0.000000,2.005966,-0.251768,0.000000
8.990000,2.641140,1.500772,0.250000,1.024902,0.051202,0.000000,1.920624,-0.247975,0.000000
8.995000,2.646264,1.501028,0.250000,1.034086,0.049980,0.000000,1.836883,-0.244221,0.000000
9.000000,2.651435,1.501278,0.250000,1.042860,0.048778,0.000000,1.754721,-0.240508,0.000000
9.005000,2.656649,1.501522,0.250000,1.051230,0.047594,0.000000,1.674117,-0.236834,0.000000
9.010000,2.661905,1.501760,0.250000,1.059206,0.046428,0.000000,1.595052,-0.233199,0.000000
9.015000,2.667201,1.501992,0.250000,1.066793,0.045280,0.000000,1.517504,-0.229603,0.000000
9.020000,2.672535,1.502218,0.250000,1.074001,0.044149,0.000000,1.441454,-0.226046,0.000000
9.025000,2.677905,1.502439,0.250000,1.080835,0.043037,0.000000,1.366882,-0.222528,0.000000
9.030000,2.683309,1.502654,0.250000,1.087304,0.041942,0.000000,1.293768,-0.219048,0.000000
9.035000,2.688746,1.502864,0.250000,1.093414,0.040864,0.000000,1.222093,-0.215606,0.000000
9.040000,2.694213,1.503068,0.250000,1.099173,0.039803,0.000000,1.151836,-0.212202,0.000000
9.045000,2.699709,1.503267,0.250000,1.104588,0.038758,0.000000,1.082980,-0.208836,0.000000
9.050000,2.705232,1.503461,0.250000,1.109666,0.037731,0.000000,1.015504,-0.205507,0.000000
9.055000,2.710780,1.503650,0.250000,1.114413,0.036720,0.000000,0.949389,-0.202216,0.000000
9.060000,2.716352,1.503833,0.250000,1.118836,0.035725,0.000000,0.884618,-0.198962,0.000000
9.065000,2.721946,1.504012,0.250000,1.122942,0.034746,0.000000,0.821172,-0.195744,0.000000
9.070000,2.727561,1.504186,0.250000,1.126737,0.033783,0.000000,0.759032,-0.192564,0.000000
9.075000,2.733195,1.504354,0.250000,1.130228,0.032836,0.000000,0.698180,-0.189419,0.000000
9.080000,2.738846,1.504519,0.250000,1.133421,0.031905,0.000000,0.638597,-0.186311,0.000000
9.085000,2.744513,1.504678,0.250000,1.136322,0.030989,0.000000,0.580267,-0.183239,0.000000
9.090000,2.750194,1.504833,0.250000,1.138938,0.030088,0.000000,0.523172,-0.180202,0.000000
9.095000,2.755889,1.504984,0.250000,1.141274,0.029202,0.000000,0.467293,-0.177201,0.000000
9.100000,2.761595,1.505130,0.250000,1.143338,0.028330,0.000000,0.412615,-0.174234,0.000000
9.105000,2.767312,1.505271,0.250000,1.145133,0.027474,0.000000,0.359118,-0.171303,0.000000
9.110000,2.773038,1.505409,0.250000,1.146667,0.026632,0.000000,0.306787,-0.168407,0.000000
9.115000,2.778771,1.505542,0.250000,1.147945,0.025804,0.000000,0.255605,-0.165545,0.000000
9.120000,2.784511,1.505671,0.250000,1.148973,0.024991,0.000000,0.205555,-0.162717,0.000000
9.125000,2.790256,1.505796,0.250000,1.149756,0.024191,0.000000,0.156620,-0.159923,0.000000
9.130000,2.796004,1.505917,0.250000,1.150300,0.023405,0.000000,0.108784,-0.157163,0.000000
9.135000,2.801756,1.506034,0.250000,1.150610,0.022633,0.000000,0.062031,-0.154436,0.000000
9.140000,2.807509,1.506147,0.250000,1.150692,0.021874,0.000000,0.016346,-0.151743,0.000000
9.145000,2.813262,1.506256,0.250000,1.150550,0.021129,0.000000,-0.028289,-0.149083,0.000000
9.150000,2.819015,1.506362,0.250000,1.150191,0.020397,0.000000,-0.071888,-0.146455,0.000000
9.155000,2.824766,1.506464,0.250000,1.149619,0.019677,0.000000,-0.114467,-0.143860,0.000000
9.160000,2.830514,1.506562,0.250000,1.148838,0.018971,0.000000,-0.156042,-0.141297,0.000000
9.165000,2.836258,1.506657,0.250000,1.147855,0.018277,0.000000,-0.196627,-0.138766,0.000000
9.170000,2.841998,1.506748,0.250000,1.146674,0.017596,0.000000,-0.236238,-0.136266,0.000000
9.175000,2.847731,1.506836,0.250000,1.145300,0.016927,0.000000,-0.274889,-0.133798,0.000000
9.180000,2.853458,1.506921,0.250000,1.143737,0.016270,0.000000,-0.312595,-0.131362,0.000000
9.185000,2.859176,1.507002,0.250000,1.141990,0.015625,0.000000,-0.349371,-0.128956,0.000000
9.190000,2.864886,1.507081,0.250000,1.140064,0.014992,0.000000,-0.385232,-0.126581,0.000000
9.195000,2.870587,1.507155,0.250000,1.137963,0.014371,0.000000,-0.420190,-0.124237,0.000000
9.200000,2.876276,1.507227,0.250000,1.135691,0.013761,0.000000,-0.454261,-0.121922,0.000000
9.205000,2.881955,1.507296,0.250000,1.133254,0.013163,0.000000,-0.487459,-0.119638,0.000000
9.210000,2.887621,1.507362,0.250000,1.130655,0.012576,0.000000,-0.519796,-0.117383,0.000000
9.215000,2.893274,1.507425,0.250000,1.127899,0.012000,0.000000,-0.551288,-0.115158,0.000000
9.220000,2.898914,1.507485,0.250000,1.124989,0.011436,0.000000,-0.581947,-0.112962,0.000000
9.225000,2.904539,1.507542,0.250000,1.121930,0.010882,0.000000,-0.611786,-0.110795,0.000000
9.230000,2.910148,1.507596,0.250000,1.118726,0.010338,0.000000,-0.640819,-0.108657,0.000000
9.235000,2.915742,1.507648,0.250000,1.115381,0.009806,0.000000,-0.669059,-0.106547,0.000000
9.240000,2.921319,1.507697,0.250000,1.111898,0.009283,0.000000,-0.696518,-0.104466,0.000000
9.245000,2.926879,1.507744,0.250000,1.108282,0.008771,0.000000,-0.723210,-0.102412,0.000000
9.250000,2.932420,1.507787,0.250000,1.104536,0.008269,0.000000,-0.749147,-0.100386,0.000000
9.255000,2.937943,1.507829,0.250000,1.100664,0.007777,0.000000,-0.774341,-0.098387,0.000000
9.260000,2.943446,1.507868,0.250000,1.096670,0.007295,0.000000,-0.798805,-0.096416,0.000000
9.265000,2.948929,1.507904,0.250000,1.092558,0.006823,0.000000,-0.822550,-0.094472,0.000000
9.270000,2.954392,1.507938,0.250000,1.088330,0.006360,0.000000,-0.845590,-0.092554,0.000000
9.275000,2.959834,1.507970,0.250000,1.083990,0.005907,0.000000,-0.867935,-0.090663,0.000000
9.280000,2.965254,1.508000,0.250000,1.079542,0.005463,0.000000,-0.889598,-0.088798,0.000000
9.285000,2.970651,1.508027,0.250000,1.074989,0.005028,0.000000,-0.910589,-0.086959,0.000000
9.290000,2.976026,1.508052,0.250000,1.070335,0.004602,0.000000,-0.930922,-0.085145,0.000000
9.295000,2.981378,1.508075,0.250000,1.065582,0.004186,0.000000,-0.950605,-0.083357,0.000000
9.300000,2.986706,1.508096,0.250000,1.060733,0.003778,0.000000,-0.969652,-0.081595,0.000000
9.305000,2.992010,1.508115,0.250000,1.055793,0.003378,0.000000,-0.988073,-0.079857,0.000000
9.310000,2.997289,1.508132,0.250000,1.050763,0.002988,0.000000,-1.005879,-0.078144,0.000000
9.315000,3.002542,1.508147,0.250000,1.045648,0.002605,0.000000,-1.023080,-0.076456,0.000000
9.320000,3.007771,1.508160,0.250000,1.040450,0.002231,0.000000,-1.039688,-0.074792,0.000000
9.325000,3.012973,1.508171,0.250000,1.035171,0.001866,0.000000,-1.055712,-0.073151,0.000000
9.330000,3.018149,1.508180,0.250000,1.029815,0.001508,0.000000,-1.071164,-0.071535,0.000000
9.335000,3.023298,1.508188,0.250000,1.024385,0.001158,0.000000,-1.086053,-0.069942,0.000000
9.340000,3.028420,1.508194,0.250000,1.018883,0.000816,0.000000,-1.100390,-0.068373,0.000000
9.345000,3.033514,1.508198,0.250000,1.013312,0.000482,0.000000,-1.114184,-0.066826,0.000000
9.350000,3.038581,1.508200,0.250000,1.007675,0.000156,0.000000,-1.127446,-0.065303,0.000000
9.355000,3.043619,1.508201,0.250000,1.001974,-0.000163,0.000000,-1.140184,-0.063802,0.000000
9.360000,3.048629,1.508200,0.250000,0.996212,-0.000475,0.000000,-1.152410,-0.062323,0.000000
9.365000,3.053610,1.508198,0.250000,0.990391,-0.000779,0.000000,-1.164132,-0.060867,0.000000
9.370000,3.058562,1.508194,0.250000,0.984514,-0.001076,0.000000,-1.175359,-0.059432,0.000000
9.375000,3.063484,1.508188,0.250000,0.978584,-0.001367,0.000000,-1.186101,-0.058019,0.000000
9.380000,3.068377,1.508182,0.250000,0.972602,-0.001650,0.000000,-1.196368,-0.056628,0.000000
9.385000,3.073240,1.508173,0.250000,0.966571,-0.001926,0.000000,-1.206167,-0.055257,0.000000
9.390000,3.078073,1.508164,0.250000,0.960494,-0.002196,0.000000,-1.215508,-0.053908,0.000000
9.395000,3.082876,1.508153,0.250000,0.954372,-0.002458,0.000000,-1.224400,-0.052580,0.000000
9.400000,3.087648,1.508140,0.250000,0.948207,-0.002715,0.000000,-1.232851,-0.051272,0.000000
9.405000,3.092389,1.508127,0.250000,0.942003,-0.002965,0.000000,-1.240870,-0.049984,0.000000
9.410000,3.097099,1.508112,0.250000,0.935761,-0.003208,0.000000,-1.248466,-0.048717,0.000000
9.415000,3.101777,1.508096,0.250000,0.929483,-0.003446,0.000000,-1.255646,-0.047469,0.000000
9.420000,3.106425,1.508079,0.250000,0.923170,-0.003677,0.000000,-1.262419,-0.046241,0.000000
9.425000,3.111041,1.508060,0.250000,0.916827,-0.003902,0.000000,-1.268793,-0.045032,0.000000
9.430000,3.115625,1.508041,0.250000,0.910453,-0.004121,0.000000,-1.274775,-0.043843,0.000000
9.435000,3.120177,1.508020,0.250000,0.904051,-0.004335,0.000000,-1.280375,-0.042673,0.000000
9.440000,3.124697,1.507999,0.250000,0.897623,-0.004542,0.000000,-1.285599,-0.041521,0.000000
9.445000,3.129185,1.507976,0.250000,0.891171,-0.004744,0.000000,-1.290455,-0.040389,0.000000
9.450000,3.133641,1.507952,0.250000,0.884696,-0.004940,0.000000,-1.294951,-0.039274,0.000000
9.455000,3.138065,1.507927,0.250000,0.878200,-0.005131,0.000000,-1.299094,-0.038178,0.000000
9.460000,3.142456,1.507902,0.250000,0.871686,-0.005317,0.000000,-1.302892,-0.037099,0.000000
9.465000,3.146814,1.507875,0.250000,0.865154,-0.005497,0.000000,-1.306352,-0.036039,0.000000
9.470000,3.151140,1.507848,0.250000,0.858607,-0.005672,0.000000,-1.309480,-0.034996,0.000000
9.475000,3.155433,1.507819,0.250000,0.852045,-0.005842,0.000000,-1.312285,-0.033970,0.000000
9.480000,3.159693,1.507790,0.250000,0.845471,-0.006007,0.000000,-1.314773,-0.032961,0.000000
9.485000,3.163921,1.507760,0.250000,0.838887,-0.006167,0.000000,-1.316950,-0.031970,0.000000
9.490000,3.168115,1.507729,0.250000,0.832293,-0.006322,0.000000,-1.318823,-0.030995,0.000000
9.495000,3.172277,1.507698,0.250000,0.825691,-0.006472,0.000000,-1.320400,-0.030036,0.000000
9.500000,3.176405,1.507665,0.250000,0.819082,-0.006617,0.000000,-1.321687,-0.029094,0.000000
9.505000,3.180500,1.507632,0.250000,0.812469,-0.006758,0.000000,-1.322690,-0.028168,0.000000
9.510000,3.184563,1.507598,0.250000,0.805852,-0.006894,0.000000,-1.323415,-0.027258,0.000000
9.515000,3.188592,1.507564,0.250000,0.799232,-0.007026,0.000000,-1.323869,-0.026364,0.000000
9.520000,3.192588,1.507529,0.250000,0.792612,-0.007154,0.000000,-1.324058,-0.025485,0.000000
9.525000,3.196551,1.507493,0.250000,0.785992,-0.007277,0.000000,-1.323987,-0.024622,0.000000
9.530000,3.200481,1.507457,0.250000,0.779374,-0.007396,0.000000,-1.323664,-0.023774,0.000000
9.535000,3.204378,1.507420,0.250000,0.772758,-0.007510,0.000000,-1.323094,-0.022941,0.000000
9.540000,3.208242,1.507382,0.250000,0.766147,-0.007621,0.000000,-1.322283,-0.022123,0.000000
9.545000,3.212073,1.507344,0.250000,0.759541,-0.007727,0.000000,-1.321236,-0.021319,0.000000
9.550000,3.215870,1.507305,0.250000,0.752941,-0.007830,0.000000,-1.319959,-0.020530,0.000000
9.555000,3.219635,1.507266,0.250000,0.746349,-0.007929,0.000000,-1.318457,-0.019755,0.000000
9.560000,3.223367,1.507227,0.250000,0.739765,-0.008024,0.000000,-1.316737,-0.018994,0.000000
9.565000,3.227066,1.507186,0.250000,0.733191,-0.008115,0.000000,-1.314803,-0.018247,0.000000
9.570000,3.230732,1.507146,0.250000,0.726628,-0.008203,0.000000,-1.312661,-0.017514,0.000000
9.575000,3.234365,1.507105,0.250000,0.720076,-0.008287,0.000000,-1.310316,-0.016794,0.000000
9.580000,3.237965,1.507063,0.250000,0.713537,-0.008367,0.000000,-1.307774,-0.016088,0.000000
9.585000,3.241533,1.507022,0.250000,0.707012,-0.008444,0.000000,-1.305038,-0.015395,0.000000
9.590000,3.245068,1.506979,0.250000,0.700501,-0.008518,0.000000,-1.302114,-0.014715,0.000000
9.595000,3.248570,1.506937,0.250000,0.694006,-0.008588,0.000000,-1.299008,-0.014048,0.000000
9.600000,3.252040,1.506894,0.250000,0.687528,-0.008655,0.000000,-1.295723,-0.013393,0.000000
9.605000,3.255478,1.506851,0.250000,0.681066,-0.008719,0.000000,-1.292266,-0.012751,0.000000
9.610000,3.258883,1.506807,0.250000,0.674623,-0.008779,0.000000,-1.288639,-0.012122,0.000000
9.615000,3.262256,1.506763,0.250000,0.668199,-0.008837,0.000000,-1.284848,-0.011504,0.000000
9.620000,3.265597,1.506719,0.250000,0.661794,-0.008891,0.000000,-1.280898,-0.010899,0.000000
9.625000,3.268906,1.506674,0.250000,0.655410,-0.008943,0.000000,-1.276792,-0.010306,0.000000
9.630000,3.272183,1.506630,0.250000,0.649048,-0.008991,0.000000,-1.272536,-0.009724,0.000000
9.635000,3.275429,1.506585,0.250000,0.642707,-0.009037,0.000000,-1.268133,-0.009154,0.000000
9.640000,3.278642,1.506540,0.250000,0.636389,-0.009080,0.000000,-1.263588,-0.008595,0.000000
9.645000,3.281824,1.506494,0.250000,0.630095,-0.009120,0.000000,-1.258905,-0.008047,0.000000
9.650000,3.284975,1.506449,0.250000,0.623824,-0.009158,0.000000,-1.254087,-0.007511,0.000000
9.655000,3.288094,1.506403,0.250000,0.617578,-0.009193,0.000000,-1.249140,-0.006985,0.000000
9.660000,3.291182,1.506357,0.250000,0.611358,-0.009225,0.000000,-1.244067,-0.006470,0.000000
9.665000,3.294238,1.506311,0.250000,0.605164,-0.009255,0.000000,-1.238871,-0.005966,0.000000
9.670000,3.297264,1.506264,0.250000,0.598996,-0.009282,0.000000,-1.233558,-0.005473,0.000000
9.675000,3.300259,1.506218,0.250000,0.592855,-0.009307,0.000000,-1.228129,-0.004989,0.000000
9.680000,3.303223,1.506171,0.250000,0.586742,-0.009330,0.000000,-1.222590,-0.004516,0.000000
9.685000,3.306157,1.506125,0.250000,0.580658,-0.009350,0.000000,-1.216943,-0.004053,0.000000
9.690000,3.309060,1.506078,0.250000,0.574602,-0.009368,0.000000,-1.211193,-0.003600,0.000000
9.695000,3.311933,1.506031,0.250000,0.568575,-0.009384,0.000000,-1.205342,-0.003157,0.000000
9.700000,3.314776,1.505984,0.250000,0.562578,-0.009398,0.000000,-1.199395,-0.002723,0.000000
9.705000,3.317589,1.505937,0.250000,0.556611,-0.009409,0.000000,-1.193354,-0.002299,0.000000
9.710000,3.320372,1.505890,0.250000,0.550675,-0.009418,0.000000,-1.187224,-0.001884,0.000000
9.715000,3.323126,1.505843,0.250000,0.544770,-0.009426,0.000000,-1.181006,-0.001478,0.000000
9.720000,3.325850,1.505796,0.250000,0.538897,-0.009431,0.000000,-1.174705,-0.001081,0.000000
9.725000,3.328544,1.505749,0.250000,0.533055,-0.009435,0.000000,-1.168323,-0.000694,0.000000
9.730000,3.331209,1.505702,0.250000,0.527246,-0.009436,0.000000,-1.161864,-0.000315,0.000000
9.735000,3.333846,1.505655,0.250000,0.521469,-0.009436,0.000000,-1.155330,0.000056,0.000000
9.740000,3.336453,1.505607,0.250000,0.515725,-0.009434,0.000000,-1.148725,0.000417,0.000000
9.745000,3.339031,1.505560,0.250000,0.510015,-0.009430,0.000000,-1.142052,0.000770,0.000000
9.750000,3.341582,1.505513,0.250000,0.504339,-0.009424,0.000000,-1.135313,0.001115,0.000000
9.755000,3.344103,1.505466,0.250000,0.498696,-0.009417,0.000000,-1.128511,0.001452,0.000000
9.760000,3.346597,1.505419,0.250000,0.493088,-0.009408,0.000000,-1.121649,0.001781,0.000000
9.765000,3.349062,1.505372,0.250000,0.487514,-0.009398,0.000000,-1.114730,0.002101,0.000000
9.770000,3.351500,1.505325,0.250000,0.481975,-0.009386,0.000000,-1.107756,0.002414,0.000000
9.775000,3.353910,1.505278,0.250000,0.476472,-0.009372,0.000000,-1.100729,0.002720,0.000000
9.780000,3.356292,1.505231,0.250000,0.471003,-0.009357,0.000000,-1.093654,0.003017,0.000000
9.785000,3.358647,1.505184,0.250000,0.465571,-0.009341,0.000000,-1.086531,0.003308,0.000000
9.790000,3.360975,1.505138,0.250000,0.460174,-0.009323,0.000000,-1.079364,0.003591,0.000000
9.795000,3.363276,1.505091,0.250000,0.454813,-0.009303,0.000000,-1.072155,0.003866,0.000000
9.800000,3.365550,1.505044,0.250000,0.449489,-0.009283,0.000000,-1.064905,0.004135,0.000000
9.805000,3.367797,1.504998,0.250000,0.444201,-0.009261,0.000000,-1.057619,0.004396,0.000000
9.810000,3.370018,1.504952,0.250000,0.438949,-0.009237,0.000000,-1.050297,0.004651,0.000000
9.815000,3.372213,1.504906,0.250000,0.433734,-0.009213,0.000000,-1.042942,0.004899,0.000000
9.820000,3.374382,1.504859,0.250000,0.428557,-0.009187,0.000000,-1.035556,0.005140,0.000000
9.825000,3.376524,1.504814,0.250000,0.423416,-0.009160,0.000000,-1.028141,0.005375,0.000000
9.830000,3.378642,1.504768,0.250000,0.418312,-0.009132,0.000000,-1.020700,0.005603,0.000000
9.835000,3.380733,1.504722,0.250000,0.413246,-0.009103,0.000000,-1.013235,0.005825,0.000000
9.840000,3.382799,1.504677,0.250000,0.408217,-0.009073,0.000000,-1.005746,0.006041,0.000000
9.845000,3.384840,1.504631,0.250000,0.403226,-0.009042,0.000000,-0.998238,0.006251,0.000000
9.850000,3.386857,1.504586,0.250000,0.398273,-0.009009,0.000000,-0.990710,0.006454,0.000000
9.855000,3.388848,1.504541,0.250000,0.393357,-0.008976,0.000000,-0.983166,0.006652,0.000000
9.860000,3.390815,1.504496,0.250000,0.388479,-0.008942,0.000000,-0.975606,0.006843,0.000000
9.865000,3.392757,1.504451,0.250000,0.383639,-0.008907,0.000000,-0.968034,0.007029,0.000000
9.870000,3.394675,1.504407,0.250000,0.378836,-0.008871,0.000000,-0.960450,0.007210,0.000000
9.875000,3.396569,1.504362,0.250000,0.374072,-0.008834,0.000000,-0.952856,0.007385,0.000000
9.880000,3.398440,1.504318,0.250000,0.369346,-0.008796,0.000000,-0.945255,0.007554,0.000000
9.885000,3.400287,1.504274,0.250000,0.364658,-0.008757,0.000000,-0.937647,0.007718,0.000000
9.890000,3.402110,1.504230,0.250000,0.360007,-0.008718,0.000000,-0.930034,0.007877,0.000000
9.895000,3.403910,1.504187,0.250000,0.355395,-0.008678,0.000000,-0.922418,0.008030,0.000000
9.900000,3.405687,1.504144,0.250000,0.350821,-0.008637,0.000000,-0.914801,0.008179,0.000000
9.905000,3.407441,1.504100,0.250000,0.346285,-0.008595,0.000000,-0.907183,0.008322,0.000000
9.910000,3.409172,1.504057,0.250000,0.341788,-0.008553,0.000000,-0.899567,0.008461,0.000000
9.915000,3.410881,1.504015,0.250000,0.337328,-0.008510,0.000000,-0.891953,0.008594,0.000000
9.920000,3.412568,1.503972,0.250000,0.332906,-0.008467,0.000000,-0.884344,0.008723,0.000000
9.925000,3.414232,1.503930,0.250000,0.328522,-0.008422,0.000000,-0.876740,0.008848,0.000000
9.930000,3.415875,1.503888,0.250000,0.324177,-0.008377,0.000000,-0.869143,0.008967,0.000000
9.935000,3.417496,1.503846,0.250000,0.319869,-0.008332,0.000000,-0.861554,0.009083,0.000000
9.940000,3.419095,1.503804,0.250000,0.315599,-0.008286,0.000000,-0.853975,0.009194,0.000000
9.945000,3.420673,1.503763,0.250000,0.311367,-0.008240,0.000000,-0.846406,0.009300,0.000000
9.950000,3.422230,1.503721,0.250000,0.307173,-0.008193,0.000000,-0.838849,0.009402,0.000000
9.955000,3.423766,1.503680,0.250000,0.303016,-0.008145,0.000000,-0.831306,0.009500,0.000000
9.960000,3.425281,1.503640,0.250000,0.298897,-0.008097,0.000000,-0.823776,0.009595,0.000000
9.965000,3.426776,1.503599,0.250000,0.294816,-0.008049,0.000000,-0.816262,0.009685,0.000000
9.970000,3.428250,1.503559,0.250000,0.290772,-0.008000,0.000000,-0.808764,0.009771,0.000000
9.975000,3.429704,1.503519,0.250000,0.286766,-0.007951,0.000000,-0.801284,0.009853,0.000000
9.980000,3.431137,1.503479,0.250000,0.282797,-0.007901,0.000000,-0.793822,0.009931,0.000000
9.985000,3.432551,1.503440,0.250000,0.278865,-0.007851,0.000000,-0.786380,0.010006,0.000000
9.990000,3.433946,1.503400,0.250000,0.274970,-0.007800,0.000000,-0.778958,0.010077,0.000000
9.995000,3.435321,1.503361,0.250000,0.271112,-0.007750,0.000000,-0.771558,0.010144,0.000000
10.000000,3.436676,1.503323,0.250000,0.267291,-0.007699,0.000000,-0.764180,0.010208,0.000000
10.005000,3.438013,1.503284,0.250000,0.263507,-0.007647,0.000000,-0.756826,0.010269,0.000000
10.010000,3.439330,1.503246,0.250000,0.259760,-0.007596,0.000000,-0.749496,0.010326,0.000000
10.015000,3.440629,1.503208,0.250000,0.256049,-0.007544,0.000000,-0.742190,0.010380,0.000000
10.020000,3.441909,1.503170,0.250000,0.252374,-0.007492,0.000000,-0.734911,0.010431,0.000000
10.025000,3.443171,1.503133,0.250000,0.248736,-0.007439,0.000000,-0.727658,0.010478,0.000000
10.030000,3.444415,1.503096,0.250000,0.245134,-0.007387,0.000000,-0.720433,0.010522,0.000000
10.035000,3.445640,1.503059,0.250000,0.241568,-0.007334,0.000000,-0.713236,0.010564,0.000000
10.040000,3.446848,1.503022,0.250000,0.238037,-0.007281,0.000000,-0.706067,0.010602,0.000000
10.045000,3.448038,1.502986,0.250000,0.234543,-0.007228,0.000000,-0.698929,0.010637,0.000000
10.050000,3.449211,1.502950,0.250000,0.231084,-0.007174,0.000000,-0.691821,0.010670,0.000000
10.055000,3.450366,1.502914,0.250000,0.227660,-0.007121,0.000000,-0.684743,0.010699,0.000000
10.060000,3.451505,1.502878,0.250000,0.224271,-0.007067,0.000000,-0.677698,0.010726,0.000000
10.065000,3.452626,1.502843,0.250000,0.220918,-0.007013,0.000000,-0.670684,0.010751,0.000000
10.070000,3.453731,1.502808,0.250000,0.217599,-0.006960,0.000000,-0.663704,0.010772,0.000000
10.075000,3.454819,1.502773,0.250000,0.214316,-0.006906,0.000000,-0.656757,0.010791,0.000000
10.080000,3.455890,1.502738,0.250000,0.211066,-0.006852,0.000000,-0.649844,0.010808,0.000000
10.085000,3.456946,1.502704,0.250000,0.207852,-0.006797,0.000000,-0.642965,0.010822,0.000000
10.090000,3.457985,1.502670,0.250000,0.204671,-0.006743,0.000000,-0.636122,0.010834,0.000000
10.095000,3.459008,1.502636,0.250000,0.201524,-0.006689,0.000000,-0.629314,0.010843,0.000000
10.100000,3.460016,1.502603,0.250000,0.198412,-0.006635,0.000000,-0.622542,0.010850,0.000000
10.105000,3.461008,1.502570,0.250000,0.195333,-0.006581,0.000000,-0.615807,0.010855,0.000000
10.110000,3.461985,1.502537,0.250000,0.192287,-0.006526,0.000000,-0.609109,0.010858,0.000000
10.115000,3.462946,1.502504,0.250000,0.189275,-0.006472,0.000000,-0.602448,0.010858,0.000000
10.120000,3.463892,1.502472,0.250000,0.186296,-0.006418,0.000000,-0.595826,0.010856,0.000000
10.125000,3.464824,1.502440,0.250000,0.183350,-0.006363,0.000000,-0.589241,0.010853,0.000000
10.130000,3.465741,1.502408,0.250000,0.180436,-0.006309,0.000000,-0.582695,0.010847,0.000000
10.135000,3.466643,1.502376,0.250000,0.177555,-0.006255,0.000000,-0.576188,0.010839,0.000000
10.140000,3.467531,1.502345,0.250000,0.174707,-0.006201,0.000000,-0.569720,0.010830,0.000000
10.145000,3.468404,1.502314,0.250000,0.171890,-0.006147,0.000000,-0.563293,0.010818,0.000000
10.150000,3.469264,1.502283,0.250000,0.169106,-0.006093,0.000000,-0.556905,0.010805,0.000000
10.155000,3.470109,1.502253,0.250000,0.166353,-0.006039,0.000000,-0.550557,0.010790,0.000000
10.160000,3.470941,1.502223,0.250000,0.163631,-0.005985,0.000000,-0.544250,0.010773,0.000000
10.165000,3.471759,1.502193,0.250000,0.160942,-0.005931,0.000000,-0.537984,0.010755,0.000000
10.170000,3.472564,1.502163,0.250000,0.158283,-0.005877,0.000000,-0.531759,0.010735,0.000000
10.175000,3.473355,1.502134,0.250000,0.155655,-0.005824,0.000000,-0.525575,0.010713,0.000000
10.180000,3.474133,1.502105,0.250000,0.153058,-0.005770,0.000000,-0.519434,0.010690,0.000000
10.185000,3.474899,1.502076,0.250000,0.150491,-0.005717,0.000000,-0.513333,0.010665,0.000000
10.190000,3.475651,1.502047,0.250000,0.147955,-0.005664,0.000000,-0.507275,0.010639,0.000000
10.195000,3.476391,1.502019,0.250000,0.145448,-0.005611,0.000000,-0.501260,0.010611,0.000000
10.200000,3.477118,1.501991,0.250000,0.142972,-0.005558,0.000000,-0.495286,0.010582,0.000000
10.205000,3.477833,1.501963,0.250000,0.140525,-0.005505,0.000000,-0.489355,0.010552,0.000000
10.210000,3.478536,1.501936,0.250000,0.138108,-0.005453,0.000000,-0.483467,0.010520,0.000000
10.215000,3.479226,1.501908,0.250000,0.135720,-0.005400,0.000000,-0.477622,0.010487,0.000000
10.220000,3.479905,1.501881,0.250000,0.133361,-0.005348,0.000000,-0.471820,0.010453,0.000000
10.225000,3.480572,1.501855,0.250000,0.131030,-0.005296,0.000000,-0.466061,0.010417,0.000000
16.075000,3.481227,1.501828,0.250000,0.167190,-0.005244,0.000000,7.231962,0.010380,0.000000
16.080000,3.482063,1.501802,0.250000,0.202483,-0.005192,0.000000,7.058640,0.010343,0.000000
16.085000,3.483075,1.501776,0.250000,0.236923,-0.005141,0.000000,6.887961,0.010304,0.000000
16.090000,3.484260,1.501750,0.250000,0.270523,-0.005089,0.000000,6.719895,0.010264,0.000000
16.095000,3.485612,1.501725,0.250000,0.303295,-0.005038,0.000000,6.554416,0.010222,0.000000
16.100000,3.487129,1.501699,0.250000,0.335252,-0.004987,0.000000,6.391495,0.010180,0.000000
16.105000,3.488805,1.501675,0.250000,0.366408,-0.004937,0.000000,6.231105,0.010137,0.000000
16.110000,3.490637,1.501650,0.250000,0.396774,-0.004886,0.000000,6.073217,0.010093,0.000000
16.115000,3.492621,1.501625,0.250000,0.426363,-0.004836,0.000000,5.917806,0.010048,0.000000
16.120000,3.494753,1.501601,0.250000,0.455187,-0.004786,0.000000,5.764842,0.010002,0.000000
16.125000,3.497029,1.501577,0.250000,0.483259,-0.004736,0.000000,5.614300,0.009956,0.000000
16.130000,3.499445,1.501554,0.250000,0.510589,-0.004687,0.000000,5.466153,0.009908,0.000000
16.135000,3.501998,1.501530,0.250000,0.537191,-0.004637,0.000000,5.320373,0.009860,0.000000
16.140000,3.504684,1.501507,0.250000,0.563076,-0.004588,0.000000,5.176934,0.009810,0.000000
16.145000,3.507499,1.501484,0.250000,0.588255,-0.004539,0.000000,5.035809,0.009760,0.000000
16.150000,3.510441,1.501461,0.250000,0.612740,-0.004491,0.000000,4.896973,0.009710,0.000000
16.155000,3.513504,1.501439,0.250000,0.636542,-0.004443,0.000000,4.760399,0.009658,0.000000
16.160000,3.516687,1.501417,0.250000,0.659672,-0.004395,0.000000,4.626061,0.009606,0.000000
16.165000,3.519985,1.501395,0.250000,0.682142,-0.004347,0.000000,4.493934,0.009554,0.000000
16.170000,3.523396,1.501373,0.250000,0.703962,-0.004299,0.000000,4.363992,0.009500,0.000000
16.175000,3.526916,1.501352,0.250000,0.725143,-0.004252,0.000000,4.236209,0.009447,0.000000
16.180000,3.530542,1.501330,0.250000,0.745695,-0.004205,0.000000,4.110560,0.009392,0.000000
16.185000,3.534270,1.501309,0.250000,0.765631,-0.004158,0.000000,3.987020,0.009337,0.000000
16.190000,3.538098,1.501288,0.250000,0.784958,-0.004112,0.000000,3.865565,0.009282,0.000000
16.195000,3.542023,1.501268,0.250000,0.803689,-0.004066,0.000000,3.746169,0.009226,0.000000
16.200000,3.546041,1.501248,0.250000,0.821833,-0.004020,0.000000,3.628808,0.009169,0.000000
16.205000,3.550151,1.501227,0.250000,0.839401,-0.003974,0.000000,3.513457,0.009112,0.000000
16.210000,3.554348,1.501208,0.250000,0.856401,-0.003929,0.000000,3.400092,0.009055,0.000000
16.215000,3.558630,1.501188,0.250000,0.872845,-0.003884,0.000000,3.288690,0.008997,0.000000
16.220000,3.562994,1.501169,0.250000,0.888741,-0.003840,0.000000,3.179226,0.008939,0.000000
16.225000,3.567438,1.501149,0.250000,0.904099,-0.003795,0.000000,3.071677,0.008880,0.000000
16.230000,3.571958,1.501130,0.250000,0.918929,-0.003751,0.000000,2.966019,0.008821,0.000000
16.235000,3.576553,1.501112,0.250000,0.933240,-0.003707,0.000000,2.862229,0.008762,0.000000
16.240000,3.581219,1.501093,0.250000,0.947042,-0.003664,0.000000,2.760284,0.008702,0.000000
16.245000,3.585954,1.501075,0.250000,0.960342,-0.003621,0.000000,2.660161,0.008642,0.000000
16.250000,3.590756,1.501057,0.250000,0.973152,-0.003578,0.000000,2.561836,0.008582,0.000000
16.255000,3.595622,1.501039,0.250000,0.985478,-0.003535,0.000000,2.465288,0.008522,0.000000
16.260000,3.600549,1.501021,0.250000,0.997331,-0.003493,0.000000,2.370494,0.008461,0.000000
16.265000,3.605536,1.501004,0.250000,1.008718,-0.003451,0.000000,2.277431,0.008400,0.000000
16.270000,3.610579,1.500986,0.250000,1.019648,-0.003409,0.000000,2.186078,0.008339,0.000000
16.275000,3.615677,1.500969,0.250000,1.030130,-0.003368,0.000000,2.096413,0.008278,0.000000
16.280000,3.620828,1.500952,0.250000,1.040172,-0.003327,0.000000,2.008414,0.008216,0.000000
16.285000,3.626029,1.500936,0.250000,1.049783,-0.003286,0.000000,1.922059,0.008154,0.000000
16.290000,3.631278,1.500919,0.250000,1.058969,-0.003245,0.000000,1.837328,0.008093,0.000000
16.295000,3.636573,1.500903,0.250000,1.067740,-0.003205,0.000000,1.754198,0.008031,0.000000
16.300000,3.641911,1.500887,0.250000,1.076103,-0.003165,0.000000,1.672650,0.007969,0.000000
16.305000,3.647292,1.500871,0.250000,1.084067,-0.003126,0.000000,1.592662,0.007906,0.000000
16.310000,3.652712,1.500856,0.250000,1.091638,-0.003087,0.000000,1.514213,0.007844,0.000000
16.315000,3.658170,1.500840,0.250000,1.098824,-0.003048,0.000000,1.437284,0.007782,0.000000
16.320000,3.663665,1.500825,0.250000,1.105633,-0.003009,0.000000,1.361853,0.007720,0.000000
16.325000,3.669193,1.500810,0.250000,1.112073,-0.002971,0.000000,1.287901,0.007657,0.000000
16.330000,3.674753,1.500795,0.250000,1.118150,-0.002933,0.000000,1.215408,0.007595,0.000000
16.335000,3.680344,1.500780,0.250000,1.123872,-0.002895,0.000000,1.144355,0.007532,0.000000
16.340000,3.685963,1.500766,0.250000,1.129245,-0.002858,0.000000,1.074721,0.007470,0.000000
16.345000,3.691609,1.500752,0.250000,1.134278,-0.002821,0.000000,1.006487,0.007407,0.000000
16.350000,3.697281,1.500738,0.250000,1.138976,-0.002784,0.000000,0.939634,0.007345,0.000000
16.355000,3.702976,1.500724,0.250000,1.143347,-0.002748,0.000000,0.874144,0.007282,0.000000
16.360000,3.708692,1.500710,0.250000,1.147397,-0.002711,0.000000,0.809996,0.007220,0.000000
16.365000,3.714429,1.500696,0.250000,1.151133,-0.002676,0.000000,0.747173,0.007158,0.000000
16.370000,3.720185,1.500683,0.250000,1.154561,-0.002640,0.000000,0.685657,0.007095,0.000000
16.375000,3.725958,1.500670,0.250000,1.157688,-0.002605,0.000000,0.625428,0.007033,0.000000
16.380000,3.731746,1.500657,0.250000,1.160520,-0.002570,0.000000,0.566468,0.006971,0.000000
16.385000,3.737549,1.500644,0.250000,1.163064,-0.002536,0.000000,0.508760,0.006909,0.000000
16.390000,3.743364,1.500631,0.250000,1.165326,-0.002501,0.000000,0.452286,0.006847,0.000000
16.395000,3.749191,1.500619,0.250000,1.167311,-0.002467,0.000000,0.397029,0.006785,0.000000
16.400000,3.755027,1.500606,0.250000,1.169026,-0.002434,0.000000,0.342970,0.006724,0.000000
16.405000,3.760873,1.500594,0.250000,1.170476,-0.002401,0.000000,0.290093,0.006662,0.000000
16.410000,3.766725,1.500582,0.250000,1.171668,-0.002368,0.000000,0.238380,0.006601,0.000000
16.415000,3.772583,1.500570,0.250000,1.172607,-0.002335,0.000000,0.187815,0.006539,0.000000
16.420000,3.778446,1.500559,0.250000,1.173299,-0.002302,0.000000,0.138380,0.006478,0.000000
16.425000,3.784313,1.500547,0.250000,1.173749,-0.002270,0.000000,0.090060,0.006417,0.000000
16.430000,3.790182,1.500536,0.250000,1.173963,-0.002239,0.000000,0.042838,0.006357,0.000000
16.435000,3.796051,1.500525,0.250000,1.173947,-0.002207,0.000000,-0.003303,0.006296,0.000000
16.440000,3.801921,1.500514,0.250000,1.173705,-0.002176,0.000000,-0.048379,0.006236,0.000000
16.445000,3.807790,1.500503,0.250000,1.173243,-0.002145,0.000000,-0.092405,0.006175,0.000000
16.450000,3.813656,1.500492,0.250000,1.172566,-0.002114,0.000000,-0.135397,0.006115,0.000000
16.455000,3.819519,1.500481,0.250000,1.171679,-0.002084,0.000000,-0.177371,0.006056,0.000000
16.460000,3.825377,1.500471,0.250000,1.170587,-0.002054,0.000000,-0.218343,0.005996,0.000000
16.465000,3.831230,1.500461,0.250000,1.169296,-0.002025,0.000000,-0.258327,0.005937,0.000000
16.470000,3.837077,1.500451,0.250000,1.167809,-0.001995,0.000000,-0.297338,0.005878,0.000000
16.475000,3.842916,1.500441,0.250000,1.166132,-0.001966,0.000000,-0.335392,0.005819,0.000000
16.480000,3.848746,1.500431,0.250000,1.164270,-0.001937,0.000000,-0.372504,0.005760,0.000000
16.485000,3.854568,1.500421,0.250000,1.162226,-0.001909,0.000000,-0.408687,0.005702,0.000000
16.490000,3.860379,1.500412,0.250000,1.160006,-0.001881,0.000000,-0.443957,0.005643,0.000000
16.495000,3.866179,1.500402,0.250000,1.157615,-0.001853,0.000000,-0.478327,0.005586,0.000000
16.500000,3.871967,1.500393,0.250000,1.155056,-0.001825,0.000000,-0.511813,0.005528,0.000000
16.505000,3.877742,1.500384,0.250000,1.152334,-0.001798,0.000000,-0.544427,0.005471,0.000000
16.510000,3.883504,1.500375,0.250000,1.149453,-0.001771,0.000000,-0.576184,0.005413,0.000000
16.515000,3.889251,1.500366,0.250000,1.146417,-0.001744,0.000000,-0.607097,0.005357,0.000000
16.520000,3.894983,1.500357,0.250000,1.143231,-0.001717,0.000000,-0.637180,0.005300,0.000000
16.525000,3.900699,1.500349,0.250000,1.139899,-0.001691,0.000000,-0.666446,0.005244,0.000000
16.530000,3.906399,1.500340,0.250000,1.136424,-0.001665,0.000000,-0.694909,0.005188,0.000000
16.535000,3.912081,1.500332,0.250000,1.132812,-0.001639,0.000000,-0.722581,0.005132,0.000000
16.540000,3.917745,1.500324,0.250000,1.129064,-0.001614,0.000000,-0.749476,0.005077,0.000000
16.545000,3.923390,1.500316,0.250000,1.125186,-0.001589,0.000000,-0.775606,0.005022,0.000000
16.550000,3.929016,1.500308,0.250000,1.121181,-0.001564,0.000000,-0.800984,0.004967,0.000000
16.555000,3.934622,1.500300,0.250000,1.117053,-0.001540,0.000000,-0.825622,0.004912,0.000000
16.560000,3.940207,1.500292,0.250000,1.112805,-0.001515,0.000000,-0.849533,0.004858,0.000000
16.565000,3.945771,1.500285,0.250000,1.108442,-0.001491,0.000000,-0.872728,0.004804,0.000000
16.570000,3.951314,1.500277,0.250000,1.103966,-0.001467,0.000000,-0.895221,0.004751,0.000000
16.575000,3.956833,1.500270,0.250000,1.099381,-0.001444,0.000000,-0.917022,0.004698,0.000000
16.580000,3.962330,1.500263,0.250000,1.094690,-0.001421,0.000000,-0.938144,0.004645,0.000000
16.585000,3.967804,1.500255,0.250000,1.089897,-0.001398,0.000000,-0.958598,0.004592,0.000000
16.590000,3.973253,1.500248,0.250000,1.085005,-0.001375,0.000000,-0.978395,0.004540,0.000000
16.595000,3.978678,1.500242,0.250000,1.080017,-0.001353,0.000000,-0.997548,0.004488,0.000000
16.600000,3.984078,1.500235,0.250000,1.074937,-0.001330,0.000000,-1.016067,0.004437,0.000000
16.605000,3.989453,1.500228,0.250000,1.069767,-0.001309,0.000000,-1.033963,0.004385,0.000000
16.610000,3.994802,1.500222,0.250000,1.064511,-0.001287,0.000000,-1.051247,0.004335,0.000000
16.615000,4.000124,1.500215,0.250000,1.059171,-0.001265,0.000000,-1.067930,0.004284,0.000000
16.620000,4.005420,1.500209,0.250000,1.053751,-0.001244,0.000000,-1.084023,0.004234,0.000000
16.625000,4.010689,1.500203,0.250000,1.048253,-0.001223,0.000000,-1.099536,0.004184,0.000000
16.630000,4.015930,1.500197,0.250000,1.042681,-0.001203,0.000000,-1.114479,0.004135,0.000000
16.635000,4.021144,1.500191,0.250000,1.037037,-0.001182,0.000000,-1.128864,0.004085,0.000000
16.640000,4.026329,1.500185,0.250000,1.031323,-0.001162,0.000000,-1.142699,0.004037,0.000000
16.645000,4.031486,1.500179,0.250000,1.025543,-0.001142,0.000000,-1.155995,0.003988,0.000000
16.650000,4.036613,1.500173,0.250000,1.019699,-0.001122,0.000000,-1.168763,0.003940,0.000000
16.655000,4.041712,1.500167,0.250000,1.013794,-0.001103,0.000000,-1.181010,0.003892,0.000000
16.660000,4.046781,1.500162,0.250000,1.007831,-0.001084,0.000000,-1.192748,0.003845,0.000000
16.665000,4.051820,1.500157,0.250000,1.001811,-0.001065,0.000000,-1.203986,0.003798,0.000000
16.670000,4.056829,1.500151,0.250000,0.995737,-0.001046,0.000000,-1.214733,0.003751,0.000000
16.675000,4.061808,1.500146,0.250000,0.989612,-0.001028,0.000000,-1.224998,0.003705,0.000000
16.680000,4.066756,1.500141,0.250000,0.983438,-0.001009,0.000000,-1.234791,0.003659,0.000000
16.685000,4.071673,1.500136,0.250000,0.977217,-0.000991,0.000000,-1.244120,0.003613,0.000000
16.690000,4.076559,1.500131,0.250000,0.970952,-0.000973,0.000000,-1.252995,0.003568,0.000000
16.695000,4.081414,1.500126,0.250000,0.964645,-0.000956,0.000000,-1.261424,0.003523,0.000000
16.700000,4.086237,1.500121,0.250000,0.958298,-0.000938,0.000000,-1.269416,0.003478,0.000000
16.705000,4.091028,1.500117,0.250000,0.951913,-0.000921,0.000000,-1.276980,0.003434,0.000000
16.710000,4.095788,1.500112,0.250000,0.945493,-0.000904,0.000000,-1.284123,0.003390,0.000000
16.715000,4.100515,1.500107,0.250000,0.939038,-0.000887,0.000000,-1.290854,0.003347,0.000000
16.720000,4.105211,1.500103,0.250000,0.932553,-0.000871,0.000000,-1.297182,0.003304,0.000000
16.725000,4.109873,1.500099,0.250000,0.926037,-0.000855,0.000000,-1.303115,0.003261,0.000000
16.730000,4.114504,1.500094,0.250000,0.919494,-0.000839,0.000000,-1.308660,0.003219,0.000000
16.735000,4.119101,1.500090,0.250000,0.912925,-0.000823,0.000000,-1.313825,0.003177,0.000000
16.740000,4.123666,1.500086,0.250000,0.906331,-0.000807,0.000000,-1.318618,0.003135,0.000000
16.745000,4.128197,1.500082,0.250000,0.899716,-0.000791,0.000000,-1.323048,0.003094,0.000000
16.750000,4.132696,1.500078,0.250000,0.893081,-0.000776,0.000000,-1.327120,0.003053,0.000000
16.755000,4.137161,1.500074,0.250000,0.886426,-0.000761,0.000000,-1.330844,0.003012,0.000000
16.760000,4.141593,1.500070,0.250000,0.879755,-0.000746,0.000000,-1.334225,0.002972,0.000000
16.765000,4.145992,1.500067,0.250000,0.873069,-0.000732,0.000000,-1.337272,0.002932,0.000000
16.770000,4.150358,1.500063,0.250000,0.866369,-0.000717,0.000000,-1.339992,0.002893,0.000000
16.775000,4.154689,1.500059,0.250000,0.859657,-0.000703,0.000000,-1.342391,0.002853,0.000000
16.780000,4.158988,1.500056,0.250000,0.852935,-0.000689,0.000000,-1.344476,0.002815,0.000000
16.785000,4.163252,1.500052,0.250000,0.846203,-0.000675,0.000000,-1.346255,0.002776,0.000000
16.790000,4.167483,1.500049,0.250000,0.839465,-0.000661,0.000000,-1.347734,0.002738,0.000000
16.795000,4.171681,1.500046,0.250000,0.832720,-0.000648,0.000000,-1.348919,0.002700,0.000000
16.800000,4.175844,1.500042,0.250000,0.825971,-0.000634,0.000000,-1.349818,0.002663,0.000000
16.805000,4.179974,1.500039,0.250000,0.819219,-0.000621,0.000000,-1.350437,0.002626,0.000000
16.810000,4.184070,1.500036,0.250000,0.812465,-0.000608,0.000000,-1.350781,0.002589,0.000000
16.815000,4.188133,1.500033,0.250000,0.805711,-0.000596,0.000000,-1.350858,0.002553,0.000000
16.820000,4.192161,1.500030,0.250000,0.798957,-0.000583,0.000000,-1.350673,0.002517,0.000000
16.825000,4.196156,1.500027,0.250000,0.792206,-0.000571,0.000000,-1.350233,0.002481,0.000000
16.830000,4.200117,1.500024,0.250000,0.785458,-0.000558,0.000000,-1.349543,0.002446,0.000000
16.835000,4.204044,1.500022,0.250000,0.778715,-0.000546,0.000000,-1.348610,0.002411,0.000000
16.840000,4.207938,1.500019,0.250000,0.771978,-0.000534,0.000000,-1.347439,0.002376,0.000000
16.845000,4.211798,1.500016,0.250000,0.765248,-0.000523,0.000000,-1.346035,0.002342,0.000000
16.850000,4.215624,1.500014,0.250000,0.758526,-0.000511,0.000000,-1.344406,0.002308,0.000000
16.855000,4.219417,1.500011,0.250000,0.751813,-0.000500,0.000000,-1.342555,0.002274,0.000000
16.860000,4.223176,1.500009,0.250000,0.745111,-0.000489,0.000000,-1.340489,0.002241,0.000000
16.865000,4.226901,1.500006,0.250000,0.738420,-0.000478,0.000000,-1.338212,0.002208,0.000000
16.870000,4.230593,1.500004,0.250000,0.731741,-0.000467,0.000000,-1.335731,0.002176,0.000000
16.875000,4.234252,1.500001,0.250000,0.725076,-0.000456,0.000000,-1.333051,0.002143,0.000000
16.880000,4.237877,1.499999,0.250000,0.718425,-0.000445,0.000000,-1.330176,0.002111,0.000000
16.885000,4.241470,1.499997,0.250000,0.711789,-0.000435,0.000000,-1.327111,0.002080,0.000000
16.890000,4.245028,1.499995,0.250000,0.705170,-0.000425,0.000000,-1.323862,0.002049,0.000000
16.895000,4.248554,1.499993,0.250000,0.698568,-0.000415,0.000000,-1.320433,0.002018,0.000000
16.900000,4.252047,1.499991,0.250000,0.691984,-0.000405,0.000000,-1.316829,0.001987,0.000000
16.905000,4.255507,1.499988,0.250000,0.685418,-0.000395,0.000000,-1.313056,0.001957,0.000000
16.910000,4.258934,1.499987,0.250000,0.678873,-0.000385,0.000000,-1.309117,0.001927,0.000000
16.915000,4.262329,1.499985,0.250000,0.672348,-0.000376,0.000000,-1.305017,0.001897,0.000000
16.920000,4.265690,1.499983,0.250000,0.665844,-0.000367,0.000000,-1.300761,0.001868,0.000000
16.925000,4.269019,1.499981,0.250000,0.659362,-0.000357,0.000000,-1.296353,0.001839,0.000000
16.930000,4.272316,1.499979,0.250000,0.652903,-0.000348,0.000000,-1.291797,0.001810,0.000000
16.935000,4.275581,1.499977,0.250000,0.646468,-0.000339,0.000000,-1.287098,0.001782,0.000000
16.940000,4.278813,1.499976,0.250000,0.640056,-0.000331,0.000000,-1.282260,0.001754,0.000000
16.945000,4.282013,1.499974,0.250000,0.633670,-0.000322,0.000000,-1.277287,0.001726,0.000000
16.950000,4.285182,1.499972,0.250000,0.627309,-0.000313,0.000000,-1.272183,0.001698,0.000000
16.955000,4.288318,1.499971,0.250000,0.620974,-0.000305,0.000000,-1.266952,0.001671,0.000000
16.960000,4.291423,1.499969,0.250000,0.614666,-0.000297,0.000000,-1.261598,0.001645,0.000000
16.965000,4.294497,1.499968,0.250000,0.608386,-0.000289,0.000000,-1.256125,0.001618,0.000000
16.970000,4.297538,1.499966,0.250000,0.602133,-0.000281,0.000000,-1.250537,0.001592,0.000000
16.975000,4.300549,1.499965,0.250000,0.595909,-0.000273,0.000000,-1.244838,0.001566,0.000000
16.980000,4.303529,1.499964,0.250000,0.589714,-0.000265,0.000000,-1.239030,0.001540,0.000000
16.985000,4.306477,1.499962,0.250000,0.583548,-0.000258,0.000000,-1.233119,0.001515,0.000000
16.990000,4.309395,1.499961,0.250000,0.577413,-0.000250,0.000000,-1.227106,0.001490,0.000000
16.995000,4.312282,1.499960,0.250000,0.571308,-0.000243,0.000000,-1.220996,0.001465,0.000000
17.000000,4.315139,1.499959,0.250000,0.565234,-0.000236,0.000000,-1.214793,0.001441,0.000000
17.005000,4.317965,1.499957,0.250000,0.559191,-0.000229,0.000000,-1.208499,0.001416,0.000000
17.010000,4.320761,1.499956,0.250000,0.553180,-0.000222,0.000000,-1.202118,0.001393,0.000000
17.015000,4.323527,1.499955,0.250000,0.547202,-0.000215,0.000000,-1.195653,0.001369,0.000000
17.020000,4.326263,1.499954,0.250000,0.541257,-0.000208,0.000000,-1.189107,0.001346,0.000000
17.025000,4.328969,1.499953,0.250000,0.535344,-0.000202,0.000000,-1.182484,0.001323,0.000000
17.030000,4.331646,1.499952,0.250000,0.529465,-0.000195,0.000000,-1.175786,0.001300,0.000000
17.035000,4.334293,1.499951,0.250000,0.523620,-0.000189,0.000000,-1.169016,0.001277,0.000000
17.040000,4.336911,1.499950,0.250000,0.517809,-0.000182,0.000000,-1.162178,0.001255,0.000000
17.045000,4.339500,1.499949,0.250000,0.512033,-0.000176,0.000000,-1.155275,0.001233,0.000000
17.050000,4.342060,1.499948,0.250000,0.506291,-0.000170,0.000000,-1.148308,0.001211,0.000000
17.055000,4.344592,1.499947,0.250000,0.500585,-0.000164,0.000000,-1.141281,0.001190,0.000000
17.060000,4.347095,1.499947,0.250000,0.494914,-0.000158,0.000000,-1.134197,0.001169,0.000000
17.065000,4.349569,1.499946,0.250000,0.489279,-0.000153,0.000000,-1.127059,0.001148,0.000000
17.070000,4.352016,1.499945,0.250000,0.483679,-0.000147,0.000000,-1.119868,0.001127,0.000000
17.075000,4.354434,1.499944,0.250000,0.478116,-0.000141,0.000000,-1.112628,0.001107,0.000000
17.080000,4.356825,1.499944,0.250000,0.472590,-0.000136,0.000000,-1.105341,0.001087,0.000000
17.085000,4.359188,1.499943,0.250000,0.467100,-0.000131,0.000000,-1.098010,0.001067,0.000000
17.090000,4.361523,1.499942,0.250000,0.461646,-0.000125,0.000000,-1.090636,0.001047,0.000000
17.095000,4.363831,1.499942,0.250000,0.456230,-0.000120,0.000000,-1.083224,0.001028,0.000000
17.100000,4.366112,1.499941,0.250000,0.450851,-0.000115,0.000000,-1.075773,0.001009,0.000000
17.105000,4.368367,1.499940,0.250000,0.445510,-0.000110,0.000000,-1.068288,0.000990,0.000000
17.110000,4.370594,1.499940,0.250000,0.440206,-0.000105,0.000000,-1.060770,0.000972,0.000000
17.115000,4.372795,1.499939,0.250000,0.434940,-0.000101,0.000000,-1.053222,0.000953,0.000000
17.120000,4.374970,1.499939,0.250000,0.429712,-0.000096,0.000000,-1.045645,0.000935,0.000000
17.125000,4.377118,1.499938,0.250000,0.424522,-0.000091,0.000000,-1.038043,0.000917,0.000000
17.130000,4.379241,1.499938,0.250000,0.419369,-0.000087,0.000000,-1.030415,0.000900,0.000000
17.135000,4.381338,1.499937,0.250000,0.414256,-0.000083,0.000000,-1.022766,0.000882,0.000000
17.140000,4.383409,1.499937,0.250000,0.409180,-0.000078,0.000000,-1.015097,0.000865,0.000000
17.145000,4.385455,1.499937,0.250000,0.404143,-0.000074,0.000000,-1.007409,0.000848,0.000000
17.150000,4.387476,1.499936,0.250000,0.399145,-0.000070,0.000000,-0.999705,0.000831,0.000000
17.155000,4.389472,1.499936,0.250000,0.394185,-0.000066,0.000000,-0.991987,0.000815,0.000000
17.160000,4.391442,1.499936,0.250000,0.389263,-0.000062,0.000000,-0.984256,0.000798,0.000000
17.165000,4.393389,1.499935,0.250000,0.384381,-0.000058,0.000000,-0.976514,0.000782,0.000000
17.170000,4.395311,1.499935,0.250000,0.379537,-0.000054,0.000000,-0.968763,0.000767,0.000000
17.175000,4.397208,1.499935,0.250000,0.374732,-0.000050,0.000000,-0.961004,0.000751,0.000000
17.180000,4.399082,1.499935,0.250000,0.369966,-0.000047,0.000000,-0.953240,0.000736,0.000000
17.185000,4.400932,1.499934,0.250000,0.365238,-0.000043,0.000000,-0.945472,0.000720,0.000000
17.190000,4.402758,1.499934,0.250000,0.360550,-0.000039,0.000000,-0.937701,0.000705,0.000000
17.195000,4.404561,1.499934,0.250000,0.355900,-0.000036,0.000000,-0.929929,0.000691,0.000000
17.200000,4.406340,1.499934,0.250000,0.351289,-0.000033,0.000000,-0.922157,0.000676,0.000000
17.205000,4.408097,1.499934,0.250000,0.346717,-0.000029,0.000000,-0.914388,0.000662,0.000000
17.210000,4.409830,1.499933,0.250000,0.342184,-0.000026,0.000000,-0.906622,0.000648,0.000000
17.215000,4.411541,1.499933,0.250000,0.337690,-0.000023,0.000000,-0.898861,0.000634,0.000000
17.220000,4.413230,1.499933,0.250000,0.333235,-0.000020,0.000000,-0.891106,0.000620,0.000000
17.225000,4.414896,1.499933,0.250000,0.328818,-0.000017,0.000000,-0.883359,0.000606,0.000000
17.230000,4.416540,1.499933,0.250000,0.324440,-0.000014,0.000000,-0.875620,0.000593,0.000000
17.235000,4.418162,1.499933,0.250000,0.320100,-0.000011,0.000000,-0.867892,0.000580,0.000000
17.240000,4.419763,1.499933,0.250000,0.315799,-0.000008,0.000000,-0.860175,0.000567,0.000000
17.245000,4.421342,1.499933,0.250000,0.311537,-0.000005,0.000000,-0.852471,0.000554,0.000000
17.250000,4.422899,1.499933,0.250000,0.307313,-0.000003,0.000000,-0.844781,0.000542,0.000000
17.255000,4.424436,1.499933,0.250000,0.303128,0.000000,0.000000,-0.837106,0.000529,0.000000
17.260000,4.425952,1.499933,0.250000,0.298980,0.000003,0.000000,-0.829447,0.000517,0.000000
17.265000,4.427446,1.499933,0.250000,0.294871,0.000005,0.000000,-0.821805,0.000505,0.000000
17.270000,4.428921,1.499933,0.250000,0.290800,0.000008,0.000000,-0.814182,0.000493,0.000000
17.275000,4.430375,1.499933,0.250000,0.286767,0.000010,0.000000,-0.806577,0.000481,0.000000
17.280000,4.431809,1.499933,0.250000,0.282773,0.000012,0.000000,-0.798994,0.000470,0.000000
17.285000,4.433223,1.499933,0.250000,0.278815,0.000015,0.000000,-0.791431,0.000459,0.000000
17.290000,4.434617,1.499933,0.250000,0.274896,0.000017,0.000000,-0.783891,0.000447,0.000000
17.295000,4.435991,1.499933,0.250000,0.271014,0.000019,0.000000,-0.776374,0.000436,0.000000
17.300000,4.437346,1.499933,0.250000,0.267170,0.000021,0.000000,-0.768881,0.000426,0.000000
17.305000,4.438682,1.499933,0.250000,0.263363,0.000023,0.000000,-0.761414,0.000415,0.000000
17.310000,4.439999,1.499933,0.250000,0.259593,0.000025,0.000000,-0.753972,0.000405,0.000000
17.315000,4.441297,1.499934,0.250000,0.255860,0.000027,0.000000,-0.746557,0.000394,0.000000
17.320000,4.442576,1.499934,0.250000,0.252164,0.000029,0.000000,-0.739169,0.000384,0.000000
17.325000,4.443837,1.499934,0.250000,0.248505,0.000031,0.000000,-0.731810,0.000374,0.000000
17.330000,4.445079,1.499934,0.250000,0.244883,0.000033,0.000000,-0.724480,0.000364,0.000000
17.335000,4.446304,1.499934,0.250000,0.241297,0.000035,0.000000,-0.717180,0.000355,0.000000
17.340000,4.447510,1.499934,0.250000,0.237747,0.000036,0.000000,-0.709910,0.000345,0.000000
17.345000,4.448699,1.499935,0.250000,0.234234,0.000038,0.000000,-0.702672,0.000336,0.000000
17.350000,4.449870,1.499935,0.250000,0.230756,0.000040,0.000000,-0.695465,0.000326,0.000000
17.355000,4.451024,1.499935,0.250000,0.227315,0.000041,0.000000,-0.688292,0.000317,0.000000
17.360000,4.452161,1.499935,0.250000,0.223909,0.000043,0.000000,-0.681151,0.000309,0.000000
17.365000,4.453280,1.499935,0.250000,0.220539,0.000044,0.000000,-0.674044,0.000300,0.000000
17.370000,4.454383,1.499936,0.250000,0.217204,0.000046,0.000000,-0.666971,0.000291,0.000000
17.375000,4.455469,1.499936,0.250000,0.213905,0.000047,0.000000,-0.659934,0.000283,0.000000
17.380000,4.456538,1.499936,0.250000,0.210640,0.000049,0.000000,-0.652931,0.000274,0.000000
17.385000,4.457592,1.499936,0.250000,0.207410,0.000050,0.000000,-0.645965,0.000266,0.000000
17.390000,4.458629,1.499936,0.250000,0.204215,0.000051,0.000000,-0.639036,0.000258,0.000000
17.395000,4.459650,1.499937,0.250000,0.201054,0.000052,0.000000,-0.632143,0.000250,0.000000
17.400000,4.460655,1.499937,0.250000,0.197928,0.000054,0.000000,-0.625288,0.000242,0.000000
17.405000,4.461645,1.499937,0.250000,0.194835,0.000055,0.000000,-0.618471,0.000235,0.000000
17.410000,4.462619,1.499938,0.250000,0.191777,0.000056,0.000000,-0.611692,0.000227,0.000000
17.415000,4.463578,1.499938,0.250000,0.188752,0.000057,0.000000,-0.604952,0.000220,0.000000
17.420000,4.464521,1.499938,0.250000,0.185761,0.000058,0.000000,-0.598252,0.000212,0.000000
17.425000,4.465450,1.499938,0.250000,0.182803,0.000059,0.000000,-0.591590,0.000205,0.000000
17.430000,4.466364,1.499939,0.250000,0.179878,0.000060,0.000000,-0.584969,0.000198,0.000000
17.435000,4.467264,1.499939,0.250000,0.176986,0.000061,0.000000,-0.578388,0.000191,0.000000
17.440000,4.468149,1.499939,0.250000,0.174127,0.000062,0.000000,-0.571848,0.000185,0.000000
17.445000,4.469019,1.499940,0.250000,0.171300,0.000063,0.000000,-0.565349,0.000178,0.000000
17.450000,4.469876,1.499940,0.250000,0.168506,0.000064,0.000000,-0.558891,0.000171,0.000000
17.455000,4.470718,1.499940,0.250000,0.165743,0.000065,0.000000,-0.552474,0.000165,0.000000
17.460000,4.471547,1.499941,0.250000,0.163013,0.000065,0.000000,-0.546100,0.000159,0.000000
17.465000,4.472362,1.499941,0.250000,0.160314,0.000066,0.000000,-0.539767,0.000153,0.000000
17.470000,4.473164,1.499941,0.250000,0.157647,0.000067,0.000000,-0.533477,0.000147,0.000000
17.475000,4.473952,1.499942,0.250000,0.155010,0.000068,0.000000,-0.527229,0.000141,0.000000
17.480000,4.474727,1.499942,0.250000,0.152405,0.000068,0.000000,-0.521024,0.000135,0.000000
17.485000,4.475489,1.499942,0.250000,0.149831,0.000069,0.000000,-0.514862,0.000129,0.000000
17.490000,4.476238,1.499943,0.250000,0.147287,0.000070,0.000000,-0.508744,0.000123,0.000000
17.495000,4.476974,1.499943,0.250000,0.144774,0.000070,0.000000,-0.502668,0.000118,0.000000
17.500000,4.477698,1.499943,0.250000,0.142291,0.000071,0.000000,-0.496636,0.000112,0.000000
17.505000,4.478410,1.499944,0.250000,0.139838,0.000071,0.000000,-0.490648,0.000107,0.000000
17.510000,4.479109,1.499944,0.250000,0.137414,0.000072,0.000000,-0.484704,0.000102,0.000000
17.515000,4.479796,1.499944,0.250000,0.135020,0.000072,0.000000,-0.478804,0.000097,0.000000
17.520000,4.480471,1.499945,0.250000,0.132655,0.000073,0.000000,-0.472947,0.000092,0.000000
24.820000,4.481134,1.499945,0.250000,0.130320,0.038535,0.000000,-0.467135,7.692395,0.000000
24.825000,4.481786,1.500138,0.250000,0.128013,0.076102,0.000000,-0.461368,7.513396,0.000000
24.830000,4.482426,1.500518,0.250000,0.125735,0.112787,0.000000,-0.455644,7.337083,0.000000
24.835000,4.483055,1.501082,0.250000,0.123485,0.148604,0.000000,-0.449965,7.163427,0.000000
24.840000,4.483672,1.501825,0.250000,0.121263,0.183566,0.000000,-0.444331,6.992402,0.000000
24.845000,4.484279,1.502743,0.250000,0.119069,0.217686,0.000000,-0.438741,6.823979,0.000000
24.850000,4.484874,1.503831,0.250000,0.116903,0.250977,0.000000,-0.433196,6.658130,0.000000
24.855000,4.485458,1.505086,0.250000,0.114765,0.283451,0.000000,-0.427695,6.494828,0.000000
24.860000,4.486032,1.506504,0.250000,0.112654,0.315121,0.000000,-0.422239,6.334045,0.000000
24.865000,4.486595,1.508079,0.250000,0.110570,0.346000,0.000000,-0.416828,6.175755,0.000000
24.870000,4.487148,1.509809,0.250000,0.108512,0.376100,0.000000,-0.411462,6.019930,0.000000
24.875000,4.487691,1.511690,0.250000,0.106482,0.405432,0.000000,-0.406140,5.866543,0.000000
24.880000,4.488223,1.513717,0.250000,0.104477,0.434010,0.000000,-0.400863,5.715567,0.000000
24.885000,4.488746,1.515887,0.250000,0.102499,0.461845,0.000000,-0.395631,5.566977,0.000000
24.890000,4.489258,1.518196,0.250000,0.100547,0.488949,0.000000,-0.390443,5.420745,0.000000
24.895000,4.489761,1.520641,0.250000,0.098620,0.515333,0.000000,-0.385300,5.276845,0.000000
24.900000,4.490254,1.523218,0.250000,0.096719,0.541009,0.000000,-0.380202,5.135251,0.000000
24.905000,4.490738,1.525923,0.250000,0.094844,0.565989,0.000000,-0.375148,4.995937,0.000000
24.910000,4.491212,1.528753,0.250000,0.092993,0.590283,0.000000,-0.370138,4.858878,0.000000
24.915000,4.491677,1.531704,0.250000,0.091167,0.613903,0.000000,-0.365173,4.724047,0.000000
24.920000,4.492133,1.534773,0.250000,0.089366,0.636861,0.000000,-0.360253,4.591419,0.000000
24.925000,4.492579,1.537958,0.250000,0.087589,0.659165,0.000000,-0.355376,4.460968,0.000000
24.930000,4.493017,1.541254,0.250000,0.085836,0.680829,0.000000,-0.350544,4.332670,0.000000
24.935000,4.493447,1.544658,0.250000,0.084107,0.701861,0.000000,-0.345756,4.206500,0.000000
24.940000,4.493867,1.548167,0.250000,0.082402,0.722273,0.000000,-0.341012,4.082432,0.000000
24.945000,4.494279,1.551778,0.250000,0.080721,0.742076,0.000000,-0.336312,3.960442,0.000000
24.950000,4.494683,1.555489,0.250000,0.079062,0.761278,0.000000,-0.331655,3.840506,0.000000
24.955000,4.495078,1.559295,0.250000,0.077427,0.779891,0.000000,-0.327043,3.722599,0.000000
24.960000,4.495465,1.563195,0.250000,0.075815,0.797925,0.000000,-0.322473,3.606697,0.000000
24.965000,4.495844,1.567184,0.250000,0.074225,0.815389,0.000000,-0.317948,3.492776,0.000000
24.970000,4.496215,1.571261,0.250000,0.072658,0.832293,0.000000,-0.313465,3.380813,0.000000
24.975000,4.496579,1.575423,0.250000,0.071113,0.848647,0.000000,-0.309026,3.270783,0.000000
24.980000,4.496934,1.579666,0.250000,0.069590,0.864460,0.000000,-0.304630,3.162663,0.000000
24.985000,4.497282,1.583988,0.250000,0.068088,0.879742,0.000000,-0.300276,3.056430,0.000000
24.990000,4.497623,1.588387,0.250000,0.066608,0.894502,0.000000,-0.295966,2.952061,0.000000
24.995000,4.497956,1.592859,0.250000,0.065150,0.908750,0.000000,-0.291698,2.849532,0.000000
25.000000,4.498281,1.597403,0.250000,0.063713,0.922494,0.000000,-0.287472,2.748822,0.000000
25.005000,4.498600,1.602016,0.250000,0.062296,0.935744,0.000000,-0.283288,2.649907,0.000000
25.010000,4.498911,1.606694,0.250000,0.060900,0.948507,0.000000,-0.279147,2.552765,0.000000
25.015000,4.499216,1.611437,0.250000,0.059525,0.960794,0.000000,-0.275047,2.457374,0.000000
25.020000,4.499514,1.616241,0.250000,0.058170,0.972613,0.000000,-0.270990,2.363712,0.000000
25.025000,4.499804,1.621104,0.250000,0.056835,0.983972,0.000000,-0.266973,2.271756,0.000000
25.030000,4.500089,1.626024,0.250000,0.055520,0.994879,0.000000,-0.262998,2.181486,0.000000
25.035000,4.500366,1.630998,0.250000,0.054225,1.005343,0.000000,-0.259065,2.092880,0.000000
25.040000,4.500637,1.636025,0.250000,0.052949,1.015373,0.000000,-0.255172,2.005915,0.000000
25.045000,4.500902,1.641102,0.250000,0.051693,1.024976,0.000000,-0.251320,1.920572,0.000000
25.050000,4.501161,1.646227,0.250000,0.050455,1.034160,0.000000,-0.247508,1.836829,0.000000
25.055000,4.501413,1.651397,0.250000,0.049236,1.042933,0.000000,-0.243737,1.754665,0.000000
25.060000,4.501659,1.656612,0.250000,0.048036,1.051304,0.000000,-0.240006,1.674060,0.000000
25.065000,4.501899,1.661869,0.250000,0.046855,1.059279,0.000000,-0.236315,1.594993,0.000000
25.070000,4.502133,1.667165,0.250000,0.045691,1.066866,0.000000,-0.232664,1.517444,0.000000
25.075000,4.502362,1.672499,0.250000,0.044546,1.074073,0.000000,-0.229052,1.441393,0.000000
25.080000,4.502585,1.677870,0.250000,0.043419,1.080907,0.000000,-0.225479,1.366820,0.000000
25.085000,4.502802,1.683274,0.250000,0.042309,1.087375,0.000000,-0.221946,1.293704,0.000000
25.090000,4.503013,1.688711,0.250000,0.041217,1.093486,0.000000,-0.218451,1.222028,0.000000
25.095000,4.503219,1.694179,0.250000,0.040142,1.099244,0.000000,-0.214995,1.151770,0.000000
25.100000,4.503420,1.699675,0.250000,0.039084,1.104659,0.000000,-0.211578,1.082912,0.000000
25.105000,4.503615,1.705198,0.250000,0.038043,1.109736,0.000000,-0.208199,1.015435,0.000000
25.110000,4.503806,1.710747,0.250000,0.037019,1.114483,0.000000,-0.204857,0.949319,0.000000
25.115000,4.503991,1.716319,0.250000,0.036011,1.118905,0.000000,-0.201553,0.884547,0.000000
25.120000,4.504171,1.721914,0.250000,0.035019,1.123011,0.000000,-0.198287,0.821100,0.000000
25.125000,4.504346,1.727529,0.250000,0.034044,1.126806,0.000000,-0.195058,0.758959,0.000000
25.130000,4.504516,1.733163,0.250000,0.033085,1.130296,0.000000,-0.191866,0.698106,0.000000
25.135000,4.504682,1.738814,0.250000,0.032141,1.133489,0.000000,-0.188711,0.638522,0.000000
25.140000,4.504842,1.744482,0.250000,0.031213,1.136390,0.000000,-0.185592,0.580192,0.000000
25.145000,4.504998,1.750164,0.250000,0.030301,1.139005,0.000000,-0.182510,0.523095,0.000000
25.150000,4.505150,1.755859,0.250000,0.029403,1.141341,0.000000,-0.179464,0.467216,0.000000
25.155000,4.505297,1.761565,0.250000,0.028521,1.143404,0.000000,-0.176453,0.412536,0.000000
25.160000,4.505439,1.767282,0.250000,0.027654,1.145199,0.000000,-0.173478,0.359039,0.000000
25.165000,4.505578,1.773008,0.250000,0.026801,1.146733,0.000000,-0.170538,0.306708,0.000000
25.170000,4.505712,1.778742,0.250000,0.025963,1.148010,0.000000,-0.167634,0.255525,0.000000
25.175000,4.505842,1.784482,0.250000,0.025139,1.149038,0.000000,-0.164764,0.205474,0.000000
25.180000,4.505967,1.790227,0.250000,0.024329,1.149821,0.000000,-0.161928,0.156538,0.000000
25.185000,4.506089,1.795976,0.250000,0.023534,1.150364,0.000000,-0.159127,0.108702,0.000000
25.190000,4.506207,1.801728,0.250000,0.022752,1.150674,0.000000,-0.156360,0.061949,0.000000
25.195000,4.506320,1.807482,0.250000,0.021984,1.150755,0.000000,-0.153627,0.016262,0.000000
25.200000,4.506430,1.813235,0.250000,0.021229,1.150613,0.000000,-0.150927,-0.028373,0.000000
25.205000,4.506536,1.818988,0.250000,0.020488,1.150253,0.000000,-0.148261,-0.071972,0.000000
25.210000,4.506639,1.824740,0.250000,0.019760,1.149681,0.000000,-0.145628,-0.114552,0.000000
25.215000,4.506738,1.830488,0.250000,0.019045,1.148900,0.000000,-0.143027,-0.156127,0.000000
25.220000,4.506833,1.836233,0.250000,0.018342,1.147916,0.000000,-0.140459,-0.196713,0.000000
25.225000,4.506925,1.841972,0.250000,0.017653,1.146735,0.000000,-0.137923,-0.236324,0.000000
25.230000,4.507013,1.847706,0.250000,0.016976,1.145360,0.000000,-0.135419,-0.274975,0.000000
25.235000,4.507098,1.853433,0.250000,0.016311,1.143797,0.000000,-0.132947,-0.312682,0.000000
25.240000,4.507179,1.859152,0.250000,0.015658,1.142049,0.000000,-0.130506,-0.349458,0.000000
25.245000,4.507258,1.864862,0.250000,0.015018,1.140123,0.000000,-0.128097,-0.385319,0.000000
25.250000,4.507333,1.870563,0.250000,0.014389,1.138021,0.000000,-0.125718,-0.420278,0.000000
25.255000,4.507405,1.876253,0.250000,0.013772,1.135749,0.000000,-0.123371,-0.454349,0.000000
25.260000,4.507473,1.881931,0.250000,0.013167,1.133312,0.000000,-0.121053,-0.487547,0.000000
25.265000,4.507539,1.887598,0.250000,0.012573,1.130712,0.000000,-0.118766,-0.519885,0.000000
25.270000,4.507602,1.893252,0.250000,0.011991,1.127955,0.000000,-0.116509,-0.551376,0.000000
25.275000,4.507662,1.898891,0.250000,0.011419,1.125045,0.000000,-0.114281,-0.582035,0.000000
25.280000,4.507719,1.904517,0.250000,0.010859,1.121986,0.000000,-0.112083,-0.611874,0.000000
25.285000,4.507774,1.910126,0.250000,0.010309,1.118781,0.000000,-0.109915,-0.640908,0.000000
25.290000,4.507825,1.915720,0.250000,0.009770,1.115436,0.000000,-0.107775,-0.669147,0.000000
25.295000,4.507874,1.921298,0.250000,0.009242,1.111953,0.000000,-0.105663,-0.696607,0.000000
25.300000,4.507920,1.926857,0.250000,0.008724,1.108336,0.000000,-0.103580,-0.723299,0.000000
25.305000,4.507964,1.932399,0.250000,0.008217,1.104590,0.000000,-0.101526,-0.749236,0.000000
25.310000,4.508005,1.937922,0.250000,0.007719,1.100718,0.000000,-0.099499,-0.774430,0.000000
25.315000,4.508043,1.943426,0.250000,0.007232,1.096723,0.000000,-0.097499,-0.798894,0.000000
25.320000,4.508080,1.948909,0.250000,0.006754,1.092610,0.000000,-0.095528,-0.822639,0.000000
25.325000,4.508113,1.954372,0.250000,0.006286,1.088382,0.000000,-0.093583,-0.845679,0.000000
25.330000,4.508145,1.959814,0.250000,0.005828,1.084042,0.000000,-0.091665,-0.868024,0.000000
25.335000,4.508174,1.965234,0.250000,0.005379,1.079593,0.000000,-0.089774,-0.889687,0.000000
25.340000,4.508201,1.970632,0.250000,0.004939,1.075040,0.000000,-0.087909,-0.910678,0.000000
25.345000,4.508226,1.976007,0.250000,0.004509,1.070385,0.000000,-0.086070,-0.931010,0.000000
25.350000,4.508248,1.981359,0.250000,0.004088,1.065631,0.000000,-0.084258,-0.950694,0.000000
25.355000,4.508269,1.986688,0.250000,0.003675,1.060783,0.000000,-0.082470,-0.969741,0.000000
25.360000,4.508287,1.991991,0.250000,0.003272,1.055842,0.000000,-0.080709,-0.988161,0.000000
25.365000,4.508303,1.997271,0.250000,0.002877,1.050812,0.000000,-0.078972,-1.005967,0.000000
25.370000,4.508318,2.002525,0.250000,0.002491,1.045696,0.000000,-0.077260,-1.023168,0.000000
25.375000,4.508330,2.007753,0.250000,0.002113,1.040497,0.000000,-0.075573,-1.039776,0.000000
25.380000,4.508341,2.012956,0.250000,0.001743,1.035218,0.000000,-0.073910,-1.055800,0.000000
25.385000,4.508349,2.018132,0.250000,0.001382,1.029862,0.000000,-0.072272,-1.071251,0.000000
25.390000,4.508356,2.023281,0.250000,0.001029,1.024431,0.000000,-0.070657,-1.086140,0.000000
25.395000,4.508361,2.028403,0.250000,0.000683,1.018929,0.000000,-0.069066,-1.100477,0.000000
25.400000,4.508365,2.033498,0.250000,0.000346,1.013357,0.000000,-0.067498,-1.114271,0.000000
25.405000,4.508367,2.038565,0.250000,0.000016,1.007720,0.000000,-0.065954,-1.127532,0.000000
25.410000,4.508367,2.043603,0.250000,-0.000306,1.002018,0.000000,-0.064433,-1.140271,0.000000
25.415000,4.508365,2.048613,0.250000,-0.000621,0.996256,0.000000,-0.062934,-1.152496,0.000000
25.420000,4.508362,2.053595,0.250000,-0.000928,0.990435,0.000000,-0.061458,-1.164217,0.000000
25.425000,4.508357,2.058547,0.250000,-0.001228,0.984558,0.000000,-0.060004,-1.175444,0.000000
25.430000,4.508351,2.063470,0.250000,-0.001521,0.978627,0.000000,-0.058572,-1.186186,0.000000
25.435000,4.508344,2.068363,0.250000,-0.001807,0.972644,0.000000,-0.057162,-1.196452,0.000000
25.440000,4.508335,2.073226,0.250000,-0.002086,0.966613,0.000000,-0.055773,-1.206251,0.000000
25.445000,4.508324,2.078059,0.250000,-0.002358,0.960535,0.000000,-0.054406,-1.215592,0.000000
25.450000,4.508312,2.082862,0.250000,-0.002623,0.954413,0.000000,-0.053060,-1.224484,0.000000
25.455000,4.508299,2.087634,0.250000,-0.002882,0.948248,0.000000,-0.051734,-1.232935,0.000000
25.460000,4.508285,2.092375,0.250000,-0.003134,0.942043,0.000000,-0.050430,-1.240953,0.000000
25.465000,4.508269,2.097085,0.250000,-0.003380,0.935801,0.000000,-0.049145,-1.248548,0.000000
25.470000,4.508252,2.101764,0.250000,-0.003619,0.929522,0.000000,-0.047881,-1.255728,0.000000
25.475000,4.508234,2.106412,0.250000,-0.003852,0.923210,0.000000,-0.046637,-1.262501,0.000000
25.480000,4.508215,2.111028,0.250000,-0.004079,0.916865,0.000000,-0.045413,-1.268874,0.000000
25.485000,4.508195,2.115612,0.250000,-0.004300,0.910491,0.000000,-0.044208,-1.274856,0.000000
25.490000,4.508173,2.120165,0.250000,-0.004515,0.904089,0.000000,-0.043022,-1.280455,0.000000
25.495000,4.508150,2.124685,0.250000,-0.004725,0.897660,0.000000,-0.041856,-1.285679,0.000000
25.500000,4.508127,2.129173,0.250000,-0.004928,0.891208,0.000000,-0.040708,-1.290535,0.000000
25.505000,4.508102,2.133629,0.250000,-0.005126,0.884732,0.000000,-0.039579,-1.295031,0.000000
25.510000,4.508077,2.138053,0.250000,-0.005318,0.878237,0.000000,-0.038469,-1.299173,0.000000
25.515000,4.508050,2.142444,0.250000,-0.005505,0.871722,0.000000,-0.037376,-1.302971,0.000000
25.520000,4.508022,2.146803,0.250000,-0.005687,0.865190,0.000000,-0.036302,-1.306430,0.000000
25.525000,4.507994,2.151129,0.250000,-0.005863,0.858642,0.000000,-0.035246,-1.309558,0.000000
25.530000,4.507965,2.155422,0.250000,-0.006034,0.852080,0.000000,-0.034207,-1.312362,0.000000
25.535000,4.507935,2.159682,0.250000,-0.006200,0.845506,0.000000,-0.033185,-1.314849,0.000000
25.540000,4.507904,2.163910,0.250000,-0.006361,0.838921,0.000000,-0.032181,-1.317026,0.000000
25.545000,4.507872,2.168105,0.250000,-0.006517,0.832326,0.000000,-0.031194,-1.318899,0.000000
25.550000,4.507839,2.172266,0.250000,-0.006668,0.825724,0.000000,-0.030223,-1.320476,0.000000
25.555000,4.507806,2.176395,0.250000,-0.006814,0.819115,0.000000,-0.029269,-1.321762,0.000000
25.560000,4.507772,2.180490,0.250000,-0.006956,0.812501,0.000000,-0.028332,-1.322764,0.000000
25.565000,4.507737,2.184553,0.250000,-0.007093,0.805884,0.000000,-0.027410,-1.323489,0.000000
25.570000,4.507701,2.188582,0.250000,-0.007226,0.799264,0.000000,-0.026505,-1.323942,0.000000
25.575000,4.507665,2.192579,0.250000,-0.007354,0.792643,0.000000,-0.025616,-1.324131,0.000000
25.580000,4.507629,2.196542,0.250000,-0.007477,0.786023,0.000000,-0.024742,-1.324060,0.000000
25.585000,4.507591,2.200472,0.250000,-0.007597,0.779404,0.000000,-0.023883,-1.323736,0.000000
25.590000,4.507553,2.204369,0.250000,-0.007712,0.772788,0.000000,-0.023040,-1.323166,0.000000
25.595000,4.507515,2.208233,0.250000,-0.007823,0.766177,0.000000,-0.022211,-1.322354,0.000000
25.600000,4.507476,2.212064,0.250000,-0.007930,0.759570,0.000000,-0.021398,-1.321306,0.000000
25.605000,4.507436,2.215862,0.250000,-0.008033,0.752970,0.000000,-0.020599,-1.320029,0.000000
25.610000,4.507396,2.219627,0.250000,-0.008132,0.746377,0.000000,-0.019815,-1.318527,0.000000
25.615000,4.507355,2.223358,0.250000,-0.008227,0.739793,0.000000,-0.019045,-1.316806,0.000000
25.620000,4.507314,2.227057,0.250000,-0.008319,0.733219,0.000000,-0.018289,-1.314872,0.000000
25.625000,4.507272,2.230723,0.250000,-0.008406,0.726655,0.000000,-0.017547,-1.312730,0.000000
25.630000,4.507230,2.234357,0.250000,-0.008491,0.720103,0.000000,-0.016819,-1.310384,0.000000
25.635000,4.507188,2.237957,0.250000,-0.008571,0.713564,0.000000,-0.016104,-1.307841,0.000000
25.640000,4.507145,2.241525,0.250000,-0.008648,0.707039,0.000000,-0.015403,-1.305105,0.000000
25.645000,4.507102,2.245060,0.250000,-0.008722,0.700528,0.000000,-0.014715,-1.302181,0.000000
25.650000,4.507058,2.248563,0.250000,-0.008792,0.694032,0.000000,-0.014040,-1.299074,0.000000
25.655000,4.507014,2.252033,0.250000,-0.008859,0.687553,0.000000,-0.013377,-1.295789,0.000000
25.660000,4.506970,2.255471,0.250000,-0.008922,0.681092,0.000000,-0.012728,-1.292330,0.000000
25.665000,4.506925,2.258876,0.250000,-0.008983,0.674648,0.000000,-0.012091,-1.288703,0.000000
25.670000,4.506880,2.262250,0.250000,-0.009040,0.668224,0.000000,-0.011467,-1.284912,0.000000
25.675000,4.506835,2.265591,0.250000,-0.009094,0.661819,0.000000,-0.010854,-1.280961,0.000000
25.680000,4.506790,2.268900,0.250000,-0.009146,0.655435,0.000000,-0.010254,-1.276855,0.000000
25.685000,4.506744,2.272177,0.250000,-0.009194,0.649072,0.000000,-0.009666,-1.272598,0.000000
25.690000,4.506698,2.275422,0.250000,-0.009239,0.642731,0.000000,-0.009089,-1.268195,0.000000
25.695000,4.506652,2.278636,0.250000,-0.009282,0.636412,0.000000,-0.008524,-1.263649,0.000000
25.700000,4.506605,2.281818,0.250000,-0.009322,0.630118,0.000000,-0.007970,-1.258965,0.000000
25.705000,4.506559,2.284969,0.250000,-0.009359,0.623847,0.000000,-0.007428,-1.254147,0.000000
25.710000,4.506512,2.288088,0.250000,-0.009394,0.617601,0.000000,-0.006896,-1.249200,0.000000
25.715000,4.506465,2.291176,0.250000,-0.009425,0.611380,0.000000,-0.006376,-1.244126,0.000000
25.720000,4.506418,2.294233,0.250000,-0.009455,0.605186,0.000000,-0.005866,-1.238930,0.000000
25.725000,4.506371,2.297259,0.250000,-0.009482,0.599017,0.000000,-0.005367,-1.233616,0.000000
25.730000,4.506323,2.300254,0.250000,-0.009506,0.592877,0.000000,-0.004879,-1.228187,0.000000
25.735000,4.506276,2.303218,0.250000,-0.009528,0.586763,0.000000,-0.004400,-1.222647,0.000000
25.740000,4.506228,2.306152,0.250000,-0.009548,0.580678,0.000000,-0.003932,-1.217000,0.000000
25.745000,4.506180,2.309055,0.250000,-0.009565,0.574622,0.000000,-0.003474,-1.211249,0.000000
25.750000,4.506132,2.311928,0.250000,-0.009580,0.568595,0.000000,-0.003026,-1.205398,0.000000
25.755000,4.506085,2.314771,0.250000,-0.009593,0.562598,0.000000,-0.002588,-1.199450,0.000000
25.760000,4.506037,2.317584,0.250000,-0.009604,0.556631,0.000000,-0.002159,-1.193409,0.000000
25.765000,4.505989,2.320368,0.250000,-0.009613,0.550694,0.000000,-0.001740,-1.187277,0.000000
25.770000,4.505941,2.323121,0.250000,-0.009619,0.544789,0.000000,-0.001330,-1.181059,0.000000
25.775000,4.505892,2.325845,0.250000,-0.009624,0.538915,0.000000,-0.000930,-1.174757,0.000000
25.780000,4.505844,2.328540,0.250000,-0.009627,0.533073,0.000000,-0.000538,-1.168375,0.000000
25.785000,4.505796,2.331205,0.250000,-0.009627,0.527264,0.000000,-0.000155,-1.161916,0.000000
25.790000,4.505748,2.333841,0.250000,-0.009626,0.521487,0.000000,0.000219,-1.155381,0.000000
25.795000,4.505700,2.336449,0.250000,-0.009623,0.515743,0.000000,0.000584,-1.148776,0.000000
25.800000,4.505652,2.339027,0.250000,-0.009619,0.510033,0.000000,0.000940,-1.142102,0.000000
25.805000,4.505604,2.341578,0.250000,-0.009612,0.504356,0.000000,0.001289,-1.135363,0.000000
25.810000,4.505556,2.344099,0.250000,-0.009604,0.498713,0.000000,0.001629,-1.128560,0.000000
25.815000,4.505508,2.346593,0.250000,-0.009594,0.493104,0.000000,0.001960,-1.121698,0.000000
25.820000,4.505460,2.349058,0.250000,-0.009583,0.487531,0.000000,0.002284,-1.114778,0.000000
25.825000,4.505412,2.351496,0.250000,-0.009570,0.481992,0.000000,0.002600,-1.107803,0.000000
25.830000,4.505364,2.353906,0.250000,-0.009555,0.476488,0.000000,0.002908,-1.100777,0.000000
25.835000,4.505316,2.356288,0.250000,-0.009539,0.471019,0.000000,0.003208,-1.093701,0.000000
25.840000,4.505268,2.358644,0.250000,-0.009522,0.465586,0.000000,0.003501,-1.086578,0.000000
25.845000,4.505221,2.360972,0.250000,-0.009503,0.460189,0.000000,0.003787,-1.079410,0.000000
25.850000,4.505173,2.363272,0.250000,-0.009483,0.454828,0.000000,0.004065,-1.072200,0.000000
25.855000,4.505126,2.365547,0.250000,-0.009461,0.449503,0.000000,0.004336,-1.064950,0.000000
25.860000,4.505079,2.367794,0.250000,-0.009438,0.444215,0.000000,0.004600,-1.057663,0.000000
25.865000,4.505031,2.370015,0.250000,-0.009414,0.438963,0.000000,0.004856,-1.050341,0.000000
25.870000,4.504984,2.372210,0.250000,-0.009388,0.433749,0.000000,0.005106,-1.042985,0.000000
25.875000,4.504937,2.374379,0.250000,-0.009361,0.428571,0.000000,0.005350,-1.035599,0.000000
25.880000,4.504891,2.376522,0.250000,-0.009333,0.423430,0.000000,0.005586,-1.028184,0.000000
25.885000,4.504844,2.378639,0.250000,-0.009304,0.418326,0.000000,0.005816,-1.020743,0.000000
25.890000,4.504797,2.380730,0.250000,-0.009274,0.413260,0.000000,0.006040,-1.013276,0.000000
25.895000,4.504751,2.382797,0.250000,-0.009243,0.408231,0.000000,0.006257,-1.005788,0.000000
25.900000,4.504705,2.384838,0.250000,-0.009210,0.403239,0.000000,0.006468,-0.998278,0.000000
25.905000,4.504659,2.386854,0.250000,-0.009177,0.398285,0.000000,0.006673,-0.990750,0.000000
25.910000,4.504613,2.388845,0.250000,-0.009143,0.393369,0.000000,0.006872,-0.983206,0.000000
25.915000,4.504567,2.390812,0.250000,-0.009107,0.388491,0.000000,0.007065,-0.975646,0.000000
25.920000,4.504522,2.392755,0.250000,-0.009071,0.383651,0.000000,0.007253,-0.968073,0.000000
25.925000,4.504476,2.394673,0.250000,-0.009034,0.378848,0.000000,0.007434,-0.960489,0.000000
25.930000,4.504431,2.396567,0.250000,-0.008996,0.374084,0.000000,0.007610,-0.952895,0.000000
25.935000,4.504386,2.398438,0.250000,-0.008957,0.369357,0.000000,0.007780,-0.945293,0.000000
25.940000,4.504341,2.400284,0.250000,-0.008917,0.364669,0.000000,0.007945,-0.937684,0.000000
25.945000,4.504297,2.402108,0.250000,-0.008877,0.360019,0.000000,0.008105,-0.930071,0.000000
25.950000,4.504252,2.403908,0.250000,-0.008835,0.355406,0.000000,0.008259,-0.922455,0.000000
25.955000,4.504208,2.405685,0.250000,-0.008793,0.350832,0.000000,0.008409,-0.914837,0.000000
25.960000,4.504164,2.407439,0.250000,-0.008751,0.346296,0.000000,0.008553,-0.907219,0.000000
25.965000,4.504120,2.409171,0.250000,-0.008707,0.341798,0.000000,0.008692,-0.899602,0.000000
25.970000,4.504077,2.410880,0.250000,-0.008663,0.337338,0.000000,0.008826,-0.891988,0.000000
25.975000,4.504034,2.412566,0.250000,-0.008618,0.332916,0.000000,0.008956,-0.884378,0.000000
25.980000,4.503990,2.414231,0.250000,-0.008573,0.328532,0.000000,0.009081,-0.876774,0.000000
25.985000,4.503948,2.415874,0.250000,-0.008527,0.324187,0.000000,0.009201,-0.869177,0.000000
25.990000,4.503905,2.417494,0.250000,-0.008480,0.319879,0.000000,0.009316,-0.861587,0.000000
25.995000,4.503863,2.419094,0.250000,-0.008433,0.315609,0.000000,0.009428,-0.854008,0.000000
26.000000,4.503820,2.420672,0.250000,-0.008385,0.311376,0.000000,0.009534,-0.846439,0.000000
26.005000,4.503778,2.422229,0.250000,-0.008337,0.307182,0.000000,0.009637,-0.838881,0.000000
26.010000,4.503737,2.423765,0.250000,-0.008289,0.303025,0.000000,0.009735,-0.831337,0.000000
26.015000,4.503695,2.425280,0.250000,-0.008239,0.298906,0.000000,0.009829,-0.823807,0.000000
26.020000,4.503654,2.426774,0.250000,-0.008190,0.294825,0.000000,0.009919,-0.816293,0.000000
26.025000,4.503613,2.428248,0.250000,-0.008140,0.290781,0.000000,0.010005,-0.808795,0.000000
26.030000,4.503573,2.429702,0.250000,-0.008089,0.286774,0.000000,0.010088,-0.801314,0.000000
26.035000,4.503532,2.431136,0.250000,-0.008039,0.282805,0.000000,0.010166,-0.793852,0.000000
26.040000,4.503492,2.432550,0.250000,-0.007987,0.278873,0.000000,0.010240,-0.786409,0.000000
26.045000,4.503452,2.433945,0.250000,-0.007936,0.274978,0.000000,0.010311,-0.778987,0.000000
26.050000,4.503412,2.435320,0.250000,-0.007884,0.271120,0.000000,0.010379,-0.771587,0.000000
26.055000,4.503373,2.436675,0.250000,-0.007832,0.267299,0.000000,0.010442,-0.764209,0.000000
26.060000,4.503334,2.438012,0.250000,-0.007779,0.263515,0.000000,0.010503,-0.756854,0.000000
26.065000,4.503295,2.439329,0.250000,-0.007726,0.259767,0.000000,0.010559,-0.749523,0.000000
26.070000,4.503256,2.440628,0.250000,-0.007673,0.256056,0.000000,0.010613,-0.742218,0.000000
26.075000,4.503218,2.441908,0.250000,-0.007620,0.252381,0.000000,0.010663,-0.734938,0.000000
26.080000,4.503180,2.443170,0.250000,-0.007566,0.248743,0.000000,0.010710,-0.727685,0.000000
26.085000,4.503142,2.444414,0.250000,-0.007513,0.245141,0.000000,0.010754,-0.720459,0.000000
26.090000,4.503104,2.445640,0.250000,-0.007459,0.241574,0.000000,0.010795,-0.713261,0.000000
26.095000,4.503067,2.446847,0.250000,-0.007405,0.238044,0.000000,0.010833,-0.706093,0.000000
26.100000,4.503030,2.448038,0.250000,-0.007350,0.234549,0.000000,0.010867,-0.698954,0.000000
26.105000,4.502993,2.449210,0.250000,-0.007296,0.231090,0.000000,0.010899,-0.691845,0.000000
26.110000,4.502957,2.450366,0.250000,-0.007241,0.227666,0.000000,0.010928,-0.684768,0.000000
26.115000,4.502921,2.451504,0.250000,-0.007186,0.224277,0.000000,0.010955,-0.677722,0.000000
26.120000,4.502885,2.452626,0.250000,-0.007131,0.220924,0.000000,0.010978,-0.670708,0.000000
26.125000,4.502849,2.453730,0.250000,-0.007076,0.217605,0.000000,0.010999,-0.663727,0.000000
26.130000,4.502814,2.454818,0.250000,-0.007021,0.214321,0.000000,0.011018,-0.656780,0.000000
26.135000,4.502778,2.455890,0.250000,-0.006966,0.211072,0.000000,0.011033,-0.649867,0.000000
26.140000,4.502744,2.456945,0.250000,-0.006911,0.207857,0.000000,0.011047,-0.642988,0.000000
26.145000,4.502709,2.457985,0.250000,-0.006856,0.204676,0.000000,0.011058,-0.636144,0.000000
26.150000,4.502675,2.459008,0.250000,-0.006800,0.201530,0.000000,0.011066,-0.629336,0.000000
26.155000,4.502641,2.460016,0.250000,-0.006745,0.198417,0.000000,0.011072,-0.622564,0.000000
26.160000,4.502607,2.461008,0.250000,-0.006690,0.195338,0.000000,0.011076,-0.615829,0.000000
26.165000,4.502574,2.461984,0.250000,-0.006634,0.192292,0.000000,0.011078,-0.609130,0.000000
26.170000,4.502540,2.462946,0.250000,-0.006579,0.189280,0.000000,0.011077,-0.602469,0.000000
26.175000,4.502508,2.463892,0.250000,-0.006523,0.186300,0.000000,0.011075,-0.595846,0.000000
26.180000,4.502475,2.464824,0.250000,-0.006468,0.183354,0.000000,0.011070,-0.589261,0.000000
26.185000,4.502443,2.465740,0.250000,-0.006413,0.180441,0.000000,0.011063,-0.582715,0.000000
26.190000,4.502411,2.466643,0.250000,-0.006357,0.177560,0.000000,0.011055,-0.576208,0.000000
26.195000,4.502379,2.467530,0.250000,-0.006302,0.174711,0.000000,0.011044,-0.569740,0.000000
26.200000,4.502347,2.468404,0.250000,-0.006247,0.171894,0.000000,0.011032,-0.563312,0.000000
26.205000,4.502316,2.469263,0.250000,-0.006192,0.169110,0.000000,0.011017,-0.556923,0.000000
26.210000,4.502285,2.470109,0.250000,-0.006137,0.166357,0.000000,0.011001,-0.550576,0.000000
26.215000,4.502254,2.470941,0.250000,-0.006082,0.163635,0.000000,0.010983,-0.544268,0.000000
26.220000,4.502224,2.471759,0.250000,-0.006027,0.160945,0.000000,0.010964,-0.538002,0.000000
26.225000,4.502194,2.472564,0.250000,-0.005973,0.158287,0.000000,0.010943,-0.531777,0.000000
26.230000,4.502164,2.473355,0.250000,-0.005918,0.155659,0.000000,0.010920,-0.525593,0.000000
26.235000,4.502134,2.474133,0.250000,-0.005863,0.153061,0.000000,0.010896,-0.519451,0.000000
26.240000,4.502105,2.474899,0.250000,-0.005809,0.150495,0.000000,0.010870,-0.513350,0.000000
26.245000,4.502076,2.475651,0.250000,-0.005755,0.147958,0.000000,0.010842,-0.507292,0.000000
26.250000,4.502047,2.476391,0.250000,-0.005701,0.145452,0.000000,0.010813,-0.501276,0.000000
26.255000,4.502019,2.477118,0.250000,-0.005647,0.142975,0.000000,0.010783,-0.495302,0.000000
26.260000,4.501990,2.477833,0.250000,-0.005593,0.140528,0.000000,0.010751,-0.489371,0.000000
26.265000,4.501963,2.478536,0.250000,-0.005540,0.138111,0.000000,0.010718,-0.483483,0.000000
26.270000,4.501935,2.479226,0.250000,-0.005486,0.135723,0.000000,0.010684,-0.477638,0.000000
26.275000,4.501907,2.479905,0.250000,-0.005433,0.133364,0.000000,0.010649,-0.471836,0.000000
26.280000,4.501880,2.480572,0.250000,-0.005380,0.131033,0.000000,0.010612,-0.466076,0.000000
