time,pos_x,pos_y,pos_z,vel_x,vel_y,vel_z,acc_x,acc_y,acc_z
0.005000,0.500000,0.500000,0.250000,0.000000,0.038462,0.000000,0.000000,7.692308,0.000000
0.010000,0.500000,0.500192,0.250000,0.000000,0.076028,0.000000,0.000000,7.513314,0.000000
0.015000,0.500000,0.500572,0.250000,0.000000,0.112713,0.000000,0.000000,7.337005,0.000000
0.020000,0.500000,0.501136,0.250000,0.000000,0.148530,0.000000,0.000000,7.163355,0.000000
0.025000,0.500000,0.501879,0.250000,0.000000,0.183492,0.000000,0.000000,6.992334,0.000000
0.030000,0.500000,0.502796,0.250000,0.000000,0.217611,0.000000,0.000000,6.823915,0.000000
0.035000,0.500000,0.503884,0.250000,0.000000,0.250902,0.000000,0.000000,6.658070,0.000000
0.040000,0.500000,0.505139,0.250000,0.000000,0.283375,0.000000,0.000000,6.494772,0.000000
0.045000,0.500000,0.506556,0.250000,0.000000,0.315045,0.000000,0.000000,6.333994,0.000000
0.050000,0.500000,0.508131,0.250000,0.000000,0.345924,0.000000,0.000000,6.175708,0.000000
0.055000,0.500000,0.509860,0.250000,0.000000,0.376023,0.000000,0.000000,6.019887,0.000000
0.060000,0.500000,0.511741,0.250000,0.000000,0.405356,0.000000,0.000000,5.866504,0.000000
0.065000,0.500000,0.513767,0.250000,0.000000,0.433933,0.000000,0.000000,5.715532,0.000000
0.070000,0.500000,0.515937,0.250000,0.000000,0.461768,0.000000,0.000000,5.566946,0.000000
0.075000,0.500000,0.518246,0.250000,0.000000,0.488872,0.000000,0.000000,5.420717,0.000000
0.080000,0.500000,0.520690,0.250000,0.000000,0.515256,0.000000,0.000000,5.276821,0.000000
0.085000,0.500000,0.523266,0.250000,0.000000,0.540932,0.000000,0.000000,5.135231,0.000000
0.090000,0.500000,0.525971,0.250000,0.000000,0.565912,0.000000,0.000000,4.995920,0.000000
0.095000,0.500000,0.528801,0.250000,0.000000,0.590206,0.000000,0.000000,4.858864,0.000000
0.100000,0.500000,0.531752,0.250000,0.000000,0.613826,0.000000,0.000000,4.724036,0.000000
0.105000,0.500000,0.534821,0.250000,0.000000,0.636783,0.000000,0.000000,4.591411,0.000000
0.110000,0.500000,0.538005,0.250000,0.000000,0.659088,0.000000,0.000000,4.460964,0.000000
0.115000,0.500000,0.541300,0.250000,0.000000,0.680751,0.000000,0.000000,4.332669,0.000000
0.120000,0.500000,0.544704,0.250000,0.000000,0.701784,0.000000,0.000000,4.206502,0.000000
0.125000,0.500000,0.548213,0.250000,0.000000,0.722196,0.000000,0.000000,4.082437,0.000000
0.130000,0.500000,0.551824,0.250000,0.000000,0.741998,0.000000,0.000000,3.960450,0.000000
0.135000,0.500000,0.555534,0.250000,0.000000,0.761201,0.000000,0.000000,3.840517,0.000000
0.140000,0.500000,0.559340,0.250000,0.000000,0.779814,0.000000,0.000000,3.722612,0.000000
0.145000,0.500000,0.563239,0.250000,0.000000,0.797848,0.000000,0.000000,3.606713,0.000000
0.150000,0.500000,0.567228,0.250000,0.000000,0.815312,0.000000,0.000000,3.492795,0.000000
0.155000,0.500000,0.571305,0.250000,0.000000,0.832216,0.000000,0.000000,3.380834,0.000000
0.160000,0.500000,0.575466,0.250000,0.000000,0.848570,0.000000,0.000000,3.270806,0.000000
0.165000,0.500000,0.579709,0.250000,0.000000,0.864383,0.000000,0.000000,3.162689,0.000000
0.170000,0.500000,0.584031,0.250000,0.000000,0.879665,0.000000,0.000000,3.056458,0.000000
0.175000,0.500000,0.588429,0.250000,0.000000,0.894426,0.000000,0.000000,2.952091,0.000000
0.180000,0.500000,0.592901,0.250000,0.000000,0.908674,0.000000,0.000000,2.849565,0.000000
0.185000,0.500000,0.597444,0.250000,0.000000,0.922418,0.000000,0.000000,2.748857,0.000000
0.190000,0.500000,0.602056,0.250000,0.000000,0.935668,0.000000,0.000000,2.649944,0.000000
0.195000,0.500000,0.606735,0.250000,0.000000,0.948432,0.000000,0.000000,2.552804,0.000000
0.200000,0.500000,0.611477,0.250000,0.000000,0.960719,0.000000,0.000000,2.457415,0.000000
0.205000,0.500000,0.616281,0.250000,0.000000,0.972538,0.000000,0.000000,2.363755,0.000000
0.210000,0.500000,0.621143,0.250000,0.000000,0.983897,0.000000,0.000000,2.271801,0.000000
0.215000,0.500000,0.626063,0.250000,0.000000,0.994804,0.000000,0.000000,2.181533,0.000000
0.220000,0.500000,0.631037,0.250000,0.000000,1.005269,0.000000,0.000000,2.092928,0.000000
0.225000,0.500000,0.636063,0.250000,0.000000,1.015299,0.000000,0.000000,2.005966,0.000000
0.230000,0.500000,0.641140,0.250000,0.000000,1.024902,0.000000,0.000000,1.920624,0.000000
0.235000,0.500000,0.646264,0.250000,0.000000,1.034086,0.000000,0.000000,1.836883,0.000000
0.240000,0.500000,0.651435,0.250000,0.000000,1.042860,0.000000,0.000000,1.754721,0.000000
0.245000,0.500000,0.656649,0.250000,0.000000,1.051230,0.000000,0.000000,1.674117,0.000000
0.250000,0.500000,0.661905,0.250000,0.000000,1.059206,0.000000,0.000000,1.595052,0.000000
0.255000,0.500000,0.667201,0.250000,0.000000,1.066793,0.000000,0.000000,1.517504,0.000000
0.260000,0.500000,0.672535,0.250000,0.000000,1.074001,0.000000,0.000000,1.441454,0.000000
0.265000,0.500000,0.677905,0.250000,0.000000,1.080835,0.000000,0.000000,1.366882,0.000000
0.270000,0.500000,0.683309,0.250000,0.000000,1.087304,0.000000,0.000000,1.293768,0.000000
0.275000,0.500000,0.688746,0.250000,0.000000,1.093414,0.000000,0.000000,1.222093,0.000000
0.280000,0.500000,0.694213,0.250000,0.000000,1.099173,0.000000,0.000000,1.151836,0.000000
0.285000,0.500000,0.699709,0.250000,0.000000,1.104588,0.000000,0.000000,1.082980,0.000000
0.290000,0.500000,0.705232,0.250000,0.000000,1.109666,0.000000,0.000000,1.015504,0.000000
0.295000,0.500000,0.710780,0.250000,0.000000,1.114413,0.000000,0.000000,0.949389,0.000000
0.300000,0.500000,0.716352,0.250000,0.000000,1.118836,0.000000,0.000000,0.884618,0.000000
0.305000,0.500000,0.721946,0.250000,0.000000,1.122942,0.000000,0.000000,0.821172,0.000000
0.310000,0.500000,0.727561,0.250000,0.000000,1.126737,0.000000,0.000000,0.759032,0.000000
0.315000,0.500000,0.733195,0.250000,0.000000,1.130228,0.000000,0.000000,0.698180,0.000000
0.320000,0.500000,0.738846,0.250000,0.000000,1.133421,0.000000,0.000000,0.638597,0.000000
0.325000,0.500000,0.744513,0.250000,0.000000,1.136322,0.000000,0.000000,0.580267,0.000000
0.330000,0.500000,0.750194,0.250000,0.000000,1.138938,0.000000,0.000000,0.523172,0.000000
0.335000,0.500000,0.755889,0.250000,0.000000,1.141274,0.000000,0.000000,0.467293,0.000000
0.340000,0.500000,0.761595,0.250000,0.000000,1.143338,0.000000,0.000000,0.412615,0.000000
0.345000,0.500000,0.767312,0.250000,0.000000,1.145133,0.000000,0.000000,0.359118,0.000000
0.350000,0.500000,0.773038,0.250000,0.000000,1.146667,0.000000,0.000000,0.306787,0.000000
0.355000,0.500000,0.778771,0.250000,0.000000,1.147945,0.000000,0.000000,0.255605,0.000000
0.360000,0.500000,0.784511,0.250000,0.000000,1.148973,0.000000,0.000000,0.205555,0.000000
0.365000,0.500000,0.790256,0.250000,0.000000,1.149756,0.000000,0.000000,0.156620,0.000000
0.370000,0.500000,0.796004,0.250000,0.000000,1.150300,0.000000,0.000000,0.108784,0.000000
0.375000,0.500000,0.801756,0.250000,0.000000,1.150610,0.000000,0.000000,0.062031,0.000000
0.380000,0.500000,0.807509,0.250000,0.000000,1.150692,0.000000,0.000000,0.016346,0.000000
0.385000,0.500000,0.813262,0.250000,0.000000,1.150550,0.000000,0.000000,-0.028289,0.000000
0.390000,0.500000,0.819015,0.250000,0.000000,1.150191,0.000000,0.000000,-0.071888,0.000000
0.395000,0.500000,0.824766,0.250000,0.000000,1.149619,0.000000,0.000000,-0.114467,0.000000
0.400000,0.500000,0.830514,0.250000,0.000000,1.148838,0.000000,0.000000,-0.156042,0.000000
0.405000,0.500000,0.836258,0.250000,0.000000,1.147855,0.000000,0.000000,-0.196627,0.000000
0.410000,0.500000,0.841998,0.250000,0.000000,1.146674,0.000000,0.000000,-0.236238,0.000000
0.415000,0.500000,0.847731,0.250000,0.000000,1.145300,0.000000,0.000000,-0.274889,0.000000
0.420000,0.500000,0.853458,0.250000,0.000000,1.143737,0.000000,0.000000,-0.312595,0.000000
0.425000,0.500000,0.859176,0.250000,0.000000,1.141990,0.000000,0.000000,-0.349371,0.000000
0.430000,0.500000,0.864886,0.250000,0.000000,1.140064,0.000000,0.000000,-0.385232,0.000000
0.435000,0.500000,0.870587,0.250000,0.000000,1.137963,0.000000,0.000000,-0.420190,0.000000
0.440000,0.500000,0.876276,0.250000,0.000000,1.135691,0.000000,0.000000,-0.454261,0.000000
0.445000,0.500000,0.881955,0.250000,0.000000,1.133254,0.000000,0.000000,-0.487459,0.000000
0.450000,0.500000,0.887621,0.250000,0.000000,1.130655,0.000000,0.000000,-0.519796,0.000000
0.455000,0.500000,0.893274,0.250000,0.000000,1.127899,0.000000,0.000000,-0.551288,0.000000
0.460000,0.500000,0.898914,0.250000,0.000000,1.124989,0.000000,0.000000,-0.581947,0.000000
0.465000,0.500000,0.904539,0.250000,0.000000,1.121930,0.000000,0.000000,-0.611786,0.000000
0.470000,0.500000,0.910148,0.250000,0.000000,1.118726,0.000000,0.000000,-0.640819,0.000000
0.475000,0.500000,0.915742,0.250000,0.000000,1.115381,0.000000,0.000000,-0.669059,0.000000
0.480000,0.500000,0.921319,0.250000,0.000000,1.111898,0.000000,0.000000,-0.696518,0.000000
0.485000,0.500000,0.926879,0.250000,0.000000,1.108282,0.000000,0.000000,-0.723210,0.000000
0.490000,0.500000,0.932420,0.250000,0.000000,1.104536,0.000000,0.000000,-0.749147,0.000000
0.495000,0.500000,0.937943,0.250000,0.000000,1.100664,0.000000,0.000000,-0.774341,0.000000
0.500000,0.500000,0.943446,0.250000,0.000000,1.096670,0.000000,0.000000,-0.798805,0.000000
0.505000,0.500000,0.948929,0.250000,0.000000,1.092558,0.000000,0.000000,-0.822550,0.000000
0.510000,0.500000,0.954392,0.250000,0.000000,1.088330,0.000000,0.000000,-0.845590,0.000000
0.515000,0.500000,0.959834,0.250000,0.000000,1.083990,0.000000,0.000000,-0.867935,0.000000
0.520000,0.500000,0.965254,0.250000,0.000000,1.079542,0.000000,0.000000,-0.889598,0.000000
0.525000,0.500000,0.970651,0.250000,0.000000,1.074989,0.000000,0.000000,-0.910589,0.000000
0.530000,0.500000,0.976026,0.250000,0.000000,1.070335,0.000000,0.000000,-0.930922,0.000000
0.535000,0.500000,0.981378,0.250000,0.000000,1.065582,0.000000,0.000000,-0.950605,0.000000
0.540000,0.500000,0.986706,0.250000,0.000000,1.060733,0.000000,0.000000,-0.969652,0.000000
0.545000,0.500000,0.992010,0.250000,0.000000,1.055793,0.000000,0.000000,-0.988073,0.000000
0.550000,0.500000,0.997289,0.250000,0.000000,1.050763,0.000000,0.000000,-1.005879,0.000000
0.555000,0.500000,1.002542,0.250000,0.000000,1.045648,0.000000,0.000000,-1.023080,0.000000
0.560000,0.500000,1.007771,0.250000,0.000000,1.040450,0.000000,0.000000,-1.039688,0.000000
0.565000,0.500000,1.012973,0.250000,0.000000,1.035171,0.000000,0.000000,-1.055712,0.000000
0.570000,0.500000,1.018149,0.250000,0.000000,1.029815,0.000000,0.000000,-1.071164,0.000000
0.575000,0.500000,1.023298,0.250000,0.000000,1.024385,0.000000,0.000000,-1.086053,0.000000
0.580000,0.500000,1.028420,0.250000,0.000000,1.018883,0.000000,0.000000,-1.100390,0.000000
0.585000,0.500000,1.033514,0.250000,0.000000,1.013312,0.000000,0.000000,-1.114184,0.000000
0.590000,0.500000,1.038581,0.250000,0.000000,1.007675,0.000000,0.000000,-1.127446,0.000000
0.595000,0.500000,1.043619,0.250000,0.000000,1.001974,0.000000,0.000000,-1.140184,0.000000
0.600000,0.500000,1.048629,0.250000,0.000000,0.996212,0.000000,0.000000,-1.152410,0.000000
0.605000,0.500000,1.053610,0.250000,0.000000,0.990391,0.000000,0.000000,-1.164132,0.000000
0.610000,0.500000,1.058562,0.250000,0.000000,0.984514,0.000000,0.000000,-1.175359,0.000000
0.615000,0.500000,1.063484,0.250000,0.000000,0.978584,0.000000,0.000000,-1.186101,0.000000
0.620000,0.500000,1.068377,0.250000,0.000000,0.972602,0.000000,0.000000,-1.196368,0.000000
0.625000,0.500000,1.073240,0.250000,0.000000,0.966571,0.000000,0.000000,-1.206167,0.000000
0.630000,0.500000,1.078073,0.250000,0.000000,0.960494,0.000000,0.000000,-1.215508,0.000000
0.635000,0.500000,1.082876,0.250000,0.000000,0.954372,0.000000,0.000000,-1.224400,0.000000
0.640000,0.500000,1.087648,0.250000,0.000000,0.948207,0.000000,0.000000,-1.232851,0.000000
0.645000,0.500000,1.092389,0.250000,0.000000,0.942003,0.000000,0.000000,-1.240870,0.000000
0.650000,0.500000,1.097099,0.250000,0.000000,0.935761,0.000000,0.000000,-1.248466,0.000000
0.655000,0.500000,1.101777,0.250000,0.000000,0.929483,0.000000,0.000000,-1.255646,0.000000
0.660000,0.500000,1.106425,0.250000,0.000000,0.923170,0.000000,0.000000,-1.262419,0.000000
0.665000,0.500000,1.111041,0.250000,0.000000,0.916827,0.000000,0.000000,-1.268793,0.000000
0.670000,0.500000,1.115625,0.250000,0.000000,0.910453,0.000000,0.000000,-1.274775,0.000000
0.675000,0.500000,1.120177,0.250000,0.000000,0.904051,0.000000,0.000000,-1.280375,0.000000
0.680000,0.500000,1.124697,0.250000,0.000000,0.897623,0.000000,0.000000,-1.285599,0.000000
0.685000,0.500000,1.129185,0.250000,0.000000,0.891171,0.000000,0.000000,-1.290455,0.000000
0.690000,0.500000,1.133641,0.250000,0.000000,0.884696,0.000000,0.000000,-1.294951,0.000000
0.695000,0.500000,1.138065,0.250000,0.000000,0.878200,0.000000,0.000000,-1.299094,0.000000
0.700000,0.500000,1.142456,0.250000,0.000000,0.871686,0.000000,0.000000,-1.302892,0.000000
0.705000,0.500000,1.146814,0.250000,0.000000,0.865154,0.000000,0.000000,-1.306352,0.000000
0.710000,0.500000,1.151140,0.250000,0.000000,0.858607,0.000000,0.000000,-1.309480,0.000000
0.715000,0.500000,1.155433,0.250000,0.000000,0.852045,0.000000,0.000000,-1.312285,0.000000
0.720000,0.500000,1.159693,0.250000,0.000000,0.845471,0.000000,0.000000,-1.314773,0.000000
0.725000,0.500000,1.163921,0.250000,0.000000,0.838887,0.000000,0.000000,-1.316950,0.000000
0.730000,0.500000,1.168115,0.250000,0.000000,0.832293,0.000000,0.000000,-1.318823,0.000000
0.735000,0.500000,1.172277,0.250000,0.000000,0.825691,0.000000,0.000000,-1.320400,0.000000
0.740000,0.500000,1.176405,0.250000,0.000000,0.819082,0.000000,0.000000,-1.321687,0.000000
0.745000,0.500000,1.180500,0.250000,0.000000,0.812469,0.000000,0.000000,-1.322690,0.000000
0.750000,0.500000,1.184563,0.250000,0.000000,0.805852,0.000000,0.000000,-1.323415,0.000000
0.755000,0.500000,1.188592,0.250000,0.000000,0.799232,0.000000,0.000000,-1.323869,0.000000
0.760000,0.500000,1.192588,0.250000,0.000000,0.792612,0.000000,0.000000,-1.324058,0.000000
0.765000,0.500000,1.196551,0.250000,0.000000,0.785992,0.000000,0.000000,-1.323987,0.000000
0.770000,0.500000,1.200481,0.250000,0.000000,0.779374,0.000000,0.000000,-1.323664,0.000000
0.775000,0.500000,1.204378,0.250000,0.000000,0.772758,0.000000,0.000000,-1.323094,0.000000
0.780000,0.500000,1.208242,0.250000,0.000000,0.766147,0.000000,0.000000,-1.322283,0.000000
0.785000,0.500000,1.212073,0.250000,0.000000,0.759541,0.000000,0.000000,-1.321236,0.000000
0.790000,0.500000,1.215870,0.250000,0.000000,0.752941,0.000000,0.000000,-1.319959,0.000000
0.795000,0.500000,1.219635,0.250000,0.000000,0.746349,0.000000,0.000000,-1.318457,0.000000
0.800000,0.500000,1.223367,0.250000,0.000000,0.739765,0.000000,0.000000,-1.316737,0.000000
0.805000,0.500000,1.227066,0.250000,0.000000,0.733191,0.000000,0.000000,-1.314803,0.000000
0.810000,0.500000,1.230732,0.250000,0.000000,0.726628,0.000000,0.000000,-1.312661,0.000000
0.815000,0.500000,1.234365,0.250000,0.000000,0.720076,0.000000,0.000000,-1.310316,0.000000
0.820000,0.500000,1.237965,0.250000,0.000000,0.713537,0.000000,0.000000,-1.307774,0.000000
0.825000,0.500000,1.241533,0.250000,0.000000,0.707012,0.000000,0.000000,-1.305038,0.000000
0.830000,0.500000,1.245068,0.250000,0.000000,0.700501,0.000000,0.000000,-1.302114,0.000000
0.835000,0.500000,1.248570,0.250000,0.000000,0.694006,0.000000,0.000000,-1.299008,0.000000
0.840000,0.500000,1.252040,0.250000,0.000000,0.687528,0.000000,0.000000,-1.295723,0.000000
0.845000,0.500000,1.255478,0.250000,0.000000,0.681066,0.000000,0.000000,-1.292266,0.000000
0.850000,0.500000,1.258883,0.250000,0.000000,0.674623,0.000000,0.000000,-1.288639,0.000000
0.855000,0.500000,1.262256,0.250000,0.000000,0.668199,0.000000,0.000000,-1.284848,0.000000
0.860000,0.500000,1.265597,0.250000,0.000000,0.661794,0.000000,0.000000,-1.280898,0.000000
0.865000,0.500000,1.268906,0.250000,0.000000,0.655410,0.000000,0.000000,-1.276792,0.000000
0.870000,0.500000,1.272183,0.250000,0.000000,0.649048,0.000000,0.000000,-1.272536,0.000000
0.875000,0.500000,1.275429,0.250000,0.000000,0.642707,0.000000,0.000000,-1.268133,0.000000
0.880000,0.500000,1.278642,0.250000,0.000000,0.636389,0.000000,0.000000,-1.263588,0.000000
0.885000,0.500000,1.281824,0.250000,0.000000,0.630095,0.000000,0.000000,-1.258905,0.000000
0.890000,0.500000,1.284975,0.250000,0.000000,0.623824,0.000000,0.000000,-1.254087,0.000000
0.895000,0.500000,1.288094,0.250000,0.000000,0.617578,0.000000,0.000000,-1.249140,0.000000
0.900000,0.500000,1.291182,0.250000,0.000000,0.611358,0.000000,0.000000,-1.244067,0.000000
0.905000,0.500000,1.294238,0.250000,0.000000,0.605164,0.000000,0.000000,-1.238871,0.000000
0.910000,0.500000,1.297264,0.250000,0.000000,0.598996,0.000000,0.000000,-1.233558,0.000000
0.915000,0.500000,1.300259,0.250000,0.000000,0.592855,0.000000,0.000000,-1.228129,0.000000
0.920000,0.500000,1.303223,0.250000,0.000000,0.586742,0.000000,0.000000,-1.222590,0.000000
0.925000,0.500000,1.306157,0.250000,0.000000,0.580658,0.000000,0.000000,-1.216943,0.000000
0.930000,0.500000,1.309060,0.250000,0.000000,0.574602,0.000000,0.000000,-1.211193,0.000000
0.935000,0.500000,1.311933,0.250000,0.000000,0.568575,0.000000,0.000000,-1.205342,0.000000
0.940000,0.500000,1.314776,0.250000,0.000000,0.562578,0.000000,0.000000,-1.199395,0.000000
0.945000,0.500000,1.317589,0.250000,0.000000,0.556611,0.000000,0.000000,-1.193354,0.000000
0.950000,0.500000,1.320372,0.250000,0.000000,0.550675,0.000000,0.000000,-1.187224,0.000000
0.955000,0.500000,1.323126,0.250000,0.000000,0.544770,0.000000,0.000000,-1.181006,0.000000
0.960000,0.500000,1.325850,0.250000,0.000000,0.538897,0.000000,0.000000,-1.174705,0.000000
0.965000,0.500000,1.328544,0.250000,0.000000,0.533055,0.000000,0.000000,-1.168323,0.000000
0.970000,0.500000,1.331209,0.250000,0.000000,0.527246,0.000000,0.000000,-1.161864,0.000000
0.975000,0.500000,1.333846,0.250000,0.000000,0.521469,0.000000,0.000000,-1.155330,0.000000
0.980000,0.500000,1.336453,0.250000,0.000000,0.515725,0.000000,0.000000,-1.148725,0.000000
0.985000,0.500000,1.339031,0.250000,0.000000,0.510015,0.000000,0.000000,-1.142052,0.000000
0.990000,0.500000,1.341582,0.250000,0.000000,0.504339,0.000000,0.000000,-1.135313,0.000000
0.995000,0.500000,1.344103,0.250000,0.000000,0.498696,0.000000,0.000000,-1.128511,0.000000
1.000000,0.500000,1.346597,0.250000,0.000000,0.493088,0.000000,0.000000,-1.121649,0.000000
1.005000,0.500000,1.349062,0.250000,0.000000,0.487514,0.000000,0.000000,-1.114730,0.000000
1.010000,0.500000,1.351500,0.250000,0.000000,0.481975,0.000000,0.000000,-1.107756,0.000000
1.015000,0.500000,1.353910,0.250000,0.000000,0.476472,0.000000,0.000000,-1.100729,0.000000
1.020000,0.500000,1.356292,0.250000,0.000000,0.471003,0.000000,0.000000,-1.093654,0.000000
1.025000,0.500000,1.358647,0.250000,0.000000,0.465571,0.000000,0.000000,-1.086531,0.000000
1.030000,0.500000,1.360975,0.250000,0.000000,0.460174,0.000000,0.000000,-1.079364,0.000000
1.035000,0.500000,1.363276,0.250000,0.000000,0.454813,0.000000,0.000000,-1.072155,0.000000
1.040000,0.500000,1.365550,0.250000,0.000000,0.449489,0.000000,0.000000,-1.064905,0.000000
1.045000,0.500000,1.367797,0.250000,0.000000,0.444201,0.000000,0.000000,-1.057619,0.000000
1.050000,0.500000,1.370018,0.250000,0.000000,0.438949,0.000000,0.000000,-1.050297,0.000000
1.055000,0.500000,1.372213,0.250000,0.000000,0.433734,0.000000,0.000000,-1.042942,0.000000
1.060000,0.500000,1.374382,0.250000,0.000000,0.428557,0.000000,0.000000,-1.035556,0.000000
1.065000,0.500000,1.376524,0.250000,0.000000,0.423416,0.000000,0.000000,-1.028141,0.000000
1.070000,0.500000,1.378642,0.250000,0.000000,0.418312,0.000000,0.000000,-1.020700,0.000000
1.075000,0.500000,1.380733,0.250000,0.000000,0.413246,0.000000,0.000000,-1.013235,0.000000
1.080000,0.500000,1.382799,0.250000,0.000000,0.408217,0.000000,0.000000,-1.005746,0.000000
1.085000,0.500000,1.384840,0.250000,0.000000,0.403226,0.000000,0.000000,-0.998238,0.000000
1.090000,0.500000,1.386857,0.250000,0.000000,0.398273,0.000000,0.000000,-0.990710,0.000000
1.095000,0.500000,1.388848,0.250000,0.000000,0.393357,0.000000,0.000000,-0.983166,0.000000
1.100000,0.500000,1.390815,0.250000,0.000000,0.388479,0.000000,0.000000,-0.975606,0.000000
1.105000,0.500000,1.392757,0.250000,0.000000,0.383639,0.000000,0.000000,-0.968034,0.000000
1.110000,0.500000,1.394675,0.250000,0.000000,0.378836,0.000000,0.000000,-0.960450,0.000000
1.115000,0.500000,1.396569,0.250000,0.000000,0.374072,0.000000,0.000000,-0.952856,0.000000
1.120000,0.500000,1.398440,0.250000,0.000000,0.369346,0.000000,0.000000,-0.945255,0.000000
1.125000,0.500000,1.400287,0.250000,0.000000,0.364658,0.000000,0.000000,-0.937647,0.000000
1.130000,0.500000,1.402110,0.250000,0.000000,0.360007,0.000000,0.000000,-0.930034,0.000000
1.135000,0.500000,1.403910,0.250000,0.000000,0.355395,0.000000,0.000000,-0.922418,0.000000
1.140000,0.500000,1.405687,0.250000,0.000000,0.350821,0.000000,0.000000,-0.914801,0.000000
1.145000,0.500000,1.407441,0.250000,0.000000,0.346285,0.000000,0.000000,-0.907183,0.000000
1.150000,0.500000,1.409172,0.250000,0.000000,0.341788,0.000000,0.000000,-0.899567,0.000000
1.155000,0.500000,1.410881,0.250000,0.000000,0.337328,0.000000,0.000000,-0.891953,0.000000
1.160000,0.500000,1.412568,0.250000,0.000000,0.332906,0.000000,0.000000,-0.884344,0.000000
1.165000,0.500000,1.414232,0.250000,0.000000,0.328522,0.000000,0.000000,-0.876740,0.000000
1.170000,0.500000,1.415875,0.250000,0.000000,0.324177,0.000000,0.000000,-0.869143,0.000000
1.175000,0.500000,1.417496,0.250000,0.000000,0.319869,0.000000,0.000000,-0.861554,0.000000
1.180000,0.500000,1.419095,0.250000,0.000000,0.315599,0.000000,0.000000,-0.853975,0.000000
1.185000,0.500000,1.420673,0.250000,0.000000,0.311367,0.000000,0.000000,-0.846406,0.000000
1.190000,0.500000,1.422230,0.250000,0.000000,0.307173,0.000000,0.000000,-0.838849,0.000000
1.195000,0.500000,1.423766,0.250000,0.000000,0.303016,0.000000,0.000000,-0.831306,0.000000
1.200000,0.500000,1.425281,0.250000,0.000000,0.298897,0.000000,0.000000,-0.823776,0.000000
1.205000,0.500000,1.426776,0.250000,0.000000,0.294816,0.000000,0.000000,-0.816262,0.000000
1.210000,0.500000,1.428250,0.250000,0.000000,0.290772,0.000000,0.000000,-0.808764,0.000000
1.215000,0.500000,1.429704,0.250000,0.000000,0.286766,0.000000,0.000000,-0.801284,0.000000
1.220000,0.500000,1.431137,0.250000,0.000000,0.282797,0.000000,0.000000,-0.793822,0.000000
1.225000,0.500000,1.432551,0.250000,0.000000,0.278865,0.000000,0.000000,-0.786380,0.000000
1.230000,0.500000,1.433946,0.250000,0.000000,0.274970,0.000000,0.000000,-0.778958,0.000000
1.235000,0.500000,1.435321,0.250000,0.000000,0.271112,0.000000,0.000000,-0.771558,0.000000
1.240000,0.500000,1.436676,0.250000,0.000000,0.267291,0.000000,0.000000,-0.764180,0.000000
1.245000,0.500000,1.438013,0.250000,0.000000,0.263507,0.000000,0.000000,-0.756826,0.000000
1.250000,0.500000,1.439330,0.250000,0.000000,0.259760,0.000000,0.000000,-0.749496,0.000000
1.255000,0.500000,1.440629,0.250000,0.000000,0.256049,0.000000,0.000000,-0.742190,0.000000
1.260000,0.500000,1.441909,0.250000,0.000000,0.252374,0.000000,0.000000,-0.734911,0.000000
1.265000,0.500000,1.443171,0.250000,0.000000,0.248736,0.000000,0.000000,-0.727658,0.000000
1.270000,0.500000,1.444415,0.250000,0.000000,0.245134,0.000000,0.000000,-0.720433,0.000000
1.275000,0.500000,1.445640,0.250000,0.000000,0.241568,0.000000,0.000000,-0.713236,0.000000
1.280000,0.500000,1.446848,0.250000,0.000000,0.238037,0.000000,0.000000,-0.706067,0.000000
1.285000,0.500000,1.448038,0.250000,0.000000,0.234543,0.000000,0.000000,-0.698929,0.000000
1.290000,0.500000,1.449211,0.250000,0.000000,0.231084,0.000000,0.000000,-0.691821,0.000000
1.295000,0.500000,1.450366,0.250000,0.000000,0.227660,0.000000,0.000000,-0.684743,0.000000
1.300000,0.500000,1.451505,0.250000,0.000000,0.224271,0.000000,0.000000,-0.677698,0.000000
1.305000,0.500000,1.452626,0.250000,0.000000,0.220918,0.000000,0.000000,-0.670684,0.000000
1.310000,0.500000,1.453731,0.250000,0.000000,0.217599,0.000000,0.000000,-0.663704,0.000000
1.315000,0.500000,1.454819,0.250000,0.000000,0.214316,0.000000,0.000000,-0.656757,0.000000
1.320000,0.500000,1.455890,0.250000,0.000000,0.211066,0.000000,0.000000,-0.649844,0.000000
1.325000,0.500000,1.456946,0.250000,0.000000,0.207852,0.000000,0.000000,-0.642965,0.000000
1.330000,0.500000,1.457985,0.250000,0.000000,0.204671,0.000000,0.000000,-0.636122,0.000000
1.335000,0.500000,1.459008,0.250000,0.000000,0.201524,0.000000,0.000000,-0.629314,0.000000
1.340000,0.500000,1.460016,0.250000,0.000000,0.198412,0.000000,0.000000,-0.622542,0.000000
1.345000,0.500000,1.461008,0.250000,0.000000,0.195333,0.000000,0.000000,-0.615807,0.000000
1.350000,0.500000,1.461985,0.250000,0.000000,0.192287,0.000000,0.000000,-0.609109,0.000000
1.355000,0.500000,1.462946,0.250000,0.000000,0.189275,0.000000,0.000000,-0.602448,0.000000
1.360000,0.500000,1.463892,0.250000,0.000000,0.186296,0.000000,0.000000,-0.595826,0.000000
1.365000,0.500000,1.464824,0.250000,0.000000,0.183350,0.000000,0.000000,-0.589241,0.000000
1.370000,0.500000,1.465741,0.250000,0.000000,0.180436,0.000000,0.000000,-0.582695,0.000000
1.375000,0.500000,1.466643,0.250000,0.000000,0.177555,0.000000,0.000000,-0.576188,0.000000
1.380000,0.500000,1.467531,0.250000,0.000000,0.174707,0.000000,0.000000,-0.569720,0.000000
1.385000,0.500000,1.468404,0.250000,0.000000,0.171890,0.000000,0.000000,-0.563293,0.000000
1.390000,0.500000,1.469264,0.250000,0.000000,0.169106,0.000000,0.000000,-0.556905,0.000000
1.395000,0.500000,1.470109,0.250000,0.000000,0.166353,0.000000,0.000000,-0.550557,0.000000
1.400000,0.500000,1.470941,0.250000,0.000000,0.163631,0.000000,0.000000,-0.544250,0.000000
1.405000,0.500000,1.471759,0.250000,0.000000,0.160942,0.000000,0.000000,-0.537984,0.000000
1.410000,0.500000,1.472564,0.250000,0.000000,0.158283,0.000000,0.000000,-0.531759,0.000000
1.415000,0.500000,1.473355,0.250000,0.000000,0.155655,0.000000,0.000000,-0.525575,0.000000
1.420000,0.500000,1.474133,0.250000,0.000000,0.153058,0.000000,0.000000,-0.519434,0.000000
1.425000,0.500000,1.474899,0.250000,0.000000,0.150491,0.000000,0.000000,-0.513333,0.000000
1.430000,0.500000,1.475651,0.250000,0.000000,0.147955,0.000000,0.000000,-0.507275,0.000000
1.435000,0.500000,1.476391,0.250000,0.000000,0.145448,0.000000,0.000000,-0.501260,0.000000
1.440000,0.500000,1.477118,0.250000,0.000000,0.142972,0.000000,0.000000,-0.495286,0.000000
1.445000,0.500000,1.477833,0.250000,0.000000,0.140525,0.000000,0.000000,-0.489355,0.000000
1.450000,0.500000,1.478536,0.250000,0.000000,0.138108,0.000000,0.000000,-0.483467,0.000000
1.455000,0.500000,1.479226,0.250000,0.000000,0.135720,0.000000,0.000000,-0.477622,0.000000
1.460000,0.500000,1.479905,0.250000,0.000000,0.133361,0.000000,0.000000,-0.471820,0.000000
1.465000,0.500000,1.480572,0.250000,0.000000,0.131030,0.000000,0.000000,-0.466061,0.000000
2.935000,0.500000,1.481227,0.250000,0.000000,0.167190,0.000000,0.000000,7.231962,0.000000
2.940000,0.500000,1.482063,0.250000,0.000000,0.202483,0.000000,0.000000,7.058640,0.000000
2.945000,0.500000,1.483075,0.250000,0.000000,0.236923,0.000000,0.000000,6.887961,0.000000
2.950000,0.500000,1.484260,0.250000,0.000000,0.270523,0.000000,0.000000,6.719895,0.000000
2.955000,0.500000,1.485612,0.250000,0.000000,0.303295,0.000000,0.000000,6.554416,0.000000
2.960000,0.500000,1.487129,0.250000,0.000000,0.335252,0.000000,0.000000,6.391495,0.000000
2.965000,0.500000,1.488805,0.250000,0.000000,0.366408,0.000000,0.000000,6.231105,0.000000
2.970000,0.500000,1.490637,0.250000,0.000000,0.396774,0.000000,0.000000,6.073217,0.000000
2.975000,0.500000,1.492621,0.250000,0.000000,0.426363,0.000000,0.000000,5.917806,0.000000
2.980000,0.500000,1.494753,0.250000,0.000000,0.455187,0.000000,0.000000,5.764842,0.000000
2.985000,0.500000,1.497029,0.250000,0.000000,0.483259,0.000000,0.000000,5.614300,0.000000
2.990000,0.500000,1.499445,0.250000,0.000000,0.510589,0.000000,0.000000,5.466153,0.000000
2.995000,0.500000,1.501998,0.250000,0.000000,0.537191,0.000000,0.000000,5.320373,0.000000
3.000000,0.500000,1.504684,0.250000,0.000000,0.563076,0.000000,0.000000,5.176934,0.000000
3.005000,0.500000,1.507499,0.250000,0.000000,0.588255,0.000000,0.000000,5.035809,0.000000
3.010000,0.500000,1.510441,0.250000,0.000000,0.612740,0.000000,0.000000,4.896973,0.000000
3.015000,0.500000,1.513504,0.250000,0.000000,0.636542,0.000000,0.000000,4.760399,0.000000
3.020000,0.500000,1.516687,0.250000,0.000000,0.659672,0.000000,0.000000,4.626061,0.000000
3.025000,0.500000,1.519985,0.250000,0.000000,0.682142,0.000000,0.000000,4.493934,0.000000
3.030000,0.500000,1.523396,0.250000,0.000000,0.703962,0.000000,0.000000,4.363992,0.000000
3.035000,0.500000,1.526916,0.250000,0.000000,0.725143,0.000000,0.000000,4.236209,0.000000
3.040000,0.500000,1.530542,0.250000,0.000000,0.745695,0.000000,0.000000,4.110560,0.000000
3.045000,0.500000,1.534270,0.250000,0.000000,0.765631,0.000000,0.000000,3.987020,0.000000
3.050000,0.500000,1.538098,0.250000,0.000000,0.784958,0.000000,0.000000,3.865565,0.000000
3.055000,0.500000,1.542023,0.250000,0.000000,0.803689,0.000000,0.000000,3.746169,0.000000
3.060000,0.500000,1.546041,0.250000,0.000000,0.821833,0.000000,0.000000,3.628808,0.000000
3.065000,0.500000,1.550151,0.250000,0.000000,0.839401,0.000000,0.000000,3.513457,0.000000
3.070000,0.500000,1.554348,0.250000,0.000000,0.856401,0.000000,0.000000,3.400092,0.000000
3.075000,0.500000,1.558630,0.250000,0.000000,0.872845,0.000000,0.000000,3.288690,0.000000
3.080000,0.500000,1.562994,0.250000,0.000000,0.888741,0.000000,0.000000,3.179226,0.000000
3.085000,0.500000,1.567438,0.250000,0.000000,0.904099,0.000000,0.000000,3.071677,0.000000
3.090000,0.500000,1.571958,0.250000,0.000000,0.918929,0.000000,0.000000,2.966019,0.000000
3.095000,0.500000,1.576553,0.250000,0.000000,0.933240,0.000000,0.000000,2.862229,0.000000
3.100000,0.500000,1.581219,0.250000,0.000000,0.947042,0.000000,0.000000,2.760284,0.000000
3.105000,0.500000,1.585954,0.250000,0.000000,0.960342,0.000000,0.000000,2.660161,0.000000
3.110000,0.500000,1.590756,0.250000,0.000000,0.973152,0.000000,0.000000,2.561836,0.000000
3.115000,0.500000,1.595622,0.250000,0.000000,0.985478,0.000000,0.000000,2.465288,0.000000
3.120000,0.500000,1.600549,0.250000,0.000000,0.997331,0.000000,0.000000,2.370494,0.000000
3.125000,0.500000,1.605536,0.250000,0.000000,1.008718,0.000000,0.000000,2.277431,0.000000
3.130000,0.500000,1.610579,0.250000,0.000000,1.019648,0.000000,0.000000,2.186078,0.000000
3.135000,0.500000,1.615677,0.250000,0.000000,1.030130,0.000000,0.000000,2.096413,0.000000
3.140000,0.500000,1.620828,0.250000,0.000000,1.040172,0.000000,0.000000,2.008414,0.000000
3.145000,0.500000,1.626029,0.250000,0.000000,1.049783,0.000000,0.000000,1.922059,0.000000
3.150000,0.500000,1.631278,0.250000,0.000000,1.058969,0.000000,0.000000,1.837328,0.000000
3.155000,0.500000,1.636573,0.250000,0.000000,1.067740,0.000000,0.000000,1.754198,0.000000
3.160000,0.500000,1.641911,0.250000,0.000000,1.076103,0.000000,0.000000,1.672650,0.000000
3.165000,0.500000,1.647292,0.250000,0.000000,1.084067,0.000000,0.000000,1.592662,0.000000
3.170000,0.500000,1.652712,0.250000,0.000000,1.091638,0.000000,0.000000,1.514213,0.000000
3.175000,0.500000,1.658170,0.250000,0.000000,1.098824,0.000000,0.000000,1.437284,0.000000
3.180000,0.500000,1.663665,0.250000,0.000000,1.105633,0.000000,0.000000,1.361853,0.000000
3.185000,0.500000,1.669193,0.250000,0.000000,1.112073,0.000000,0.000000,1.287901,0.000000
3.190000,0.500000,1.674753,0.250000,0.000000,1.118150,0.000000,0.000000,1.215408,0.000000
3.195000,0.500000,1.680344,0.250000,0.000000,1.123872,0.000000,0.000000,1.144355,0.000000
3.200000,0.500000,1.685963,0.250000,0.000000,1.129245,0.000000,0.000000,1.074721,0.000000
3.205000,0.500000,1.691609,0.250000,0.000000,1.134278,0.000000,0.000000,1.006487,0.000000
3.210000,0.500000,1.697281,0.250000,0.000000,1.138976,0.000000,0.000000,0.939634,0.000000
3.215000,0.500000,1.702976,0.250000,0.000000,1.143347,0.000000,0.000000,0.874144,0.000000
3.220000,0.500000,1.708692,0.250000,0.000000,1.147397,0.000000,0.000000,0.809996,0.000000
3.225000,0.500000,1.714429,0.250000,0.000000,1.151133,0.000000,0.000000,0.747173,0.000000
3.230000,0.500000,1.720185,0.250000,0.000000,1.154561,0.000000,0.000000,0.685657,0.000000
3.235000,0.500000,1.725958,0.250000,0.000000,1.157688,0.000000,0.000000,0.625428,0.000000
3.240000,0.500000,1.731746,0.250000,0.000000,1.160520,0.000000,0.000000,0.566468,0.000000
3.245000,0.500000,1.737549,0.250000,0.000000,1.163064,0.000000,0.000000,0.508760,0.000000
3.250000,0.500000,1.743364,0.250000,0.000000,1.165326,0.000000,0.000000,0.452286,0.000000
3.255000,0.500000,1.749191,0.250000,0.000000,1.167311,0.000000,0.000000,0.397029,0.000000
3.260000,0.500000,1.755027,0.250000,0.000000,1.169026,0.000000,0.000000,0.342970,0.000000
3.265000,0.500000,1.760873,0.250000,0.000000,1.170476,0.000000,0.000000,0.290093,0.000000
3.270000,0.500000,1.766725,0.250000,0.000000,1.171668,0.000000,0.000000,0.238380,0.000000
3.275000,0.500000,1.772583,0.250000,0.000000,1.172607,0.000000,0.000000,0.187815,0.000000
3.280000,0.500000,1.778446,0.250000,0.000000,1.173299,0.000000,0.000000,0.138380,0.000000
3.285000,0.500000,1.784313,0.250000,0.000000,1.173749,0.000000,0.000000,0.090060,0.000000
3.290000,0.500000,1.790182,0.250000,0.000000,1.173963,0.000000,0.000000,0.042838,0.000000
3.295000,0.500000,1.796051,0.250000,0.000000,1.173947,0.000000,0.000000,-0.003303,0.000000
3.300000,0.500000,1.801921,0.250000,0.000000,1.173705,0.000000,0.000000,-0.048379,0.000000
3.305000,0.500000,1.807790,0.250000,0.000000,1.173243,0.000000,0.000000,-0.092405,0.000000
3.310000,0.500000,1.813656,0.250000,0.000000,1.172566,0.000000,0.000000,-0.135397,0.000000
3.315000,0.500000,1.819519,0.250000,0.000000,1.171679,0.000000,0.000000,-0.177371,0.000000
3.320000,0.500000,1.825377,0.250000,0.000000,1.170587,0.000000,0.000000,-0.218343,0.000000
3.325000,0.500000,1.831230,0.250000,0.000000,1.169296,0.000000,0.000000,-0.258327,0.000000
3.330000,0.500000,1.837077,0.250000,0.000000,1.167809,0.000000,0.000000,-0.297338,0.000000
3.335000,0.500000,1.842916,0.250000,0.000000,1.166132,0.000000,0.000000,-0.335392,0.000000
3.340000,0.500000,1.848746,0.250000,0.000000,1.164270,0.000000,0.000000,-0.372504,0.000000
3.345000,0.500000,1.854568,0.250000,0.000000,1.162226,0.000000,0.000000,-0.408687,0.000000
3.350000,0.500000,1.860379,0.250000,0.000000,1.160006,0.000000,0.000000,-0.443957,0.000000
3.355000,0.500000,1.866179,0.250000,0.000000,1.157615,0.000000,0.000000,-0.478327,0.000000
3.360000,0.500000,1.871967,0.250000,0.000000,1.155056,0.000000,0.000000,-0.511813,0.000000
3.365000,0.500000,1.877742,0.250000,0.000000,1.152334,0.000000,0.000000,-0.544427,0.000000
3.370000,0.500000,1.883504,0.250000,0.000000,1.149453,0.000000,0.000000,-0.576184,0.000000
3.375000,0.500000,1.889251,0.250000,0.000000,1.146417,0.000000,0.000000,-0.607097,0.000000
3.380000,0.500000,1.894983,0.250000,0.000000,1.143231,0.000000,0.000000,-0.637180,0.000000
3.385000,0.500000,1.900699,0.250000,0.000000,1.139899,0.000000,0.000000,-0.666446,0.000000
3.390000,0.500000,1.906399,0.250000,0.000000,1.136424,0.000000,0.000000,-0.694909,0.000000
3.395000,0.500000,1.912081,0.250000,0.000000,1.132812,0.000000,0.000000,-0.722581,0.000000
3.400000,0.500000,1.917745,0.250000,0.000000,1.129064,0.000000,0.000000,-0.749476,0.000000
3.405000,0.500000,1.923390,0.250000,0.000000,1.125186,0.000000,0.000000,-0.775606,0.000000
3.410000,0.500000,1.929016,0.250000,0.000000,1.121181,0.000000,0.000000,-0.800984,0.000000
3.415000,0.500000,1.934622,0.250000,0.000000,1.117053,0.000000,0.000000,-0.825622,0.000000
3.420000,0.500000,1.940207,0.250000,0.000000,1.112805,0.000000,0.000000,-0.849533,0.000000
3.425000,0.500000,1.945771,0.250000,0.000000,1.108442,0.000000,0.000000,-0.872728,0.000000
3.430000,0.500000,1.951314,0.250000,0.000000,1.103966,0.000000,0.000000,-0.895221,0.000000
3.435000,0.500000,1.956833,0.250000,0.000000,1.099381,0.000000,0.000000,-0.917022,0.000000
3.440000,0.500000,1.962330,0.250000,0.000000,1.094690,0.000000,0.000000,-0.938144,0.000000
3.445000,0.500000,1.967804,0.250000,0.000000,1.089897,0.000000,0.000000,-0.958598,0.000000
3.450000,0.500000,1.973253,0.250000,0.000000,1.085005,0.000000,0.000000,-0.978395,0.000000
3.455000,0.500000,1.978678,0.250000,0.000000,1.080017,0.000000,0.000000,-0.997548,0.000000
3.460000,0.500000,1.984078,0.250000,0.000000,1.074937,0.000000,0.000000,-1.016067,0.000000
3.465000,0.500000,1.989453,0.250000,0.000000,1.069767,0.000000,0.000000,-1.033963,0.000000
3.470000,0.500000,1.994802,0.250000,0.000000,1.064511,0.000000,0.000000,-1.051247,0.000000
3.475000,0.500000,2.000124,0.250000,0.000000,1.059171,0.000000,0.000000,-1.067930,0.000000
3.480000,0.500000,2.005420,0.250000,0.000000,1.053751,0.000000,0.000000,-1.084023,0.000000
3.485000,0.500000,2.010689,0.250000,0.000000,1.048253,0.000000,0.000000,-1.099536,0.000000
3.490000,0.500000,2.015930,0.250000,0.000000,1.042681,0.000000,0.000000,-1.114479,0.000000
3.495000,0.500000,2.021144,0.250000,0.000000,1.037037,0.000000,0.000000,-1.128864,0.000000
3.500000,0.500000,2.026329,0.250000,0.000000,1.031323,0.000000,0.000000,-1.142699,0.000000
3.505000,0.500000,2.031486,0.250000,0.000000,1.025543,0.000000,0.000000,-1.155995,0.000000
3.510000,0.500000,2.036613,0.250000,0.000000,1.019699,0.000000,0.000000,-1.168763,0.000000
3.515000,0.500000,2.041712,0.250000,0.000000,1.013794,0.000000,0.000000,-1.181010,0.000000
3.520000,0.500000,2.046781,0.250000,0.000000,1.007831,0.000000,0.000000,-1.192748,0.000000
3.525000,0.500000,2.051820,0.250000,0.000000,1.001811,0.000000,0.000000,-1.203986,0.000000
3.530000,0.500000,2.056829,0.250000,0.000000,0.995737,0.000000,0.000000,-1.214733,0.000000
3.535000,0.500000,2.061808,0.250000,0.000000,0.989612,0.000000,0.000000,-1.224998,0.000000
3.540000,0.500000,2.066756,0.250000,0.000000,0.983438,0.000000,0.000000,-1.234791,0.000000
3.545000,0.500000,2.071673,0.250000,0.000000,0.977217,0.000000,0.000000,-1.244120,0.000000
3.550000,0.500000,2.076559,0.250000,0.000000,0.970952,0.000000,0.000000,-1.252995,0.000000
3.555000,0.500000,2.081414,0.250000,0.000000,0.964645,0.000000,0.000000,-1.261424,0.000000
3.560000,0.500000,2.086237,0.250000,0.000000,0.958298,0.000000,0.000000,-1.269416,0.000000
3.565000,0.500000,2.091028,0.250000,0.000000,0.951913,0.000000,0.000000,-1.276980,0.000000
3.570000,0.500000,2.095788,0.250000,0.000000,0.945493,0.000000,0.000000,-1.284123,0.000000
3.575000,0.500000,2.100515,0.250000,0.000000,0.939038,0.000000,0.000000,-1.290854,0.000000
3.580000,0.500000,2.105211,0.250000,0.000000,0.932553,0.000000,0.000000,-1.297182,0.000000
3.585000,0.500000,2.109873,0.250000,0.000000,0.926037,0.000000,0.000000,-1.303115,0.000000
3.590000,0.500000,2.114504,0.250000,0.000000,0.919494,0.000000,0.000000,-1.308660,0.000000
3.595000,0.500000,2.119101,0.250000,0.000000,0.912925,0.000000,0.000000,-1.313825,0.000000
3.600000,0.500000,2.123666,0.250000,0.000000,0.906331,0.000000,0.000000,-1.318618,0.000000
3.605000,0.500000,2.128197,0.250000,0.000000,0.899716,0.000000,0.000000,-1.323048,0.000000
3.610000,0.500000,2.132696,0.250000,0.000000,0.893081,0.000000,0.000000,-1.327120,0.000000
3.615000,0.500000,2.137161,0.250000,0.000000,0.886426,0.000000,0.000000,-1.330844,0.000000
3.620000,0.500000,2.141593,0.250000,0.000000,0.879755,0.000000,0.000000,-1.334225,0.000000
3.625000,0.500000,2.145992,0.250000,0.000000,0.873069,0.000000,0.000000,-1.337272,0.000000
3.630000,0.500000,2.150358,0.250000,0.000000,0.866369,0.000000,0.000000,-1.339992,0.000000
3.635000,0.500000,2.154689,0.250000,0.000000,0.859657,0.000000,0.000000,-1.342391,0.000000
3.640000,0.500000,2.158988,0.250000,0.000000,0.852935,0.000000,0.000000,-1.344476,0.000000
3.645000,0.500000,2.163252,0.250000,0.000000,0.846203,0.000000,0.000000,-1.346255,0.000000
3.650000,0.500000,2.167483,0.250000,0.000000,0.839465,0.000000,0.000000,-1.347734,0.000000
3.655000,0.500000,2.171681,0.250000,0.000000,0.832720,0.000000,0.000000,-1.348919,0.000000
3.660000,0.500000,2.175844,0.250000,0.000000,0.825971,0.000000,0.000000,-1.349818,0.000000
3.665000,0.500000,2.179974,0.250000,0.000000,0.819219,0.000000,0.000000,-1.350437,0.000000
3.670000,0.500000,2.184070,0.250000,0.000000,0.812465,0.000000,0.000000,-1.350781,0.000000
3.675000,0.500000,2.188133,0.250000,0.000000,0.805711,0.000000,0.000000,-1.350858,0.000000
3.680000,0.500000,2.192161,0.250000,0.000000,0.798957,0.000000,0.000000,-1.350673,0.000000
3.685000,0.500000,2.196156,0.250000,0.000000,0.792206,0.000000,0.000000,-1.350233,0.000000
3.690000,0.500000,2.200117,0.250000,0.000000,0.785458,0.000000,0.000000,-1.349543,0.000000
3.695000,0.500000,2.204044,0.250000,0.000000,0.778715,0.000000,0.000000,-1.348610,0.000000
3.700000,0.500000,2.207938,0.250000,0.000000,0.771978,0.000000,0.000000,-1.347439,0.000000
3.705000,0.500000,2.211798,0.250000,0.000000,0.765248,0.000000,0.000000,-1.346035,0.000000
3.710000,0.500000,2.215624,0.250000,0.000000,0.758526,0.000000,0.000000,-1.344406,0.000000
3.715000,0.500000,2.219417,0.250000,0.000000,0.751813,0.000000,0.000000,-1.342555,0.000000
3.720000,0.500000,2.223176,0.250000,0.000000,0.745111,0.000000,0.000000,-1.340489,0.000000
3.725000,0.500000,2.226901,0.250000,0.000000,0.738420,0.000000,0.000000,-1.338212,0.000000
3.730000,0.500000,2.230593,0.250000,0.000000,0.731741,0.000000,0.000000,-1.335731,0.000000
3.735000,0.500000,2.234252,0.250000,0.000000,0.725076,0.000000,0.000000,-1.333051,0.000000
3.740000,0.500000,2.237877,0.250000,0.000000,0.718425,0.000000,0.000000,-1.330176,0.000000
3.745000,0.500000,2.241470,0.250000,0.000000,0.711789,0.000000,0.000000,-1.327111,0.000000
3.750000,0.500000,2.245028,0.250000,0.000000,0.705170,0.000000,0.000000,-1.323862,0.000000
3.755000,0.500000,2.248554,0.250000,0.000000,0.698568,0.000000,0.000000,-1.320433,0.000000
3.760000,0.500000,2.252047,0.250000,0.000000,0.691984,0.000000,0.000000,-1.316829,0.000000
3.765000,0.500000,2.255507,0.250000,0.000000,0.685418,0.000000,0.000000,-1.313056,0.000000
3.770000,0.500000,2.258934,0.250000,0.000000,0.678873,0.000000,0.000000,-1.309117,0.000000
3.775000,0.500000,2.262329,0.250000,0.000000,0.672348,0.000000,0.000000,-1.305017,0.000000
3.780000,0.500000,2.265690,0.250000,0.000000,0.665844,0.000000,0.000000,-1.300761,0.000000
3.785000,0.500000,2.269019,0.250000,0.000000,0.659362,0.000000,0.000000,-1.296353,0.000000
3.790000,0.500000,2.272316,0.250000,0.000000,0.652903,0.000000,0.000000,-1.291797,0.000000
3.795000,0.500000,2.275581,0.250000,0.000000,0.646468,0.000000,0.000000,-1.287098,0.000000
3.800000,0.500000,2.278813,0.250000,0.000000,0.640056,0.000000,0.000000,-1.282260,0.000000
3.805000,0.500000,2.282013,0.250000,0.000000,0.633670,0.000000,0.000000,-1.277287,0.000000
3.810000,0.500000,2.285182,0.250000,0.000000,0.627309,0.000000,0.000000,-1.272183,0.000000
3.815000,0.500000,2.288318,0.250000,0.000000,0.620974,0.000000,0.000000,-1.266952,0.000000
3.820000,0.500000,2.291423,0.250000,0.000000,0.614666,0.000000,0.000000,-1.261598,0.000000
3.825000,0.500000,2.294497,0.250000,0.000000,0.608386,0.000000,0.000000,-1.256125,0.000000
3.830000,0.500000,2.297538,0.250000,0.000000,0.602133,0.000000,0.000000,-1.250537,0.000000
3.835000,0.500000,2.300549,0.250000,0.000000,0.595909,0.000000,0.000000,-1.244838,0.000000
3.840000,0.500000,2.303529,0.250000,0.000000,0.589714,0.000000,0.000000,-1.239030,0.000000
3.845000,0.500000,2.306477,0.250000,0.000000,0.583548,0.000000,0.000000,-1.233119,0.000000
3.850000,0.500000,2.309395,0.250000,0.000000,0.577413,0.000000,0.000000,-1.227106,0.000000
3.855000,0.500000,2.312282,0.250000,0.000000,0.571308,0.000000,0.000000,-1.220996,0.000000
3.860000,0.500000,2.315139,0.250000,0.000000,0.565234,0.000000,0.000000,-1.214793,0.000000
3.865000,0.500000,2.317965,0.250000,0.000000,0.559191,0.000000,0.000000,-1.208499,0.000000
3.870000,0.500000,2.320761,0.250000,0.000000,0.553180,0.000000,0.000000,-1.202118,0.000000
3.875000,0.500000,2.323527,0.250000,0.000000,0.547202,0.000000,0.000000,-1.195653,0.000000
3.880000,0.500000,2.326263,0.250000,0.000000,0.541257,0.000000,0.000000,-1.189107,0.000000
3.885000,0.500000,2.328969,0.250000,0.000000,0.535344,0.000000,0.000000,-1.182484,0.000000
3.890000,0.500000,2.331646,0.250000,0.000000,0.529465,0.000000,0.000000,-1.175786,0.000000
3.895000,0.500000,2.334293,0.250000,0.000000,0.523620,0.000000,0.000000,-1.169016,0.000000
3.900000,0.500000,2.336911,0.250000,0.000000,0.517809,0.000000,0.000000,-1.162178,0.000000
3.905000,0.500000,2.339500,0.250000,0.000000,0.512033,0.000000,0.000000,-1.155275,0.000000
3.910000,0.500000,2.342060,0.250000,0.000000,0.506291,0.000000,0.000000,-1.148308,0.000000
3.915000,0.500000,2.344592,0.250000,0.000000,0.500585,0.000000,0.000000,-1.141281,0.000000
3.920000,0.500000,2.347095,0.250000,0.000000,0.494914,0.000000,0.000000,-1.134197,0.000000
3.925000,0.500000,2.349569,0.250000,0.000000,0.489279,0.000000,0.000000,-1.127059,0.000000
3.930000,0.500000,2.352016,0.250000,0.000000,0.483679,0.000000,0.000000,-1.119868,0.000000
3.935000,0.500000,2.354434,0.250000,0.000000,0.478116,0.000000,0.000000,-1.112628,0.000000
3.940000,0.500000,2.356825,0.250000,0.000000,0.472590,0.000000,0.000000,-1.105341,0.000000
3.945000,0.500000,2.359188,0.250000,0.000000,0.467100,0.000000,0.000000,-1.098010,0.000000
3.950000,0.500000,2.361523,0.250000,0.000000,0.461646,0.000000,0.000000,-1.090636,0.000000
3.955000,0.500000,2.363831,0.250000,0.000000,0.456230,0.000000,0.000000,-1.083224,0.000000
3.960000,0.500000,2.366112,0.250000,0.000000,0.450851,0.000000,0.000000,-1.075773,0.000000
3.965000,0.500000,2.368367,0.250000,0.000000,0.445510,0.000000,0.000000,-1.068288,0.000000
3.970000,0.500000,2.370594,0.250000,0.000000,0.440206,0.000000,0.000000,-1.060770,0.000000
3.975000,0.500000,2.372795,0.250000,0.000000,0.434940,0.000000,0.000000,-1.053222,0.000000
3.980000,0.500000,2.374970,0.250000,0.000000,0.429712,0.000000,0.000000,-1.045645,0.000000
3.985000,0.500000,2.377118,0.250000,0.000000,0.424522,0.000000,0.000000,-1.038043,0.000000
3.990000,0.500000,2.379241,0.250000,0.000000,0.419369,0.000000,0.000000,-1.030415,0.000000
3.995000,0.500000,2.381338,0.250000,0.000000,0.414256,0.000000,0.000000,-1.022766,0.000000
4.000000,0.500000,2.383409,0.250000,0.000000,0.409180,0.000000,0.000000,-1.015097,0.000000
4.005000,0.500000,2.385455,0.250000,0.000000,0.404143,0.000000,0.000000,-1.007409,0.000000
4.010000,0.500000,2.387476,0.250000,0.000000,0.399145,0.000000,0.000000,-0.999705,0.000000
4.015000,0.500000,2.389472,0.250000,0.000000,0.394185,0.000000,0.000000,-0.991987,0.000000
4.020000,0.500000,2.391442,0.250000,0.000000,0.389263,0.000000,0.000000,-0.984256,0.000000
4.025000,0.500000,2.393389,0.250000,0.000000,0.384381,0.000000,0.000000,-0.976514,0.000000
4.030000,0.500000,2.395311,0.250000,0.000000,0.379537,0.000000,0.000000,-0.968763,0.000000
4.035000,0.500000,2.397208,0.250000,0.000000,0.374732,0.000000,0.000000,-0.961004,0.000000
4.040000,0.500000,2.399082,0.250000,0.000000,0.369966,0.000000,0.000000,-0.953240,0.000000
4.045000,0.500000,2.400932,0.250000,0.000000,0.365238,0.000000,0.000000,-0.945472,0.000000
4.050000,0.500000,2.402758,0.250000,0.000000,0.360550,0.000000,0.000000,-0.937701,0.000000
4.055000,0.500000,2.404561,0.250000,0.000000,0.355900,0.000000,0.000000,-0.929929,0.000000
4.060000,0.500000,2.406340,0.250000,0.000000,0.351289,0.000000,0.000000,-0.922157,0.000000
4.065000,0.500000,2.408097,0.250000,0.000000,0.346717,0.000000,0.000000,-0.914388,0.000000
4.070000,0.500000,2.409830,0.250000,0.000000,0.342184,0.000000,0.000000,-0.906622,0.000000
4.075000,0.500000,2.411541,0.250000,0.000000,0.337690,0.000000,0.000000,-0.898861,0.000000
4.080000,0.500000,2.413230,0.250000,0.000000,0.333235,0.000000,0.000000,-0.891106,0.000000
4.085000,0.500000,2.414896,0.250000,0.000000,0.328818,0.000000,0.000000,-0.883359,0.000000
4.090000,0.500000,2.416540,0.250000,0.000000,0.324440,0.000000,0.000000,-0.875620,0.000000
4.095000,0.500000,2.418162,0.250000,0.000000,0.320100,0.000000,0.000000,-0.867892,0.000000
4.100000,0.500000,2.419763,0.250000,0.000000,0.315799,0.000000,0.000000,-0.860175,0.000000
4.105000,0.500000,2.421342,0.250000,0.000000,0.311537,0.000000,0.000000,-0.852471,0.000000
4.110000,0.500000,2.422899,0.250000,0.000000,0.307313,0.000000,0.000000,-0.844781,0.000000
4.115000,0.500000,2.424436,0.250000,0.000000,0.303128,0.000000,0.000000,-0.837106,0.000000
4.120000,0.500000,2.425952,0.250000,0.000000,0.298980,0.000000,0.000000,-0.829447,0.000000
4.125000,0.500000,2.427446,0.250000,0.000000,0.294871,0.000000,0.000000,-0.821805,0.000000
4.130000,0.500000,2.428921,0.250000,0.000000,0.290800,0.000000,0.000000,-0.814182,0.000000
4.135000,0.500000,2.430375,0.250000,0.000000,0.286767,0.000000,0.000000,-0.806577,0.000000
4.140000,0.500000,2.431809,0.250000,0.000000,0.282773,0.000000,0.000000,-0.798994,0.000000
4.145000,0.500000,2.433223,0.250000,0.000000,0.278815,0.000000,0.000000,-0.791431,0.000000
4.150000,0.500000,2.434617,0.250000,0.000000,0.274896,0.000000,0.000000,-0.783891,0.000000
4.155000,0.500000,2.435991,0.250000,0.000000,0.271014,0.000000,0.000000,-0.776374,0.000000
4.160000,0.500000,2.437346,0.250000,0.000000,0.267170,0.000000,0.000000,-0.768881,0.000000
4.165000,0.500000,2.438682,0.250000,0.000000,0.263363,0.000000,0.000000,-0.761414,0.000000
4.170000,0.500000,2.439999,0.250000,0.000000,0.259593,0.000000,0.000000,-0.753972,0.000000
4.175000,0.500000,2.441297,0.250000,0.000000,0.255860,0.000000,0.000000,-0.746557,0.000000
4.180000,0.500000,2.442576,0.250000,0.000000,0.252164,0.000000,0.000000,-0.739169,0.000000
4.185000,0.500000,2.443837,0.250000,0.000000,0.248505,0.000000,0.000000,-0.731810,0.000000
4.190000,0.500000,2.445079,0.250000,0.000000,0.244883,0.000000,0.000000,-0.724480,0.000000
4.195000,0.500000,2.446304,0.250000,0.000000,0.241297,0.000000,0.000000,-0.717180,0.000000
4.200000,0.500000,2.447510,0.250000,0.000000,0.237747,0.000000,0.000000,-0.709910,0.000000
4.205000,0.500000,2.448699,0.250000,0.000000,0.234234,0.000000,0.000000,-0.702672,0.000000
4.210000,0.500000,2.449870,0.250000,0.000000,0.230756,0.000000,0.000000,-0.695465,0.000000
4.215000,0.500000,2.451024,0.250000,0.000000,0.227315,0.000000,0.000000,-0.688292,0.000000
4.220000,0.500000,2.452161,0.250000,0.000000,0.223909,0.000000,0.000000,-0.681151,0.000000
4.225000,0.500000,2.453280,0.250000,0.000000,0.220539,0.000000,0.000000,-0.674044,0.000000
4.230000,0.500000,2.454383,0.250000,0.000000,0.217204,0.000000,0.000000,-0.666971,0.000000
4.235000,0.500000,2.455469,0.250000,0.000000,0.213905,0.000000,0.000000,-0.659934,0.000000
4.240000,0.500000,2.456538,0.250000,0.000000,0.210640,0.000000,0.000000,-0.652931,0.000000
4.245000,0.500000,2.457592,0.250000,0.000000,0.207410,0.000000,0.000000,-0.645965,0.000000
4.250000,0.500000,2.458629,0.250000,0.000000,0.204215,0.000000,0.000000,-0.639036,0.000000
4.255000,0.500000,2.459650,0.250000,0.000000,0.201054,0.000000,0.000000,-0.632143,0.000000
4.260000,0.500000,2.460655,0.250000,0.000000,0.197928,0.000000,0.000000,-0.625288,0.000000
4.265000,0.500000,2.461645,0.250000,0.000000,0.194835,0.000000,0.000000,-0.618471,0.000000
4.270000,0.500000,2.462619,0.250000,0.000000,0.191777,0.000000,0.000000,-0.611692,0.000000
4.275000,0.500000,2.463578,0.250000,0.000000,0.188752,0.000000,0.000000,-0.604952,0.000000
4.280000,0.500000,2.464521,0.250000,0.000000,0.185761,0.000000,0.000000,-0.598252,0.000000
4.285000,0.500000,2.465450,0.250000,0.000000,0.182803,0.000000,0.000000,-0.591590,0.000000
4.290000,0.500000,2.466364,0.250000,0.000000,0.179878,0.000000,0.000000,-0.584969,0.000000
4.295000,0.500000,2.467264,0.250000,0.000000,0.176986,0.000000,0.000000,-0.578388,0.000000
4.300000,0.500000,2.468149,0.250000,0.000000,0.174127,0.000000,0.000000,-0.571848,0.000000
4.305000,0.500000,2.469019,0.250000,0.000000,0.171300,0.000000,0.000000,-0.565349,0.000000
4.310000,0.500000,2.469876,0.250000,0.000000,0.168506,0.000000,0.000000,-0.558891,0.000000
4.315000,0.500000,2.470718,0.250000,0.000000,0.165743,0.000000,0.000000,-0.552474,0.000000
4.320000,0.500000,2.471547,0.250000,0.000000,0.163013,0.000000,0.000000,-0.546100,0.000000
4.325000,0.500000,2.472362,0.250000,0.000000,0.160314,0.000000,0.000000,-0.539767,0.000000
4.330000,0.500000,2.473164,0.250000,0.000000,0.157647,0.000000,0.000000,-0.533477,0.000000
4.335000,0.500000,2.473952,0.250000,0.000000,0.155010,0.000000,0.000000,-0.527229,0.000000
4.340000,0.500000,2.474727,0.250000,0.000000,0.152405,0.000000,0.000000,-0.521024,0.000000
4.345000,0.500000,2.475489,0.250000,0.000000,0.149831,0.000000,0.000000,-0.514862,0.000000
4.350000,0.500000,2.476238,0.250000,0.000000,0.147287,0.000000,0.000000,-0.508744,0.000000
4.355000,0.500000,2.476974,0.250000,0.000000,0.144774,0.000000,0.000000,-0.502668,0.000000
4.360000,0.500000,2.477698,0.250000,0.000000,0.142291,0.000000,0.000000,-0.496636,0.000000
4.365000,0.500000,2.478410,0.250000,0.000000,0.139838,0.000000,0.000000,-0.490648,0.000000
4.370000,0.500000,2.479109,0.250000,0.000000,0.137414,0.000000,0.000000,-0.484704,0.000000
4.375000,0.500000,2.479796,0.250000,0.000000,0.135020,0.000000,0.000000,-0.478804,0.000000
4.380000,0.500000,2.480471,0.250000,0.000000,0.132655,0.000000,0.000000,-0.472947,0.000000
8.765000,0.500000,2.501853,0.250000,0.038462,-0.005327,0.000000,7.692308,0.010574,0.000000
8.770000,0.500192,2.501827,0.250000,0.076028,-0.005274,0.000000,7.513314,0.010535,0.000000
8.775000,0.500572,2.501800,0.250000,0.112713,-0.005222,0.000000,7.337005,0.010494,0.000000
8.780000,0.501136,2.501774,0.250000,0.148530,-0.005170,0.000000,7.163355,0.010453,0.000000
8.785000,0.501879,2.501748,0.250000,0.183492,-0.005118,0.000000,6.992334,0.010411,0.000000
8.790000,0.502796,2.501723,0.250000,0.217611,-0.005066,0.000000,6.823915,0.010367,0.000000
8.795000,0.503884,2.501697,0.250000,0.250902,-0.005014,0.000000,6.658070,0.010323,0.000000
8.800000,0.505139,2.501672,0.250000,0.283375,-0.004963,0.000000,6.494772,0.010278,0.000000
8.805000,0.506556,2.501648,0.250000,0.315045,-0.004912,0.000000,6.333994,0.010231,0.000000
8.810000,0.508131,2.501623,0.250000,0.345924,-0.004861,0.000000,6.175708,0.010184,0.000000
8.815000,0.509860,2.501599,0.250000,0.376023,-0.004810,0.000000,6.019887,0.010136,0.000000
8.820000,0.511741,2.501575,0.250000,0.405356,-0.004760,0.000000,5.866504,0.010087,0.000000
8.825000,0.513767,2.501551,0.250000,0.433933,-0.004709,0.000000,5.715532,0.010037,0.000000
8.830000,0.515937,2.501527,0.250000,0.461768,-0.004659,0.000000,5.566946,0.009987,0.000000
8.835000,0.518246,2.501504,0.250000,0.488872,-0.004610,0.000000,5.420717,0.009936,0.000000
8.840000,0.520690,2.501481,0.250000,0.515256,-0.004560,0.000000,5.276821,0.009884,0.000000
8.845000,0.523266,2.501458,0.250000,0.540932,-0.004511,0.000000,5.135231,0.009831,0.000000
8.850000,0.525971,2.501436,0.250000,0.565912,-0.004462,0.000000,4.995920,0.009778,0.000000
8.855000,0.528801,2.501413,0.250000,0.590206,-0.004414,0.000000,4.858864,0.009724,0.000000
8.860000,0.531752,2.501391,0.250000,0.613826,-0.004365,0.000000,4.724036,0.009669,0.000000
8.865000,0.534821,2.501369,0.250000,0.636783,-0.004317,0.000000,4.591411,0.009614,0.000000
8.870000,0.538005,2.501348,0.250000,0.659088,-0.004269,0.000000,4.460964,0.009558,0.000000
8.875000,0.541300,2.501326,0.250000,0.680751,-0.004222,0.000000,4.332669,0.009501,0.000000
8.880000,0.544704,2.501305,0.250000,0.701784,-0.004175,0.000000,4.206502,0.009445,0.000000
8.885000,0.548213,2.501284,0.250000,0.722196,-0.004128,0.000000,4.082437,0.009387,0.000000
8.890000,0.551824,2.501264,0.250000,0.741998,-0.004081,0.000000,3.960450,0.009329,0.000000
8.895000,0.555534,2.501243,0.250000,0.761201,-0.004035,0.000000,3.840517,0.009271,0.000000
8.900000,0.559340,2.501223,0.250000,0.779814,-0.003989,0.000000,3.722612,0.009212,0.000000
8.905000,0.563239,2.501203,0.250000,0.797848,-0.003943,0.000000,3.606713,0.009153,0.000000
8.910000,0.567228,2.501184,0.250000,0.815312,-0.003897,0.000000,3.492795,0.009094,0.000000
8.915000,0.571305,2.501164,0.250000,0.832216,-0.003852,0.000000,3.380834,0.009034,0.000000
8.920000,0.575466,2.501145,0.250000,0.848570,-0.003807,0.000000,3.270806,0.008973,0.000000
8.925000,0.579709,2.501126,0.250000,0.864383,-0.003763,0.000000,3.162689,0.008913,0.000000
8.930000,0.584031,2.501107,0.250000,0.879665,-0.003719,0.000000,3.056458,0.008852,0.000000
8.935000,0.588429,2.501088,0.250000,0.894426,-0.003675,0.000000,2.952091,0.008790,0.000000
8.940000,0.592901,2.501070,0.250000,0.908674,-0.003631,0.000000,2.849565,0.008729,0.000000
8.945000,0.597444,2.501052,0.250000,0.922418,-0.003588,0.000000,2.748857,0.008667,0.000000
8.950000,0.602056,2.501034,0.250000,0.935668,-0.003545,0.000000,2.649944,0.008605,0.000000
8.955000,0.606735,2.501016,0.250000,0.948432,-0.003502,0.000000,2.552804,0.008543,0.000000
8.960000,0.611477,2.500999,0.250000,0.960719,-0.003460,0.000000,2.457415,0.008480,0.000000
8.965000,0.616281,2.500981,0.250000,0.972538,-0.003417,0.000000,2.363755,0.008418,0.000000
8.970000,0.621143,2.500964,0.250000,0.983897,-0.003376,0.000000,2.271801,0.008355,0.000000
8.975000,0.626063,2.500947,0.250000,0.994804,-0.003334,0.000000,2.181533,0.008292,0.000000
8.980000,0.631037,2.500931,0.250000,1.005269,-0.003293,0.000000,2.092928,0.008229,0.000000
8.985000,0.636063,2.500914,0.250000,1.015299,-0.003252,0.000000,2.005966,0.008166,0.000000
8.990000,0.641140,2.500898,0.250000,1.024902,-0.003212,0.000000,1.920624,0.008102,0.000000
8.995000,0.646264,2.500882,0.250000,1.034086,-0.003172,0.000000,1.836883,0.008039,0.000000
9.000000,0.651435,2.500866,0.250000,1.042860,-0.003132,0.000000,1.754721,0.007975,0.000000
9.005000,0.656649,2.500850,0.250000,1.051230,-0.003092,0.000000,1.674117,0.007912,0.000000
9.010000,0.661905,2.500835,0.250000,1.059206,-0.003053,0.000000,1.595052,0.007848,0.000000
9.015000,0.667201,2.500820,0.250000,1.066793,-0.003014,0.000000,1.517504,0.007784,0.000000
9.020000,0.672535,2.500805,0.250000,1.074001,-0.002975,0.000000,1.441454,0.007721,0.000000
9.025000,0.677905,2.500790,0.250000,1.080835,-0.002937,0.000000,1.366882,0.007657,0.000000
9.030000,0.683309,2.500775,0.250000,1.087304,-0.002899,0.000000,1.293768,0.007593,0.000000
9.035000,0.688746,2.500761,0.250000,1.093414,-0.002861,0.000000,1.222093,0.007529,0.000000
9.040000,0.694213,2.500746,0.250000,1.099173,-0.002824,0.000000,1.151836,0.007466,0.000000
9.045000,0.699709,2.500732,0.250000,1.104588,-0.002787,0.000000,1.082980,0.007402,0.000000
9.050000,0.705232,2.500718,0.250000,1.109666,-0.002750,0.000000,1.015504,0.007338,0.000000
9.055000,0.710780,2.500705,0.250000,1.114413,-0.002714,0.000000,0.949389,0.007275,0.000000
9.060000,0.716352,2.500691,0.250000,1.118836,-0.002678,0.000000,0.884618,0.007211,0.000000
9.065000,0.721946,2.500678,0.250000,1.122942,-0.002642,0.000000,0.821172,0.007148,0.000000
9.070000,0.727561,2.500664,0.250000,1.126737,-0.002607,0.000000,0.759032,0.007085,0.000000
9.075000,0.733195,2.500651,0.250000,1.130228,-0.002572,0.000000,0.698180,0.007021,0.000000
9.080000,0.738846,2.500638,0.250000,1.133421,-0.002537,0.000000,0.638597,0.006958,0.000000
9.085000,0.744513,2.500626,0.250000,1.136322,-0.002502,0.000000,0.580267,0.006895,0.000000
9.090000,0.750194,2.500613,0.250000,1.138938,-0.002468,0.000000,0.523172,0.006832,0.000000
9.095000,0.755889,2.500601,0.250000,1.141274,-0.002434,0.000000,0.467293,0.006770,0.000000
9.100000,0.761595,2.500589,0.250000,1.143338,-0.002401,0.000000,0.412615,0.006707,0.000000
9.105000,0.767312,2.500577,0.250000,1.145133,-0.002368,0.000000,0.359118,0.006645,0.000000
9.110000,0.773038,2.500565,0.250000,1.146667,-0.002335,0.000000,0.306787,0.006582,0.000000
9.115000,0.778771,2.500553,0.250000,1.147945,-0.002302,0.000000,0.255605,0.006520,0.000000
9.120000,0.784511,2.500542,0.250000,1.148973,-0.002270,0.000000,0.205555,0.006458,0.000000
9.125000,0.790256,2.500530,0.250000,1.149756,-0.002238,0.000000,0.156620,0.006397,0.000000
9.130000,0.796004,2.500519,0.250000,1.150300,-0.002206,0.000000,0.108784,0.006335,0.000000
9.135000,0.801756,2.500508,0.250000,1.150610,-0.002175,0.000000,0.062031,0.006274,0.000000
9.140000,0.807509,2.500497,0.250000,1.150692,-0.002144,0.000000,0.016346,0.006213,0.000000
9.145000,0.813262,2.500487,0.250000,1.150550,-0.002113,0.000000,-0.028289,0.006152,0.000000
9.150000,0.819015,2.500476,0.250000,1.150191,-0.002083,0.000000,-0.071888,0.006091,0.000000
9.155000,0.824766,2.500466,0.250000,1.149619,-0.002052,0.000000,-0.114467,0.006031,0.000000
9.160000,0.830514,2.500455,0.250000,1.148838,-0.002023,0.000000,-0.156042,0.005970,0.000000
9.165000,0.836258,2.500445,0.250000,1.147855,-0.001993,0.000000,-0.196627,0.005910,0.000000
9.170000,0.841998,2.500435,0.250000,1.146674,-0.001964,0.000000,-0.236238,0.005851,0.000000
9.175000,0.847731,2.500425,0.250000,1.145300,-0.001935,0.000000,-0.274889,0.005791,0.000000
9.180000,0.853458,2.500416,0.250000,1.143737,-0.001906,0.000000,-0.312595,0.005732,0.000000
9.185000,0.859176,2.500406,0.250000,1.141990,-0.001878,0.000000,-0.349371,0.005673,0.000000
9.190000,0.864886,2.500397,0.250000,1.140064,-0.001850,0.000000,-0.385232,0.005614,0.000000
9.195000,0.870587,2.500388,0.250000,1.137963,-0.001822,0.000000,-0.420190,0.005556,0.000000
9.200000,0.876276,2.500378,0.250000,1.135691,-0.001794,0.000000,-0.454261,0.005498,0.000000
9.205000,0.881955,2.500369,0.250000,1.133254,-0.001767,0.000000,-0.487459,0.005440,0.000000
9.210000,0.887621,2.500361,0.250000,1.130655,-0.001740,0.000000,-0.519796,0.005382,0.000000
9.215000,0.893274,2.500352,0.250000,1.127899,-0.001714,0.000000,-0.551288,0.005325,0.000000
9.220000,0.898914,2.500343,0.250000,1.124989,-0.001687,0.000000,-0.581947,0.005268,0.000000
9.225000,0.904539,2.500335,0.250000,1.121930,-0.001661,0.000000,-0.611786,0.005211,0.000000
9.230000,0.910148,2.500327,0.250000,1.118726,-0.001636,0.000000,-0.640819,0.005155,0.000000
9.235000,0.915742,2.500318,0.250000,1.115381,-0.001610,0.000000,-0.669059,0.005099,0.000000
9.240000,0.921319,2.500310,0.250000,1.111898,-0.001585,0.000000,-0.696518,0.005043,0.000000
9.245000,0.926879,2.500302,0.250000,1.108282,-0.001560,0.000000,-0.723210,0.004988,0.000000
9.250000,0.932420,2.500295,0.250000,1.104536,-0.001535,0.000000,-0.749147,0.004933,0.000000
9.255000,0.937943,2.500287,0.250000,1.100664,-0.001511,0.000000,-0.774341,0.004878,0.000000
9.260000,0.943446,2.500279,0.250000,1.096670,-0.001487,0.000000,-0.798805,0.004823,0.000000
9.265000,0.948929,2.500272,0.250000,1.092558,-0.001463,0.000000,-0.822550,0.004769,0.000000
9.270000,0.954392,2.500265,0.250000,1.088330,-0.001439,0.000000,-0.845590,0.004715,0.000000
9.275000,0.959834,2.500258,0.250000,1.083990,-0.001416,0.000000,-0.867935,0.004662,0.000000
9.280000,0.965254,2.500250,0.250000,1.079542,-0.001393,0.000000,-0.889598,0.004609,0.000000
9.285000,0.970651,2.500243,0.250000,1.074989,-0.001370,0.000000,-0.910589,0.004556,0.000000
9.290000,0.976026,2.500237,0.250000,1.070335,-0.001348,0.000000,-0.930922,0.004504,0.000000
9.295000,0.981378,2.500230,0.250000,1.065582,-0.001325,0.000000,-0.950605,0.004452,0.000000
9.300000,0.986706,2.500223,0.250000,1.060733,-0.001303,0.000000,-0.969652,0.004400,0.000000
9.305000,0.992010,2.500217,0.250000,1.055793,-0.001282,0.000000,-0.988073,0.004348,0.000000
9.310000,0.997289,2.500210,0.250000,1.050763,-0.001260,0.000000,-1.005879,0.004297,0.000000
9.315000,1.002542,2.500204,0.250000,1.045648,-0.001239,0.000000,-1.023080,0.004247,0.000000
9.320000,1.007771,2.500198,0.250000,1.040450,-0.001218,0.000000,-1.039688,0.004196,0.000000
9.325000,1.012973,2.500192,0.250000,1.035171,-0.001197,0.000000,-1.055712,0.004146,0.000000
9.330000,1.018149,2.500186,0.250000,1.029815,-0.001177,0.000000,-1.071164,0.004097,0.000000
9.335000,1.023298,2.500180,0.250000,1.024385,-0.001156,0.000000,-1.086053,0.004047,0.000000
9.340000,1.028420,2.500174,0.250000,1.018883,-0.001136,0.000000,-1.100390,0.003998,0.000000
9.345000,1.033514,2.500168,0.250000,1.013312,-0.001117,0.000000,-1.114184,0.003950,0.000000
9.350000,1.038581,2.500163,0.250000,1.007675,-0.001097,0.000000,-1.127446,0.003902,0.000000
9.355000,1.043619,2.500157,0.250000,1.001974,-0.001078,0.000000,-1.140184,0.003854,0.000000
9.360000,1.048629,2.500152,0.250000,0.996212,-0.001059,0.000000,-1.152410,0.003806,0.000000
9.365000,1.053610,2.500147,0.250000,0.990391,-0.001040,0.000000,-1.164132,0.003759,0.000000
9.370000,1.058562,2.500141,0.250000,0.984514,-0.001022,0.000000,-1.175359,0.003713,0.000000
9.375000,1.063484,2.500136,0.250000,0.978584,-0.001003,0.000000,-1.186101,0.003666,0.000000
9.380000,1.068377,2.500131,0.250000,0.972602,-0.000985,0.000000,-1.196368,0.003620,0.000000
9.385000,1.073240,2.500126,0.250000,0.966571,-0.000967,0.000000,-1.206167,0.003574,0.000000
9.390000,1.078073,2.500122,0.250000,0.960494,-0.000950,0.000000,-1.215508,0.003529,0.000000
9.395000,1.082876,2.500117,0.250000,0.954372,-0.000932,0.000000,-1.224400,0.003484,0.000000
9.400000,1.087648,2.500112,0.250000,0.948207,-0.000915,0.000000,-1.232851,0.003440,0.000000
9.405000,1.092389,2.500108,0.250000,0.942003,-0.000898,0.000000,-1.240870,0.003396,0.000000
9.410000,1.097099,2.500103,0.250000,0.935761,-0.000881,0.000000,-1.248466,0.003352,0.000000
9.415000,1.101777,2.500099,0.250000,0.929483,-0.000865,0.000000,-1.255646,0.003308,0.000000
9.420000,1.106425,2.500094,0.250000,0.923170,-0.000848,0.000000,-1.262419,0.003265,0.000000
9.425000,1.111041,2.500090,0.250000,0.916827,-0.000832,0.000000,-1.268793,0.003222,0.000000
9.430000,1.115625,2.500086,0.250000,0.910453,-0.000816,0.000000,-1.274775,0.003180,0.000000
9.435000,1.120177,2.500082,0.250000,0.904051,-0.000801,0.000000,-1.280375,0.003138,0.000000
9.440000,1.124697,2.500078,0.250000,0.897623,-0.000785,0.000000,-1.285599,0.003097,0.000000
9.445000,1.129185,2.500074,0.250000,0.891171,-0.000770,0.000000,-1.290455,0.003055,0.000000
9.450000,1.133641,2.500070,0.250000,0.884696,-0.000755,0.000000,-1.294951,0.003014,0.000000
9.455000,1.138065,2.500066,0.250000,0.878200,-0.000740,0.000000,-1.299094,0.002974,0.000000
9.460000,1.142456,2.500063,0.250000,0.871686,-0.000725,0.000000,-1.302892,0.002934,0.000000
9.465000,1.146814,2.500059,0.250000,0.865154,-0.000711,0.000000,-1.306352,0.002894,0.000000
9.470000,1.151140,2.500055,0.250000,0.858607,-0.000697,0.000000,-1.309480,0.002854,0.000000
9.475000,1.155433,2.500052,0.250000,0.852045,-0.000683,0.000000,-1.312285,0.002815,0.000000
9.480000,1.159693,2.500049,0.250000,0.845471,-0.000669,0.000000,-1.314773,0.002777,0.000000
9.485000,1.163921,2.500045,0.250000,0.838887,-0.000655,0.000000,-1.316950,0.002738,0.000000
9.490000,1.168115,2.500042,0.250000,0.832293,-0.000641,0.000000,-1.318823,0.002700,0.000000
9.495000,1.172277,2.500039,0.250000,0.825691,-0.000628,0.000000,-1.320400,0.002663,0.000000
9.500000,1.176405,2.500036,0.250000,0.819082,-0.000615,0.000000,-1.321687,0.002625,0.000000
9.505000,1.180500,2.500033,0.250000,0.812469,-0.000602,0.000000,-1.322690,0.002588,0.000000
9.510000,1.184563,2.500029,0.250000,0.805852,-0.000589,0.000000,-1.323415,0.002552,0.000000
9.515000,1.188592,2.500027,0.250000,0.799232,-0.000577,0.000000,-1.323869,0.002516,0.000000
9.520000,1.192588,2.500024,0.250000,0.792612,-0.000564,0.000000,-1.324058,0.002480,0.000000
9.525000,1.196551,2.500021,0.250000,0.785992,-0.000552,0.000000,-1.323987,0.002444,0.000000
9.530000,1.200481,2.500018,0.250000,0.779374,-0.000540,0.000000,-1.323664,0.002409,0.000000
9.535000,1.204378,2.500015,0.250000,0.772758,-0.000528,0.000000,-1.323094,0.002374,0.000000
9.540000,1.208242,2.500013,0.250000,0.766147,-0.000516,0.000000,-1.322283,0.002340,0.000000
9.545000,1.212073,2.500010,0.250000,0.759541,-0.000505,0.000000,-1.321236,0.002306,0.000000
9.550000,1.215870,2.500008,0.250000,0.752941,-0.000494,0.000000,-1.319959,0.002272,0.000000
9.555000,1.219635,2.500005,0.250000,0.746349,-0.000482,0.000000,-1.318457,0.002238,0.000000
9.560000,1.223367,2.500003,0.250000,0.739765,-0.000471,0.000000,-1.316737,0.002205,0.000000
9.565000,1.227066,2.500000,0.250000,0.733191,-0.000461,0.000000,-1.314803,0.002173,0.000000
9.570000,1.230732,2.499998,0.250000,0.726628,-0.000450,0.000000,-1.312661,0.002140,0.000000
9.575000,1.234365,2.499996,0.250000,0.720076,-0.000439,0.000000,-1.310316,0.002108,0.000000
9.580000,1.237965,2.499994,0.250000,0.713537,-0.000429,0.000000,-1.307774,0.002076,0.000000
9.585000,1.241533,2.499992,0.250000,0.707012,-0.000419,0.000000,-1.305038,0.002045,0.000000
9.590000,1.245068,2.499989,0.250000,0.700501,-0.000409,0.000000,-1.302114,0.002014,0.000000
9.595000,1.248570,2.499987,0.250000,0.694006,-0.000399,0.000000,-1.299008,0.001983,0.000000
9.600000,1.252040,2.499985,0.250000,0.687528,-0.000389,0.000000,-1.295723,0.001953,0.000000
9.605000,1.255478,2.499983,0.250000,0.681066,-0.000379,0.000000,-1.292266,0.001922,0.000000
9.610000,1.258883,2.499982,0.250000,0.674623,-0.000370,0.000000,-1.288639,0.001893,0.000000
9.615000,1.262256,2.499980,0.250000,0.668199,-0.000361,0.000000,-1.284848,0.001863,0.000000
9.620000,1.265597,2.499978,0.250000,0.661794,-0.000351,0.000000,-1.280898,0.001834,0.000000
9.625000,1.268906,2.499976,0.250000,0.655410,-0.000342,0.000000,-1.276792,0.001805,0.000000
9.630000,1.272183,2.499974,0.250000,0.649048,-0.000333,0.000000,-1.272536,0.001777,0.000000
9.635000,1.275429,2.499973,0.250000,0.642707,-0.000325,0.000000,-1.268133,0.001749,0.000000
9.640000,1.278642,2.499971,0.250000,0.636389,-0.000316,0.000000,-1.263588,0.001721,0.000000
9.645000,1.281824,2.499970,0.250000,0.630095,-0.000308,0.000000,-1.258905,0.001693,0.000000
9.650000,1.284975,2.499968,0.250000,0.623824,-0.000299,0.000000,-1.254087,0.001666,0.000000
9.655000,1.288094,2.499967,0.250000,0.617578,-0.000291,0.000000,-1.249140,0.001639,0.000000
9.660000,1.291182,2.499965,0.250000,0.611358,-0.000283,0.000000,-1.244067,0.001612,0.000000
9.665000,1.294238,2.499964,0.250000,0.605164,-0.000275,0.000000,-1.238871,0.001586,0.000000
9.670000,1.297264,2.499962,0.250000,0.598996,-0.000267,0.000000,-1.233558,0.001560,0.000000
9.675000,1.300259,2.499961,0.250000,0.592855,-0.000260,0.000000,-1.228129,0.001534,0.000000
9.680000,1.303223,2.499960,0.250000,0.586742,-0.000252,0.000000,-1.222590,0.001509,0.000000
9.685000,1.306157,2.499958,0.250000,0.580658,-0.000245,0.000000,-1.216943,0.001484,0.000000
9.690000,1.309060,2.499957,0.250000,0.574602,-0.000237,0.000000,-1.211193,0.001459,0.000000
9.695000,1.311933,2.499956,0.250000,0.568575,-0.000230,0.000000,-1.205342,0.001434,0.000000
9.700000,1.314776,2.499955,0.250000,0.562578,-0.000223,0.000000,-1.199395,0.001410,0.000000
9.705000,1.317589,2.499954,0.250000,0.556611,-0.000216,0.000000,-1.193354,0.001386,0.000000
9.710000,1.320372,2.499953,0.250000,0.550675,-0.000209,0.000000,-1.187224,0.001363,0.000000
9.715000,1.323126,2.499952,0.250000,0.544770,-0.000203,0.000000,-1.181006,0.001339,0.000000
9.720000,1.325850,2.499951,0.250000,0.538897,-0.000196,0.000000,-1.174705,0.001316,0.000000
9.725000,1.328544,2.499950,0.250000,0.533055,-0.000190,0.000000,-1.168323,0.001293,0.000000
9.730000,1.331209,2.499949,0.250000,0.527246,-0.000183,0.000000,-1.161864,0.001271,0.000000
9.735000,1.333846,2.499948,0.250000,0.521469,-0.000177,0.000000,-1.155330,0.001248,0.000000
9.740000,1.336453,2.499947,0.250000,0.515725,-0.000171,0.000000,-1.148725,0.001226,0.000000
9.745000,1.339031,2.499946,0.250000,0.510015,-0.000165,0.000000,-1.142052,0.001205,0.000000
9.750000,1.341582,2.499945,0.250000,0.504339,-0.000159,0.000000,-1.135313,0.001183,0.000000
9.755000,1.344103,2.499944,0.250000,0.498696,-0.000153,0.000000,-1.128511,0.001162,0.000000
9.760000,1.346597,2.499944,0.250000,0.493088,-0.000147,0.000000,-1.121649,0.001141,0.000000
9.765000,1.349062,2.499943,0.250000,0.487514,-0.000142,0.000000,-1.114730,0.001120,0.000000
9.770000,1.351500,2.499942,0.250000,0.481975,-0.000136,0.000000,-1.107756,0.001100,0.000000
9.775000,1.353910,2.499941,0.250000,0.476472,-0.000131,0.000000,-1.100729,0.001080,0.000000
9.780000,1.356292,2.499941,0.250000,0.471003,-0.000126,0.000000,-1.093654,0.001060,0.000000
9.785000,1.358647,2.499940,0.250000,0.465571,-0.000120,0.000000,-1.086531,0.001040,0.000000
9.790000,1.360975,2.499940,0.250000,0.460174,-0.000115,0.000000,-1.079364,0.001021,0.000000
9.795000,1.363276,2.499939,0.250000,0.454813,-0.000110,0.000000,-1.072155,0.001002,0.000000
9.800000,1.365550,2.499938,0.250000,0.449489,-0.000105,0.000000,-1.064905,0.000983,0.000000
9.805000,1.367797,2.499938,0.250000,0.444201,-0.000101,0.000000,-1.057619,0.000964,0.000000
9.810000,1.370018,2.499937,0.250000,0.438949,-0.000096,0.000000,-1.050297,0.000946,0.000000
9.815000,1.372213,2.499937,0.250000,0.433734,-0.000091,0.000000,-1.042942,0.000928,0.000000
9.820000,1.374382,2.499936,0.250000,0.428557,-0.000087,0.000000,-1.035556,0.000910,0.000000
9.825000,1.376524,2.499936,0.250000,0.423416,-0.000082,0.000000,-1.028141,0.000892,0.000000
9.830000,1.378642,2.499936,0.250000,0.418312,-0.000078,0.000000,-1.020700,0.000875,0.000000
9.835000,1.380733,2.499935,0.250000,0.413246,-0.000074,0.000000,-1.013235,0.000858,0.000000
9.840000,1.382799,2.499935,0.250000,0.408217,-0.000069,0.000000,-1.005746,0.000841,0.000000
9.845000,1.384840,2.499935,0.250000,0.403226,-0.000065,0.000000,-0.998238,0.000824,0.000000
9.850000,1.386857,2.499934,0.250000,0.398273,-0.000061,0.000000,-0.990710,0.000807,0.000000
9.855000,1.388848,2.499934,0.250000,0.393357,-0.000057,0.000000,-0.983166,0.000791,0.000000
9.860000,1.390815,2.499934,0.250000,0.388479,-0.000053,0.000000,-0.975606,0.000775,0.000000
9.865000,1.392757,2.499933,0.250000,0.383639,-0.000050,0.000000,-0.968034,0.000759,0.000000
9.870000,1.394675,2.499933,0.250000,0.378836,-0.000046,0.000000,-0.960450,0.000744,0.000000
9.875000,1.396569,2.499933,0.250000,0.374072,-0.000042,0.000000,-0.952856,0.000728,0.000000
9.880000,1.398440,2.499933,0.250000,0.369346,-0.000039,0.000000,-0.945255,0.000713,0.000000
9.885000,1.400287,2.499932,0.250000,0.364658,-0.000035,0.000000,-0.937647,0.000698,0.000000
9.890000,1.402110,2.499932,0.250000,0.360007,-0.000032,0.000000,-0.930034,0.000683,0.000000
9.895000,1.403910,2.499932,0.250000,0.355395,-0.000028,0.000000,-0.922418,0.000669,0.000000
9.900000,1.405687,2.499932,0.250000,0.350821,-0.000025,0.000000,-0.914801,0.000655,0.000000
9.905000,1.407441,2.499932,0.250000,0.346285,-0.000022,0.000000,-0.907183,0.000640,0.000000
9.910000,1.409172,2.499932,0.250000,0.341788,-0.000019,0.000000,-0.899567,0.000626,0.000000
9.915000,1.410881,2.499932,0.250000,0.337328,-0.000016,0.000000,-0.891953,0.000613,0.000000
9.920000,1.412568,2.499932,0.250000,0.332906,-0.000013,0.000000,-0.884344,0.000599,0.000000
9.925000,1.414232,2.499931,0.250000,0.328522,-0.000010,0.000000,-0.876740,0.000586,0.000000
9.930000,1.415875,2.499931,0.250000,0.324177,-0.000007,0.000000,-0.869143,0.000573,0.000000
9.935000,1.417496,2.499931,0.250000,0.319869,-0.000004,0.000000,-0.861554,0.000560,0.000000
9.940000,1.419095,2.499931,0.250000,0.315599,-0.000001,0.000000,-0.853975,0.000547,0.000000
9.945000,1.420673,2.499931,0.250000,0.311367,0.000001,0.000000,-0.846406,0.000534,0.000000
9.950000,1.422230,2.499931,0.250000,0.307173,0.000004,0.000000,-0.838849,0.000522,0.000000
9.955000,1.423766,2.499931,0.250000,0.303016,0.000006,0.000000,-0.831306,0.000510,0.000000
9.960000,1.425281,2.499931,0.250000,0.298897,0.000009,0.000000,-0.823776,0.000498,0.000000
9.965000,1.426776,2.499931,0.250000,0.294816,0.000011,0.000000,-0.816262,0.000486,0.000000
9.970000,1.428250,2.499932,0.250000,0.290772,0.000014,0.000000,-0.808764,0.000474,0.000000
9.975000,1.429704,2.499932,0.250000,0.286766,0.000016,0.000000,-0.801284,0.000463,0.000000
9.980000,1.431137,2.499932,0.250000,0.282797,0.000018,0.000000,-0.793822,0.000452,0.000000
9.985000,1.432551,2.499932,0.250000,0.278865,0.000020,0.000000,-0.786380,0.000440,0.000000
9.990000,1.433946,2.499932,0.250000,0.274970,0.000023,0.000000,-0.778958,0.000430,0.000000
9.995000,1.435321,2.499932,0.250000,0.271112,0.000025,0.000000,-0.771558,0.000419,0.000000
10.000000,1.436676,2.499932,0.250000,0.267291,0.000027,0.000000,-0.764180,0.000408,0.000000
10.005000,1.438013,2.499932,0.250000,0.263507,0.000029,0.000000,-0.756826,0.000398,0.000000
10.010000,1.439330,2.499932,0.250000,0.259760,0.000031,0.000000,-0.749496,0.000387,0.000000
10.015000,1.440629,2.499933,0.250000,0.256049,0.000033,0.000000,-0.742190,0.000377,0.000000
10.020000,1.441909,2.499933,0.250000,0.252374,0.000034,0.000000,-0.734911,0.000367,0.000000
10.025000,1.443171,2.499933,0.250000,0.248736,0.000036,0.000000,-0.727658,0.000358,0.000000
10.030000,1.444415,2.499933,0.250000,0.245134,0.000038,0.000000,-0.720433,0.000348,0.000000
10.035000,1.445640,2.499933,0.250000,0.241568,0.000040,0.000000,-0.713236,0.000338,0.000000
10.040000,1.446848,2.499933,0.250000,0.238037,0.000041,0.000000,-0.706067,0.000329,0.000000
10.045000,1.448038,2.499934,0.250000,0.234543,0.000043,0.000000,-0.698929,0.000320,0.000000
10.050000,1.449211,2.499934,0.250000,0.231084,0.000044,0.000000,-0.691821,0.000311,0.000000
10.055000,1.450366,2.499934,0.250000,0.227660,0.000046,0.000000,-0.684743,0.000302,0.000000
10.060000,1.451505,2.499934,0.250000,0.224271,0.000047,0.000000,-0.677698,0.000293,0.000000
10.065000,1.452626,2.499935,0.250000,0.220918,0.000049,0.000000,-0.670684,0.000285,0.000000
10.070000,1.453731,2.499935,0.250000,0.217599,0.000050,0.000000,-0.663704,0.000276,0.000000
10.075000,1.454819,2.499935,0.250000,0.214316,0.000052,0.000000,-0.656757,0.000268,0.000000
10.080000,1.455890,2.499935,0.250000,0.211066,0.000053,0.000000,-0.649844,0.000260,0.000000
10.085000,1.456946,2.499936,0.250000,0.207852,0.000054,0.000000,-0.642965,0.000252,0.000000
10.090000,1.457985,2.499936,0.250000,0.204671,0.000055,0.000000,-0.636122,0.000244,0.000000
10.095000,1.459008,2.499936,0.250000,0.201524,0.000056,0.000000,-0.629314,0.000236,0.000000
10.100000,1.460016,2.499936,0.250000,0.198412,0.000058,0.000000,-0.622542,0.000228,0.000000
10.105000,1.461008,2.499937,0.250000,0.195333,0.000059,0.000000,-0.615807,0.000221,0.000000
10.110000,1.461985,2.499937,0.250000,0.192287,0.000060,0.000000,-0.609109,0.000214,0.000000
10.115000,1.462946,2.499937,0.250000,0.189275,0.000061,0.000000,-0.602448,0.000206,0.000000
10.120000,1.463892,2.499938,0.250000,0.186296,0.000062,0.000000,-0.595826,0.000199,0.000000
10.125000,1.464824,2.499938,0.250000,0.183350,0.000063,0.000000,-0.589241,0.000192,0.000000
10.130000,1.465741,2.499938,0.250000,0.180436,0.000064,0.000000,-0.582695,0.000185,0.000000
10.135000,1.466643,2.499939,0.250000,0.177555,0.000065,0.000000,-0.576188,0.000179,0.000000
10.140000,1.467531,2.499939,0.250000,0.174707,0.000065,0.000000,-0.569720,0.000172,0.000000
10.145000,1.468404,2.499939,0.250000,0.171890,0.000066,0.000000,-0.563293,0.000166,0.000000
10.150000,1.469264,2.499940,0.250000,0.169106,0.000067,0.000000,-0.556905,0.000159,0.000000
10.155000,1.470109,2.499940,0.250000,0.166353,0.000068,0.000000,-0.550557,0.000153,0.000000
10.160000,1.470941,2.499940,0.250000,0.163631,0.000069,0.000000,-0.544250,0.000147,0.000000
10.165000,1.471759,2.499941,0.250000,0.160942,0.000069,0.000000,-0.537984,0.000141,0.000000
10.170000,1.472564,2.499941,0.250000,0.158283,0.000070,0.000000,-0.531759,0.000135,0.000000
10.175000,1.473355,2.499941,0.250000,0.155655,0.000071,0.000000,-0.525575,0.000129,0.000000
10.180000,1.474133,2.499942,0.250000,0.153058,0.000071,0.000000,-0.519434,0.000123,0.000000
10.185000,1.474899,2.499942,0.250000,0.150491,0.000072,0.000000,-0.513333,0.000118,0.000000
10.190000,1.475651,2.499942,0.250000,0.147955,0.000072,0.000000,-0.507275,0.000112,0.000000
10.195000,1.476391,2.499943,0.250000,0.145448,0.000073,0.000000,-0.501260,0.000107,0.000000
10.200000,1.477118,2.499943,0.250000,0.142972,0.000073,0.000000,-0.495286,0.000102,0.000000
10.205000,1.477833,2.499943,0.250000,0.140525,0.000074,0.000000,-0.489355,0.000097,0.000000
10.210000,1.478536,2.499944,0.250000,0.138108,0.000074,0.000000,-0.483467,0.000091,0.000000
10.215000,1.479226,2.499944,0.250000,0.135720,0.000075,0.000000,-0.477622,0.000086,0.000000
10.220000,1.479905,2.499945,0.250000,0.133361,0.000075,0.000000,-0.471820,0.000082,0.000000
10.225000,1.480572,2.499945,0.250000,0.131030,0.000076,0.000000,-0.466061,0.000077,0.000000
16.075000,1.481227,2.499945,0.250000,0.167190,0.000076,0.000000,7.231962,0.000072,0.000000
16.080000,1.482063,2.499946,0.250000,0.202483,0.000076,0.000000,7.058640,0.000068,0.000000
16.085000,1.483075,2.499946,0.250000,0.236923,0.000077,0.000000,6.887961,0.000063,0.000000
16.090000,1.484260,2.499946,0.250000,0.270523,0.000077,0.000000,6.719895,0.000059,0.000000
16.095000,1.485612,2.499947,0.250000,0.303295,0.000077,0.000000,6.554416,0.000054,0.000000
16.100000,1.487129,2.499947,0.250000,0.335252,0.000077,0.000000,6.391495,0.000050,0.000000
16.105000,1.488805,2.499948,0.250000,0.366408,0.000078,0.000000,6.231105,0.000046,0.000000
16.110000,1.490637,2.499948,0.250000,0.396774,0.000078,0.000000,6.073217,0.000042,0.000000
16.115000,1.492621,2.499948,0.250000,0.426363,0.000078,0.000000,5.917806,0.000038,0.000000
16.120000,1.494753,2.499949,0.250000,0.455187,0.000078,0.000000,5.764842,0.000034,0.000000
16.125000,1.497029,2.499949,0.250000,0.483259,0.000078,0.000000,5.614300,0.000030,0.000000
16.130000,1.499445,2.499950,0.250000,0.510589,0.000079,0.000000,5.466153,0.000027,0.000000
16.135000,1.501998,2.499950,0.250000,0.537191,0.000079,0.000000,5.320373,0.000023,0.000000
16.140000,1.504684,2.499950,0.250000,0.563076,0.000079,0.000000,5.176934,0.000019,0.000000
16.145000,1.507499,2.499951,0.250000,0.588255,0.000079,0.000000,5.035809,0.000016,0.000000
16.150000,1.510441,2.499951,0.250000,0.612740,0.000079,0.000000,4.896973,0.000013,0.000000
16.155000,1.513504,2.499951,0.250000,0.636542,0.000079,0.000000,4.760399,0.000009,0.000000
16.160000,1.516687,2.499952,0.250000,0.659672,0.000079,0.000000,4.626061,0.000006,0.000000
16.165000,1.519985,2.499952,0.250000,0.682142,0.000079,0.000000,4.493934,0.000003,0.000000
16.170000,1.523396,2.499953,0.250000,0.703962,0.000079,0.000000,4.363992,-0.000000,0.000000
16.175000,1.526916,2.499953,0.250000,0.725143,0.000079,0.000000,4.236209,-0.000003,0.000000
16.180000,1.530542,2.499953,0.250000,0.745695,0.000079,0.000000,4.110560,-0.000006,0.000000
16.185000,1.534270,2.499954,0.250000,0.765631,0.000079,0.000000,3.987020,-0.000009,0.000000
16.190000,1.538098,2.499954,0.250000,0.784958,0.000079,0.000000,3.865565,-0.000012,0.000000
16.195000,1.542023,2.499955,0.250000,0.803689,0.000079,0.000000,3.746169,-0.000015,0.000000
16.200000,1.546041,2.499955,0.250000,0.821833,0.000079,0.000000,3.628808,-0.000017,0.000000
16.205000,1.550151,2.499955,0.250000,0.839401,0.000079,0.000000,3.513457,-0.000020,0.000000
16.210000,1.554348,2.499956,0.250000,0.856401,0.000078,0.000000,3.400092,-0.000023,0.000000
16.215000,1.558630,2.499956,0.250000,0.872845,0.000078,0.000000,3.288690,-0.000025,0.000000
16.220000,1.562994,2.499957,0.250000,0.888741,0.000078,0.000000,3.179226,-0.000028,0.000000
16.225000,1.567438,2.499957,0.250000,0.904099,0.000078,0.000000,3.071677,-0.000030,0.000000
16.230000,1.571958,2.499957,0.250000,0.918929,0.000078,0.000000,2.966019,-0.000032,0.000000
16.235000,1.576553,2.499958,0.250000,0.933240,0.000078,0.000000,2.862229,-0.000034,0.000000
16.240000,1.581219,2.499958,0.250000,0.947042,0.000077,0.000000,2.760284,-0.000037,0.000000
16.245000,1.585954,2.499959,0.250000,0.960342,0.000077,0.000000,2.660161,-0.000039,0.000000
16.250000,1.590756,2.499959,0.250000,0.973152,0.000077,0.000000,2.561836,-0.000041,0.000000
16.255000,1.595622,2.499959,0.250000,0.985478,0.000077,0.000000,2.465288,-0.000043,0.000000
16.260000,1.600549,2.499960,0.250000,0.997331,0.000077,0.000000,2.370494,-0.000045,0.000000
16.265000,1.605536,2.499960,0.250000,1.008718,0.000076,0.000000,2.277431,-0.000047,0.000000
16.270000,1.610579,2.499960,0.250000,1.019648,0.000076,0.000000,2.186078,-0.000049,0.000000
16.275000,1.615677,2.499961,0.250000,1.030130,0.000076,0.000000,2.096413,-0.000050,0.000000
16.280000,1.620828,2.499961,0.250000,1.040172,0.000076,0.000000,2.008414,-0.000052,0.000000
16.285000,1.626029,2.499962,0.250000,1.049783,0.000075,0.000000,1.922059,-0.000054,0.000000
16.290000,1.631278,2.499962,0.250000,1.058969,0.000075,0.000000,1.837328,-0.000056,0.000000
16.295000,1.636573,2.499962,0.250000,1.067740,0.000075,0.000000,1.754198,-0.000057,0.000000
16.300000,1.641911,2.499963,0.250000,1.076103,0.000075,0.000000,1.672650,-0.000059,0.000000
16.305000,1.647292,2.499963,0.250000,1.084067,0.000074,0.000000,1.592662,-0.000060,0.000000
16.310000,1.652712,2.499963,0.250000,1.091638,0.000074,0.000000,1.514213,-0.000062,0.000000
16.315000,1.658170,2.499964,0.250000,1.098824,0.000074,0.000000,1.437284,-0.000063,0.000000
16.320000,1.663665,2.499964,0.250000,1.105633,0.000073,0.000000,1.361853,-0.000065,0.000000
16.325000,1.669193,2.499965,0.250000,1.112073,0.000073,0.000000,1.287901,-0.000066,0.000000
16.330000,1.674753,2.499965,0.250000,1.118150,0.000073,0.000000,1.215408,-0.000067,0.000000
16.335000,1.680344,2.499965,0.250000,1.123872,0.000072,0.000000,1.144355,-0.000068,0.000000
16.340000,1.685963,2.499966,0.250000,1.129245,0.000072,0.000000,1.074721,-0.000070,0.000000
16.345000,1.691609,2.499966,0.250000,1.134278,0.000072,0.000000,1.006487,-0.000071,0.000000
16.350000,1.697281,2.499966,0.250000,1.138976,0.000071,0.000000,0.939634,-0.000072,0.000000
16.355000,1.702976,2.499967,0.250000,1.143347,0.000071,0.000000,0.874144,-0.000073,0.000000
16.360000,1.708692,2.499967,0.250000,1.147397,0.000070,0.000000,0.809996,-0.000074,0.000000
16.365000,1.714429,2.499967,0.250000,1.151133,0.000070,0.000000,0.747173,-0.000075,0.000000
16.370000,1.720185,2.499968,0.250000,1.154561,0.000070,0.000000,0.685657,-0.000076,0.000000
16.375000,1.725958,2.499968,0.250000,1.157688,0.000069,0.000000,0.625428,-0.000077,0.000000
16.380000,1.731746,2.499969,0.250000,1.160520,0.000069,0.000000,0.566468,-0.000078,0.000000
16.385000,1.737549,2.499969,0.250000,1.163064,0.000069,0.000000,0.508760,-0.000079,0.000000
16.390000,1.743364,2.499969,0.250000,1.165326,0.000068,0.000000,0.452286,-0.000079,0.000000
16.395000,1.749191,2.499970,0.250000,1.167311,0.000068,0.000000,0.397029,-0.000080,0.000000
16.400000,1.755027,2.499970,0.250000,1.169026,0.000067,0.000000,0.342970,-0.000081,0.000000
16.405000,1.760873,2.499970,0.250000,1.170476,0.000067,0.000000,0.290093,-0.000082,0.000000
16.410000,1.766725,2.499971,0.250000,1.171668,0.000067,0.000000,0.238380,-0.000082,0.000000
16.415000,1.772583,2.499971,0.250000,1.172607,0.000066,0.000000,0.187815,-0.000083,0.000000
16.420000,1.778446,2.499971,0.250000,1.173299,0.000066,0.000000,0.138380,-0.000084,0.000000
16.425000,1.784313,2.499972,0.250000,1.173749,0.000065,0.000000,0.090060,-0.000084,0.000000
16.430000,1.790182,2.499972,0.250000,1.173963,0.000065,0.000000,0.042838,-0.000085,0.000000
16.435000,1.796051,2.499972,0.250000,1.173947,0.000064,0.000000,-0.003303,-0.000085,0.000000
16.440000,1.801921,2.499973,0.250000,1.173705,0.000064,0.000000,-0.048379,-0.000086,0.000000
16.445000,1.807790,2.499973,0.250000,1.173243,0.000064,0.000000,-0.092405,-0.000086,0.000000
16.450000,1.813656,2.499973,0.250000,1.172566,0.000063,0.000000,-0.135397,-0.000087,0.000000
16.455000,1.819519,2.499973,0.250000,1.171679,0.000063,0.000000,-0.177371,-0.000087,0.000000
16.460000,1.825377,2.499974,0.250000,1.170587,0.000062,0.000000,-0.218343,-0.000088,0.000000
16.465000,1.831230,2.499974,0.250000,1.169296,0.000062,0.000000,-0.258327,-0.000088,0.000000
16.470000,1.837077,2.499974,0.250000,1.167809,0.000061,0.000000,-0.297338,-0.000088,0.000000
16.475000,1.842916,2.499975,0.250000,1.166132,0.000061,0.000000,-0.335392,-0.000089,0.000000
16.480000,1.848746,2.499975,0.250000,1.164270,0.000060,0.000000,-0.372504,-0.000089,0.000000
16.485000,1.854568,2.499975,0.250000,1.162226,0.000060,0.000000,-0.408687,-0.000089,0.000000
16.490000,1.860379,2.499976,0.250000,1.160006,0.000060,0.000000,-0.443957,-0.000090,0.000000
16.495000,1.866179,2.499976,0.250000,1.157615,0.000059,0.000000,-0.478327,-0.000090,0.000000
16.500000,1.871967,2.499976,0.250000,1.155056,0.000059,0.000000,-0.511813,-0.000090,0.000000
16.505000,1.877742,2.499976,0.250000,1.152334,0.000058,0.000000,-0.544427,-0.000090,0.000000
16.510000,1.883504,2.499977,0.250000,1.149453,0.000058,0.000000,-0.576184,-0.000090,0.000000
16.515000,1.889251,2.499977,0.250000,1.146417,0.000057,0.000000,-0.607097,-0.000090,0.000000
16.520000,1.894983,2.499977,0.250000,1.143231,0.000057,0.000000,-0.637180,-0.000091,0.000000
16.525000,1.900699,2.499978,0.250000,1.139899,0.000056,0.000000,-0.666446,-0.000091,0.000000
16.530000,1.906399,2.499978,0.250000,1.136424,0.000056,0.000000,-0.694909,-0.000091,0.000000
16.535000,1.912081,2.499978,0.250000,1.132812,0.000056,0.000000,-0.722581,-0.000091,0.000000
16.540000,1.917745,2.499978,0.250000,1.129064,0.000055,0.000000,-0.749476,-0.000091,0.000000
16.545000,1.923390,2.499979,0.250000,1.125186,0.000055,0.000000,-0.775606,-0.000091,0.000000
16.550000,1.929016,2.499979,0.250000,1.121181,0.000054,0.000000,-0.800984,-0.000091,0.000000
16.555000,1.934622,2.499979,0.250000,1.117053,0.000054,0.000000,-0.825622,-0.000091,0.000000
16.560000,1.940207,2.499980,0.250000,1.112805,0.000053,0.000000,-0.849533,-0.000091,0.000000
16.565000,1.945771,2.499980,0.250000,1.108442,0.000053,0.000000,-0.872728,-0.000091,0.000000
16.570000,1.951314,2.499980,0.250000,1.103966,0.000052,0.000000,-0.895221,-0.000091,0.000000
16.575000,1.956833,2.499980,0.250000,1.099381,0.000052,0.000000,-0.917022,-0.000091,0.000000
16.580000,1.962330,2.499981,0.250000,1.094690,0.000051,0.000000,-0.938144,-0.000091,0.000000
16.585000,1.967804,2.499981,0.250000,1.089897,0.000051,0.000000,-0.958598,-0.000090,0.000000
16.590000,1.973253,2.499981,0.250000,1.085005,0.000051,0.000000,-0.978395,-0.000090,0.000000
16.595000,1.978678,2.499981,0.250000,1.080017,0.000050,0.000000,-0.997548,-0.000090,0.000000
16.600000,1.984078,2.499982,0.250000,1.074937,0.000050,0.000000,-1.016067,-0.000090,0.000000
16.605000,1.989453,2.499982,0.250000,1.069767,0.000049,0.000000,-1.033963,-0.000090,0.000000
16.610000,1.994802,2.499982,0.250000,1.064511,0.000049,0.000000,-1.051247,-0.000090,0.000000
16.615000,2.000124,2.499982,0.250000,1.059171,0.000048,0.000000,-1.067930,-0.000089,0.000000
16.620000,2.005420,2.499983,0.250000,1.053751,0.000048,0.000000,-1.084023,-0.000089,0.000000
16.625000,2.010689,2.499983,0.250000,1.048253,0.000047,0.000000,-1.099536,-0.000089,0.000000
16.630000,2.015930,2.499983,0.250000,1.042681,0.000047,0.000000,-1.114479,-0.000089,0.000000
16.635000,2.021144,2.499983,0.250000,1.037037,0.000047,0.000000,-1.128864,-0.000089,0.000000
16.640000,2.026329,2.499984,0.250000,1.031323,0.000046,0.000000,-1.142699,-0.000088,0.000000
16.645000,2.031486,2.499984,0.250000,1.025543,0.000046,0.000000,-1.155995,-0.000088,0.000000
16.650000,2.036613,2.499984,0.250000,1.019699,0.000045,0.000000,-1.168763,-0.000088,0.000000
16.655000,2.041712,2.499984,0.250000,1.013794,0.000045,0.000000,-1.181010,-0.000087,0.000000
16.660000,2.046781,2.499984,0.250000,1.007831,0.000044,0.000000,-1.192748,-0.000087,0.000000
16.665000,2.051820,2.499985,0.250000,1.001811,0.000044,0.000000,-1.203986,-0.000087,0.000000
16.670000,2.056829,2.499985,0.250000,0.995737,0.000043,0.000000,-1.214733,-0.000087,0.000000
16.675000,2.061808,2.499985,0.250000,0.989612,0.000043,0.000000,-1.224998,-0.000086,0.000000
16.680000,2.066756,2.499985,0.250000,0.983438,0.000043,0.000000,-1.234791,-0.000086,0.000000
16.685000,2.071673,2.499986,0.250000,0.977217,0.000042,0.000000,-1.244120,-0.000086,0.000000
16.690000,2.076559,2.499986,0.250000,0.970952,0.000042,0.000000,-1.252995,-0.000085,0.000000
16.695000,2.081414,2.499986,0.250000,0.964645,0.000041,0.000000,-1.261424,-0.000085,0.000000
16.700000,2.086237,2.499986,0.250000,0.958298,0.000041,0.000000,-1.269416,-0.000084,0.000000
16.705000,2.091028,2.499986,0.250000,0.951913,0.000040,0.000000,-1.276980,-0.000084,0.000000
16.710000,2.095788,2.499987,0.250000,0.945493,0.000040,0.000000,-1.284123,-0.000084,0.000000
16.715000,2.100515,2.499987,0.250000,0.939038,0.000040,0.000000,-1.290854,-0.000083,0.000000
16.720000,2.105211,2.499987,0.250000,0.932553,0.000039,0.000000,-1.297182,-0.000083,0.000000
16.725000,2.109873,2.499987,0.250000,0.926037,0.000039,0.000000,-1.303115,-0.000083,0.000000
16.730000,2.114504,2.499987,0.250000,0.919494,0.000038,0.000000,-1.308660,-0.000082,0.000000
16.735000,2.119101,2.499988,0.250000,0.912925,0.000038,0.000000,-1.313825,-0.000082,0.000000
16.740000,2.123666,2.499988,0.250000,0.906331,0.000038,0.000000,-1.318618,-0.000081,0.000000
16.745000,2.128197,2.499988,0.250000,0.899716,0.000037,0.000000,-1.323048,-0.000081,0.000000
16.750000,2.132696,2.499988,0.250000,0.893081,0.000037,0.000000,-1.327120,-0.000080,0.000000
16.755000,2.137161,2.499988,0.250000,0.886426,0.000036,0.000000,-1.330844,-0.000080,0.000000
16.760000,2.141593,2.499989,0.250000,0.879755,0.000036,0.000000,-1.334225,-0.000080,0.000000
16.765000,2.145992,2.499989,0.250000,0.873069,0.000036,0.000000,-1.337272,-0.000079,0.000000
16.770000,2.150358,2.499989,0.250000,0.866369,0.000035,0.000000,-1.339992,-0.000079,0.000000
16.775000,2.154689,2.499989,0.250000,0.859657,0.000035,0.000000,-1.342391,-0.000078,0.000000
16.780000,2.158988,2.499989,0.250000,0.852935,0.000034,0.000000,-1.344476,-0.000078,0.000000
16.785000,2.163252,2.499989,0.250000,0.846203,0.000034,0.000000,-1.346255,-0.000077,0.000000
16.790000,2.167483,2.499990,0.250000,0.839465,0.000034,0.000000,-1.347734,-0.000077,0.000000
16.795000,2.171681,2.499990,0.250000,0.832720,0.000033,0.000000,-1.348919,-0.000076,0.000000
16.800000,2.175844,2.499990,0.250000,0.825971,0.000033,0.000000,-1.349818,-0.000076,0.000000
16.805000,2.179974,2.499990,0.250000,0.819219,0.000033,0.000000,-1.350437,-0.000075,0.000000
16.810000,2.184070,2.499990,0.250000,0.812465,0.000032,0.000000,-1.350781,-0.000075,0.000000
16.815000,2.188133,2.499990,0.250000,0.805711,0.000032,0.000000,-1.350858,-0.000074,0.000000
16.820000,2.192161,2.499991,0.250000,0.798957,0.000031,0.000000,-1.350673,-0.000074,0.000000
16.825000,2.196156,2.499991,0.250000,0.792206,0.000031,0.000000,-1.350233,-0.000073,0.000000
16.830000,2.200117,2.499991,0.250000,0.785458,0.000031,0.000000,-1.349543,-0.000073,0.000000
16.835000,2.204044,2.499991,0.250000,0.778715,0.000030,0.000000,-1.348610,-0.000072,0.000000
16.840000,2.207938,2.499991,0.250000,0.771978,0.000030,0.000000,-1.347439,-0.000072,0.000000
16.845000,2.211798,2.499991,0.250000,0.765248,0.000030,0.000000,-1.346035,-0.000071,0.000000
16.850000,2.215624,2.499991,0.250000,0.758526,0.000029,0.000000,-1.344406,-0.000071,0.000000
16.855000,2.219417,2.499992,0.250000,0.751813,0.000029,0.000000,-1.342555,-0.000070,0.000000
16.860000,2.223176,2.499992,0.250000,0.745111,0.000029,0.000000,-1.340489,-0.000070,0.000000
16.865000,2.226901,2.499992,0.250000,0.738420,0.000028,0.000000,-1.338212,-0.000069,0.000000
16.870000,2.230593,2.499992,0.250000,0.731741,0.000028,0.000000,-1.335731,-0.000069,0.000000
16.875000,2.234252,2.499992,0.250000,0.725076,0.000028,0.000000,-1.333051,-0.000068,0.000000
16.880000,2.237877,2.499992,0.250000,0.718425,0.000027,0.000000,-1.330176,-0.000068,0.000000
16.885000,2.241470,2.499992,0.250000,0.711789,0.000027,0.000000,-1.327111,-0.000067,0.000000
16.890000,2.245028,2.499993,0.250000,0.705170,0.000026,0.000000,-1.323862,-0.000067,0.000000
16.895000,2.248554,2.499993,0.250000,0.698568,0.000026,0.000000,-1.320433,-0.000066,0.000000
16.900000,2.252047,2.499993,0.250000,0.691984,0.000026,0.000000,-1.316829,-0.000066,0.000000
16.905000,2.255507,2.499993,0.250000,0.685418,0.000026,0.000000,-1.313056,-0.000065,0.000000
16.910000,2.258934,2.499993,0.250000,0.678873,0.000025,0.000000,-1.309117,-0.000065,0.000000
16.915000,2.262329,2.499993,0.250000,0.672348,0.000025,0.000000,-1.305017,-0.000064,0.000000
16.920000,2.265690,2.499993,0.250000,0.665844,0.000025,0.000000,-1.300761,-0.000064,0.000000
16.925000,2.269019,2.499993,0.250000,0.659362,0.000024,0.000000,-1.296353,-0.000063,0.000000
16.930000,2.272316,2.499994,0.250000,0.652903,0.000024,0.000000,-1.291797,-0.000063,0.000000
16.935000,2.275581,2.499994,0.250000,0.646468,0.000024,0.000000,-1.287098,-0.000062,0.000000
16.940000,2.278813,2.499994,0.250000,0.640056,0.000023,0.000000,-1.282260,-0.000061,0.000000
16.945000,2.282013,2.499994,0.250000,0.633670,0.000023,0.000000,-1.277287,-0.000061,0.000000
16.950000,2.285182,2.499994,0.250000,0.627309,0.000023,0.000000,-1.272183,-0.000060,0.000000
16.955000,2.288318,2.499994,0.250000,0.620974,0.000022,0.000000,-1.266952,-0.000060,0.000000
16.960000,2.291423,2.499994,0.250000,0.614666,0.000022,0.000000,-1.261598,-0.000059,0.000000
16.965000,2.294497,2.499994,0.250000,0.608386,0.000022,0.000000,-1.256125,-0.000059,0.000000
16.970000,2.297538,2.499994,0.250000,0.602133,0.000022,0.000000,-1.250537,-0.000058,0.000000
16.975000,2.300549,2.499995,0.250000,0.595909,0.000021,0.000000,-1.244838,-0.000058,0.000000
16.980000,2.303529,2.499995,0.250000,0.589714,0.000021,0.000000,-1.239030,-0.000057,0.000000
16.985000,2.306477,2.499995,0.250000,0.583548,0.000021,0.000000,-1.233119,-0.000057,0.000000
16.990000,2.309395,2.499995,0.250000,0.577413,0.000020,0.000000,-1.227106,-0.000056,0.000000
16.995000,2.312282,2.499995,0.250000,0.571308,0.000020,0.000000,-1.220996,-0.000056,0.000000
17.000000,2.315139,2.499995,0.250000,0.565234,0.000020,0.000000,-1.214793,-0.000055,0.000000
17.005000,2.317965,2.499995,0.250000,0.559191,0.000020,0.000000,-1.208499,-0.000055,0.000000
17.010000,2.320761,2.499995,0.250000,0.553180,0.000019,0.000000,-1.202118,-0.000054,0.000000
17.015000,2.323527,2.499995,0.250000,0.547202,0.000019,0.000000,-1.195653,-0.000054,0.000000
17.020000,2.326263,2.499996,0.250000,0.541257,0.000019,0.000000,-1.189107,-0.000053,0.000000
17.025000,2.328969,2.499996,0.250000,0.535344,0.000018,0.000000,-1.182484,-0.000053,0.000000
17.030000,2.331646,2.499996,0.250000,0.529465,0.000018,0.000000,-1.175786,-0.000052,0.000000
17.035000,2.334293,2.499996,0.250000,0.523620,0.000018,0.000000,-1.169016,-0.000052,0.000000
17.040000,2.336911,2.499996,0.250000,0.517809,0.000018,0.000000,-1.162178,-0.000051,0.000000
17.045000,2.339500,2.499996,0.250000,0.512033,0.000017,0.000000,-1.155275,-0.000051,0.000000
17.050000,2.342060,2.499996,0.250000,0.506291,0.000017,0.000000,-1.148308,-0.000050,0.000000
17.055000,2.344592,2.499996,0.250000,0.500585,0.000017,0.000000,-1.141281,-0.000050,0.000000
17.060000,2.347095,2.499996,0.250000,0.494914,0.000017,0.000000,-1.134197,-0.000049,0.000000
17.065000,2.349569,2.499996,0.250000,0.489279,0.000016,0.000000,-1.127059,-0.000049,0.000000
17.070000,2.352016,2.499996,0.250000,0.483679,0.000016,0.000000,-1.119868,-0.000048,0.000000
17.075000,2.354434,2.499996,0.250000,0.478116,0.000016,0.000000,-1.112628,-0.000048,0.000000
17.080000,2.356825,2.499997,0.250000,0.472590,0.000016,0.000000,-1.105341,-0.000047,0.000000
17.085000,2.359188,2.499997,0.250000,0.467100,0.000016,0.000000,-1.098010,-0.000047,0.000000
17.090000,2.361523,2.499997,0.250000,0.461646,0.000015,0.000000,-1.090636,-0.000046,0.000000
17.095000,2.363831,2.499997,0.250000,0.456230,0.000015,0.000000,-1.083224,-0.000046,0.000000
17.100000,2.366112,2.499997,0.250000,0.450851,0.000015,0.000000,-1.075773,-0.000045,0.000000
17.105000,2.368367,2.499997,0.250000,0.445510,0.000015,0.000000,-1.068288,-0.000045,0.000000
17.110000,2.370594,2.499997,0.250000,0.440206,0.000014,0.000000,-1.060770,-0.000044,0.000000
17.115000,2.372795,2.499997,0.250000,0.434940,0.000014,0.000000,-1.053222,-0.000044,0.000000
17.120000,2.374970,2.499997,0.250000,0.429712,0.000014,0.000000,-1.045645,-0.000043,0.000000
17.125000,2.377118,2.499997,0.250000,0.424522,0.000014,0.000000,-1.038043,-0.000043,0.000000
17.130000,2.379241,2.499997,0.250000,0.419369,0.000014,0.000000,-1.030415,-0.000042,0.000000
17.135000,2.381338,2.499997,0.250000,0.414256,0.000013,0.000000,-1.022766,-0.000042,0.000000
17.140000,2.383409,2.499997,0.250000,0.409180,0.000013,0.000000,-1.015097,-0.000042,0.000000
17.145000,2.385455,2.499997,0.250000,0.404143,0.000013,0.000000,-1.007409,-0.000041,0.000000
17.150000,2.387476,2.499998,0.250000,0.399145,0.000013,0.000000,-0.999705,-0.000041,0.000000
17.155000,2.389472,2.499998,0.250000,0.394185,0.000012,0.000000,-0.991987,-0.000040,0.000000
17.160000,2.391442,2.499998,0.250000,0.389263,0.000012,0.000000,-0.984256,-0.000040,0.000000
17.165000,2.393389,2.499998,0.250000,0.384381,0.000012,0.000000,-0.976514,-0.000039,0.000000
17.170000,2.395311,2.499998,0.250000,0.379537,0.000012,0.000000,-0.968763,-0.000039,0.000000
17.175000,2.397208,2.499998,0.250000,0.374732,0.000012,0.000000,-0.961004,-0.000038,0.000000
17.180000,2.399082,2.499998,0.250000,0.369966,0.000012,0.000000,-0.953240,-0.000038,0.000000
17.185000,2.400932,2.499998,0.250000,0.365238,0.000011,0.000000,-0.945472,-0.000038,0.000000
17.190000,2.402758,2.499998,0.250000,0.360550,0.000011,0.000000,-0.937701,-0.000037,0.000000
17.195000,2.404561,2.499998,0.250000,0.355900,0.000011,0.000000,-0.929929,-0.000037,0.000000
17.200000,2.406340,2.499998,0.250000,0.351289,0.000011,0.000000,-0.922157,-0.000036,0.000000
17.205000,2.408097,2.499998,0.250000,0.346717,0.000011,0.000000,-0.914388,-0.000036,0.000000
17.210000,2.409830,2.499998,0.250000,0.342184,0.000010,0.000000,-0.906622,-0.000035,0.000000
17.215000,2.411541,2.499998,0.250000,0.337690,0.000010,0.000000,-0.898861,-0.000035,0.000000
17.220000,2.413230,2.499998,0.250000,0.333235,0.000010,0.000000,-0.891106,-0.000035,0.000000
17.225000,2.414896,2.499998,0.250000,0.328818,0.000010,0.000000,-0.883359,-0.000034,0.000000
17.230000,2.416540,2.499998,0.250000,0.324440,0.000010,0.000000,-0.875620,-0.000034,0.000000
17.235000,2.418162,2.499999,0.250000,0.320100,0.000010,0.000000,-0.867892,-0.000033,0.000000
17.240000,2.419763,2.499999,0.250000,0.315799,0.000009,0.000000,-0.860175,-0.000033,0.000000
17.245000,2.421342,2.499999,0.250000,0.311537,0.000009,0.000000,-0.852471,-0.000033,0.000000
17.250000,2.422899,2.499999,0.250000,0.307313,0.000009,0.000000,-0.844781,-0.000032,0.000000
17.255000,2.424436,2.499999,0.250000,0.303128,0.000009,0.000000,-0.837106,-0.000032,0.000000
17.260000,2.425952,2.499999,0.250000,0.298980,0.000009,0.000000,-0.829447,-0.000031,0.000000
17.265000,2.427446,2.499999,0.250000,0.294871,0.000009,0.000000,-0.821805,-0.000031,0.000000
17.270000,2.428921,2.499999,0.250000,0.290800,0.000008,0.000000,-0.814182,-0.000031,0.000000
17.275000,2.430375,2.499999,0.250000,0.286767,0.000008,0.000000,-0.806577,-0.000030,0.000000
17.280000,2.431809,2.499999,0.250000,0.282773,0.000008,0.000000,-0.798994,-0.000030,0.000000
17.285000,2.433223,2.499999,0.250000,0.278815,0.000008,0.000000,-0.791431,-0.000029,0.000000
17.290000,2.434617,2.499999,0.250000,0.274896,0.000008,0.000000,-0.783891,-0.000029,0.000000
17.295000,2.435991,2.499999,0.250000,0.271014,0.000008,0.000000,-0.776374,-0.000029,0.000000
17.300000,2.437346,2.499999,0.250000,0.267170,0.000008,0.000000,-0.768881,-0.000028,0.000000
17.305000,2.438682,2.499999,0.250000,0.263363,0.000007,0.000000,-0.761414,-0.000028,0.000000
17.310000,2.439999,2.499999,0.250000,0.259593,0.000007,0.000000,-0.753972,-0.000028,0.000000
17.315000,2.441297,2.499999,0.250000,0.255860,0.000007,0.000000,-0.746557,-0.000027,0.000000
17.320000,2.442576,2.499999,0.250000,0.252164,0.000007,0.000000,-0.739169,-0.000027,0.000000
17.325000,2.443837,2.499999,0.250000,0.248505,0.000007,0.000000,-0.731810,-0.000027,0.000000
17.330000,2.445079,2.499999,0.250000,0.244883,0.000007,0.000000,-0.724480,-0.000026,0.000000
17.335000,2.446304,2.499999,0.250000,0.241297,0.000007,0.000000,-0.717180,-0.000026,0.000000
17.340000,2.447510,2.499999,0.250000,0.237747,0.000007,0.000000,-0.709910,-0.000026,0.000000
17.345000,2.448699,2.499999,0.250000,0.234234,0.000006,0.000000,-0.702672,-0.000025,0.000000
17.350000,2.449870,2.499999,0.250000,0.230756,0.000006,0.000000,-0.695465,-0.000025,0.000000
17.355000,2.451024,2.499999,0.250000,0.227315,0.000006,0.000000,-0.688292,-0.000025,0.000000
17.360000,2.452161,2.499999,0.250000,0.223909,0.000006,0.000000,-0.681151,-0.000024,0.000000
17.365000,2.453280,2.500000,0.250000,0.220539,0.000006,0.000000,-0.674044,-0.000024,0.000000
17.370000,2.454383,2.500000,0.250000,0.217204,0.000006,0.000000,-0.666971,-0.000024,0.000000
17.375000,2.455469,2.500000,0.250000,0.213905,0.000006,0.000000,-0.659934,-0.000023,0.000000
17.380000,2.456538,2.500000,0.250000,0.210640,0.000006,0.000000,-0.652931,-0.000023,0.000000
17.385000,2.457592,2.500000,0.250000,0.207410,0.000005,0.000000,-0.645965,-0.000023,0.000000
17.390000,2.458629,2.500000,0.250000,0.204215,0.000005,0.000000,-0.639036,-0.000022,0.000000
17.395000,2.459650,2.500000,0.250000,0.201054,0.000005,0.000000,-0.632143,-0.000022,0.000000
17.400000,2.460655,2.500000,0.250000,0.197928,0.000005,0.000000,-0.625288,-0.000022,0.000000
17.405000,2.461645,2.500000,0.250000,0.194835,0.000005,0.000000,-0.618471,-0.000021,0.000000
17.410000,2.462619,2.500000,0.250000,0.191777,0.000005,0.000000,-0.611692,-0.000021,0.000000
17.415000,2.463578,2.500000,0.250000,0.188752,0.000005,0.000000,-0.604952,-0.000021,0.000000
17.420000,2.464521,2.500000,0.250000,0.185761,0.000005,0.000000,-0.598252,-0.000020,0.000000
17.425000,2.465450,2.500000,0.250000,0.182803,0.000005,0.000000,-0.591590,-0.000020,0.000000
17.430000,2.466364,2.500000,0.250000,0.179878,0.000004,0.000000,-0.584969,-0.000020,0.000000
17.435000,2.467264,2.500000,0.250000,0.176986,0.000004,0.000000,-0.578388,-0.000020,0.000000
17.440000,2.468149,2.500000,0.250000,0.174127,0.000004,0.000000,-0.571848,-0.000019,0.000000
17.445000,2.469019,2.500000,0.250000,0.171300,0.000004,0.000000,-0.565349,-0.000019,0.000000
17.450000,2.469876,2.500000,0.250000,0.168506,0.000004,0.000000,-0.558891,-0.000019,0.000000
17.455000,2.470718,2.500000,0.250000,0.165743,0.000004,0.000000,-0.552474,-0.000018,0.000000
17.460000,2.471547,2.500000,0.250000,0.163013,0.000004,0.000000,-0.546100,-0.000018,0.000000
17.465000,2.472362,2.500000,0.250000,0.160314,0.000004,0.000000,-0.539767,-0.000018,0.000000
17.470000,2.473164,2.500000,0.250000,0.157647,0.000004,0.000000,-0.533477,-0.000018,0.000000
17.475000,2.473952,2.500000,0.250000,0.155010,0.000004,0.000000,-0.527229,-0.000017,0.000000
17.480000,2.474727,2.500000,0.250000,0.152405,0.000004,0.000000,-0.521024,-0.000017,0.000000
17.485000,2.475489,2.500000,0.250000,0.149831,0.000003,0.000000,-0.514862,-0.000017,0.000000
17.490000,2.476238,2.500000,0.250000,0.147287,0.000003,0.000000,-0.508744,-0.000017,0.000000
17.495000,2.476974,2.500000,0.250000,0.144774,0.000003,0.000000,-0.502668,-0.000016,0.000000
17.500000,2.477698,2.500000,0.250000,0.142291,0.000003,0.000000,-0.496636,-0.000016,0.000000
17.505000,2.478410,2.500000,0.250000,0.139838,0.000003,0.000000,-0.490648,-0.000016,0.000000
17.510000,2.479109,2.500000,0.250000,0.137414,0.000003,0.000000,-0.484704,-0.000016,0.000000
17.515000,2.479796,2.500000,0.250000,0.135020,0.000003,0.000000,-0.478804,-0.000015,0.000000
17.520000,2.480471,2.500000,0.250000,0.132655,0.000003,0.000000,-0.472947,-0.000015,0.000000
24.820000,2.481134,2.500000,0.250000,0.130320,0.038464,0.000000,-0.467135,7.692293,0.000000
24.825000,2.481786,2.500193,0.250000,0.128013,0.076031,0.000000,-0.461368,7.513299,0.000000
24.830000,2.482426,2.500573,0.250000,0.125735,0.112716,0.000000,-0.455644,7.336991,0.000000
24.835000,2.483055,2.501136,0.250000,0.123485,0.148533,0.000000,-0.449965,7.163340,0.000000
24.840000,2.483672,2.501879,0.250000,0.121263,0.183494,0.000000,-0.444331,6.992320,0.000000
24.845000,2.484279,2.502796,0.250000,0.119069,0.217614,0.000000,-0.438741,6.823901,0.000000
24.850000,2.484874,2.503884,0.250000,0.116903,0.250904,0.000000,-0.433196,6.658057,0.000000
24.855000,2.485458,2.505139,0.250000,0.114765,0.283378,0.000000,-0.427695,6.494759,0.000000
24.860000,2.486032,2.506556,0.250000,0.112654,0.315048,0.000000,-0.422239,6.333981,0.000000
24.865000,2.486595,2.508131,0.250000,0.110570,0.345926,0.000000,-0.416828,6.175695,0.000000
24.870000,2.487148,2.509861,0.250000,0.108512,0.376025,0.000000,-0.411462,6.019874,0.000000
24.875000,2.487691,2.511741,0.250000,0.106482,0.405358,0.000000,-0.406140,5.866491,0.000000
24.880000,2.488223,2.513768,0.250000,0.104477,0.433936,0.000000,-0.400863,5.715520,0.000000
24.885000,2.488746,2.515937,0.250000,0.102499,0.461770,0.000000,-0.395631,5.566934,0.000000
24.890000,2.489258,2.518246,0.250000,0.100547,0.488874,0.000000,-0.390443,5.420706,0.000000
24.895000,2.489761,2.520691,0.250000,0.098620,0.515258,0.000000,-0.385300,5.276809,0.000000
24.900000,2.490254,2.523267,0.250000,0.096719,0.540934,0.000000,-0.380202,5.135219,0.000000
24.905000,2.490738,2.525971,0.250000,0.094844,0.565913,0.000000,-0.375148,4.995909,0.000000
24.910000,2.491212,2.528801,0.250000,0.092993,0.590208,0.000000,-0.370138,4.858853,0.000000
24.915000,2.491677,2.531752,0.250000,0.091167,0.613828,0.000000,-0.365173,4.724025,0.000000
24.920000,2.492133,2.534821,0.250000,0.089366,0.636785,0.000000,-0.360253,4.591401,0.000000
24.925000,2.492579,2.538005,0.250000,0.087589,0.659090,0.000000,-0.355376,4.460954,0.000000
24.930000,2.493017,2.541301,0.250000,0.085836,0.680753,0.000000,-0.350544,4.332659,0.000000
24.935000,2.493447,2.544704,0.250000,0.084107,0.701785,0.000000,-0.345756,4.206492,0.000000
24.940000,2.493867,2.548213,0.250000,0.082402,0.722197,0.000000,-0.341012,4.082427,0.000000
24.945000,2.494279,2.551824,0.250000,0.080721,0.742000,0.000000,-0.336312,3.960440,0.000000
24.950000,2.494683,2.555534,0.250000,0.079062,0.761202,0.000000,-0.331655,3.840507,0.000000
24.955000,2.495078,2.559340,0.250000,0.077427,0.779815,0.000000,-0.327043,3.722603,0.000000
24.960000,2.495465,2.563239,0.250000,0.075815,0.797849,0.000000,-0.322473,3.606704,0.000000
24.965000,2.495844,2.567229,0.250000,0.074225,0.815313,0.000000,-0.317948,3.492786,0.000000
24.970000,2.496215,2.571305,0.250000,0.072658,0.832217,0.000000,-0.313465,3.380825,0.000000
24.975000,2.496579,2.575466,0.250000,0.071113,0.848571,0.000000,-0.309026,3.270797,0.000000
24.980000,2.496934,2.579709,0.250000,0.069590,0.864384,0.000000,-0.304630,3.162680,0.000000
24.985000,2.497282,2.584031,0.250000,0.068088,0.879666,0.000000,-0.300276,3.056450,0.000000
24.990000,2.497623,2.588429,0.250000,0.066608,0.894427,0.000000,-0.295966,2.952083,0.000000
24.995000,2.497956,2.592902,0.250000,0.065150,0.908675,0.000000,-0.291698,2.849557,0.000000
25.000000,2.498281,2.597445,0.250000,0.063713,0.922419,0.000000,-0.287472,2.748849,0.000000
25.005000,2.498600,2.602057,0.250000,0.062296,0.935669,0.000000,-0.283288,2.649936,0.000000
25.010000,2.498911,2.606735,0.250000,0.060900,0.948433,0.000000,-0.279147,2.552797,0.000000
25.015000,2.499216,2.611477,0.250000,0.059525,0.960720,0.000000,-0.275047,2.457408,0.000000
25.020000,2.499514,2.616281,0.250000,0.058170,0.972538,0.000000,-0.270990,2.363748,0.000000
25.025000,2.499804,2.621144,0.250000,0.056835,0.983897,0.000000,-0.266973,2.271794,0.000000
25.030000,2.500089,2.626063,0.250000,0.055520,0.994805,0.000000,-0.262998,2.181526,0.000000
25.035000,2.500366,2.631037,0.250000,0.054225,1.005270,0.000000,-0.259065,2.092921,0.000000
25.040000,2.500637,2.636064,0.250000,0.052949,1.015299,0.000000,-0.255172,2.005959,0.000000
25.045000,2.500902,2.641140,0.250000,0.051693,1.024902,0.000000,-0.251320,1.920618,0.000000
25.050000,2.501161,2.646265,0.250000,0.050455,1.034087,0.000000,-0.247508,1.836876,0.000000
25.055000,2.501413,2.651435,0.250000,0.049236,1.042860,0.000000,-0.243737,1.754714,0.000000
25.060000,2.501659,2.656649,0.250000,0.048036,1.051231,0.000000,-0.240006,1.674111,0.000000
25.065000,2.501899,2.661906,0.250000,0.046855,1.059206,0.000000,-0.236315,1.595046,0.000000
25.070000,2.502133,2.667202,0.250000,0.045691,1.066794,0.000000,-0.232664,1.517498,0.000000
25.075000,2.502362,2.672536,0.250000,0.044546,1.074001,0.000000,-0.229052,1.441448,0.000000
25.080000,2.502585,2.677906,0.250000,0.043419,1.080835,0.000000,-0.225479,1.366877,0.000000
25.085000,2.502802,2.683310,0.250000,0.042309,1.087304,0.000000,-0.221946,1.293763,0.000000
25.090000,2.503013,2.688746,0.250000,0.041217,1.093414,0.000000,-0.218451,1.222087,0.000000
25.095000,2.503219,2.694213,0.250000,0.040142,1.099174,0.000000,-0.214995,1.151831,0.000000
25.100000,2.503420,2.699709,0.250000,0.039084,1.104589,0.000000,-0.211578,1.082974,0.000000
25.105000,2.503615,2.705232,0.250000,0.038043,1.109666,0.000000,-0.208199,1.015498,0.000000
25.110000,2.503806,2.710780,0.250000,0.037019,1.114413,0.000000,-0.204857,0.949384,0.000000
25.115000,2.503991,2.716353,0.250000,0.036011,1.118836,0.000000,-0.201553,0.884613,0.000000
25.120000,2.504171,2.721947,0.250000,0.035019,1.122942,0.000000,-0.198287,0.821167,0.000000
25.125000,2.504346,2.727561,0.250000,0.034044,1.126737,0.000000,-0.195058,0.759027,0.000000
25.130000,2.504516,2.733195,0.250000,0.033085,1.130228,0.000000,-0.191866,0.698175,0.000000
25.135000,2.504682,2.738846,0.250000,0.032141,1.133421,0.000000,-0.188711,0.638593,0.000000
25.140000,2.504842,2.744513,0.250000,0.031213,1.136322,0.000000,-0.185592,0.580263,0.000000
25.145000,2.504998,2.750195,0.250000,0.030301,1.138938,0.000000,-0.182510,0.523168,0.000000
25.150000,2.505150,2.755890,0.250000,0.029403,1.141274,0.000000,-0.179464,0.467289,0.000000
25.155000,2.505297,2.761596,0.250000,0.028521,1.143337,0.000000,-0.176453,0.412610,0.000000
25.160000,2.505439,2.767313,0.250000,0.027654,1.145133,0.000000,-0.173478,0.359114,0.000000
25.165000,2.505578,2.773038,0.250000,0.026801,1.146667,0.000000,-0.170538,0.306783,0.000000
25.170000,2.505712,2.778772,0.250000,0.025963,1.147945,0.000000,-0.167634,0.255601,0.000000
25.175000,2.505842,2.784511,0.250000,0.025139,1.148973,0.000000,-0.164764,0.205551,0.000000
25.180000,2.505967,2.790256,0.250000,0.024329,1.149756,0.000000,-0.161928,0.156616,0.000000
25.185000,2.506089,2.796005,0.250000,0.023534,1.150300,0.000000,-0.159127,0.108781,0.000000
25.190000,2.506207,2.801757,0.250000,0.022752,1.150610,0.000000,-0.156360,0.062028,0.000000
25.195000,2.506320,2.807510,0.250000,0.021984,1.150692,0.000000,-0.153627,0.016342,0.000000
25.200000,2.506430,2.813263,0.250000,0.021229,1.150550,0.000000,-0.150927,-0.028292,0.000000
25.205000,2.506536,2.819016,0.250000,0.020488,1.150191,0.000000,-0.148261,-0.071891,0.000000
25.210000,2.506639,2.824767,0.250000,0.019760,1.149618,0.000000,-0.145628,-0.114470,0.000000
25.215000,2.506738,2.830515,0.250000,0.019045,1.148838,0.000000,-0.143027,-0.156045,0.000000
25.220000,2.506833,2.836259,0.250000,0.018342,1.147855,0.000000,-0.140459,-0.196630,0.000000
25.225000,2.506925,2.841998,0.250000,0.017653,1.146674,0.000000,-0.137923,-0.236240,0.000000
25.230000,2.507013,2.847732,0.250000,0.016976,1.145299,0.000000,-0.135419,-0.274892,0.000000
25.235000,2.507098,2.853458,0.250000,0.016311,1.143736,0.000000,-0.132947,-0.312598,0.000000
25.240000,2.507179,2.859177,0.250000,0.015658,1.141989,0.000000,-0.130506,-0.349374,0.000000
25.245000,2.507258,2.864887,0.250000,0.015018,1.140063,0.000000,-0.128097,-0.385234,0.000000
25.250000,2.507333,2.870587,0.250000,0.014389,1.137962,0.000000,-0.125718,-0.420193,0.000000
25.255000,2.507405,2.876277,0.250000,0.013772,1.135691,0.000000,-0.123371,-0.454264,0.000000
25.260000,2.507473,2.881955,0.250000,0.013167,1.133254,0.000000,-0.121053,-0.487461,0.000000
25.265000,2.507539,2.887622,0.250000,0.012573,1.130655,0.000000,-0.118766,-0.519799,0.000000
25.270000,2.507602,2.893275,0.250000,0.011991,1.127898,0.000000,-0.116509,-0.551290,0.000000
25.275000,2.507662,2.898914,0.250000,0.011419,1.124988,0.000000,-0.114281,-0.581949,0.000000
25.280000,2.507719,2.904539,0.250000,0.010859,1.121930,0.000000,-0.112083,-0.611788,0.000000
25.285000,2.507774,2.910149,0.250000,0.010309,1.118725,0.000000,-0.109915,-0.640821,0.000000
25.290000,2.507825,2.915743,0.250000,0.009770,1.115380,0.000000,-0.107775,-0.669061,0.000000
25.295000,2.507874,2.921320,0.250000,0.009242,1.111897,0.000000,-0.105663,-0.696520,0.000000
25.300000,2.507920,2.926879,0.250000,0.008724,1.108281,0.000000,-0.103580,-0.723212,0.000000
25.305000,2.507964,2.932420,0.250000,0.008217,1.104536,0.000000,-0.101526,-0.749148,0.000000
25.310000,2.508005,2.937943,0.250000,0.007719,1.100664,0.000000,-0.099499,-0.774343,0.000000
25.315000,2.508043,2.943446,0.250000,0.007232,1.096670,0.000000,-0.097499,-0.798806,0.000000
25.320000,2.508080,2.948930,0.250000,0.006754,1.092557,0.000000,-0.095528,-0.822552,0.000000
25.325000,2.508113,2.954393,0.250000,0.006286,1.088329,0.000000,-0.093583,-0.845591,0.000000
25.330000,2.508145,2.959834,0.250000,0.005828,1.083990,0.000000,-0.091665,-0.867937,0.000000
25.335000,2.508174,2.965254,0.250000,0.005379,1.079542,0.000000,-0.089774,-0.889599,0.000000
25.340000,2.508201,2.970652,0.250000,0.004939,1.074989,0.000000,-0.087909,-0.910591,0.000000
25.345000,2.508226,2.976027,0.250000,0.004509,1.070334,0.000000,-0.086070,-0.930923,0.000000
25.350000,2.508248,2.981378,0.250000,0.004088,1.065581,0.000000,-0.084258,-0.950607,0.000000
25.355000,2.508269,2.986706,0.250000,0.003675,1.060733,0.000000,-0.082470,-0.969654,0.000000
25.360000,2.508287,2.992010,0.250000,0.003272,1.055792,0.000000,-0.080709,-0.988074,0.000000
25.365000,2.508303,2.997289,0.250000,0.002877,1.050763,0.000000,-0.078972,-1.005880,0.000000
25.370000,2.508318,3.002543,0.250000,0.002491,1.045648,0.000000,-0.077260,-1.023081,0.000000
25.375000,2.508330,3.007771,0.250000,0.002113,1.040449,0.000000,-0.075573,-1.039689,0.000000
25.380000,2.508341,3.012973,0.250000,0.001743,1.035170,0.000000,-0.073910,-1.055713,0.000000
25.385000,2.508349,3.018149,0.250000,0.001382,1.029815,0.000000,-0.072272,-1.071165,0.000000
25.390000,2.508356,3.023298,0.250000,0.001029,1.024384,0.000000,-0.070657,-1.086054,0.000000
25.395000,2.508361,3.028420,0.250000,0.000683,1.018882,0.000000,-0.069066,-1.100391,0.000000
25.400000,2.508365,3.033515,0.250000,0.000346,1.013312,0.000000,-0.067498,-1.114185,0.000000
25.405000,2.508367,3.038581,0.250000,0.000016,1.007674,0.000000,-0.065954,-1.127446,0.000000
25.410000,2.508367,3.043619,0.250000,-0.000306,1.001973,0.000000,-0.064433,-1.140185,0.000000
25.415000,2.508365,3.048629,0.250000,-0.000621,0.996211,0.000000,-0.062934,-1.152411,0.000000
25.420000,2.508362,3.053610,0.250000,-0.000928,0.990391,0.000000,-0.061458,-1.164132,0.000000
25.425000,2.508357,3.058562,0.250000,-0.001228,0.984514,0.000000,-0.060004,-1.175360,0.000000
25.430000,2.508351,3.063485,0.250000,-0.001521,0.978583,0.000000,-0.058572,-1.186102,0.000000
25.435000,2.508344,3.068378,0.250000,-0.001807,0.972601,0.000000,-0.057162,-1.196368,0.000000
25.440000,2.508335,3.073241,0.250000,-0.002086,0.966571,0.000000,-0.055773,-1.206167,0.000000
25.445000,2.508324,3.078074,0.250000,-0.002358,0.960493,0.000000,-0.054406,-1.215509,0.000000
25.450000,2.508312,3.082876,0.250000,-0.002623,0.954371,0.000000,-0.053060,-1.224400,0.000000
25.455000,2.508299,3.087648,0.250000,-0.002882,0.948207,0.000000,-0.051734,-1.232852,0.000000
25.460000,2.508285,3.092389,0.250000,-0.003134,0.942003,0.000000,-0.050430,-1.240871,0.000000
25.465000,2.508269,3.097099,0.250000,-0.003380,0.935760,0.000000,-0.049145,-1.248466,0.000000
25.470000,2.508252,3.101778,0.250000,-0.003619,0.929482,0.000000,-0.047881,-1.255646,0.000000
25.475000,2.508234,3.106425,0.250000,-0.003852,0.923170,0.000000,-0.046637,-1.262419,0.000000
25.480000,2.508215,3.111041,0.250000,-0.004079,0.916826,0.000000,-0.045413,-1.268793,0.000000
25.485000,2.508195,3.115625,0.250000,-0.004300,0.910452,0.000000,-0.044208,-1.274775,0.000000
25.490000,2.508173,3.120178,0.250000,-0.004515,0.904050,0.000000,-0.043022,-1.280375,0.000000
25.495000,2.508150,3.124698,0.250000,-0.004725,0.897622,0.000000,-0.041856,-1.285599,0.000000
25.500000,2.508127,3.129186,0.250000,-0.004928,0.891170,0.000000,-0.040708,-1.290455,0.000000
25.505000,2.508102,3.133642,0.250000,-0.005126,0.884695,0.000000,-0.039579,-1.294951,0.000000
25.510000,2.508077,3.138065,0.250000,-0.005318,0.878200,0.000000,-0.038469,-1.299095,0.000000
25.515000,2.508050,3.142456,0.250000,-0.005505,0.871685,0.000000,-0.037376,-1.302892,0.000000
25.520000,2.508022,3.146815,0.250000,-0.005687,0.865153,0.000000,-0.036302,-1.306352,0.000000
25.525000,2.507994,3.151140,0.250000,-0.005863,0.858606,0.000000,-0.035246,-1.309480,0.000000
25.530000,2.507965,3.155433,0.250000,-0.006034,0.852045,0.000000,-0.034207,-1.312285,0.000000
25.535000,2.507935,3.159694,0.250000,-0.006200,0.845471,0.000000,-0.033185,-1.314772,0.000000
25.540000,2.507904,3.163921,0.250000,-0.006361,0.838886,0.000000,-0.032181,-1.316950,0.000000
25.545000,2.507872,3.168115,0.250000,-0.006517,0.832292,0.000000,-0.031194,-1.318823,0.000000
25.550000,2.507839,3.172277,0.250000,-0.006668,0.825690,0.000000,-0.030223,-1.320400,0.000000
25.555000,2.507806,3.176405,0.250000,-0.006814,0.819081,0.000000,-0.029269,-1.321687,0.000000
25.560000,2.507772,3.180501,0.250000,-0.006956,0.812468,0.000000,-0.028332,-1.322689,0.000000
25.565000,2.507737,3.184563,0.250000,-0.007093,0.805851,0.000000,-0.027410,-1.323415,0.000000
25.570000,2.507701,3.188592,0.250000,-0.007226,0.799232,0.000000,-0.026505,-1.323868,0.000000
25.575000,2.507665,3.192589,0.250000,-0.007354,0.792611,0.000000,-0.025616,-1.324057,0.000000
25.580000,2.507629,3.196552,0.250000,-0.007477,0.785991,0.000000,-0.024742,-1.323987,0.000000
25.585000,2.507591,3.200482,0.250000,-0.007597,0.779373,0.000000,-0.023883,-1.323664,0.000000
25.590000,2.507553,3.204378,0.250000,-0.007712,0.772758,0.000000,-0.023040,-1.323094,0.000000
25.595000,2.507515,3.208242,0.250000,-0.007823,0.766146,0.000000,-0.022211,-1.322282,0.000000
25.600000,2.507476,3.212073,0.250000,-0.007930,0.759540,0.000000,-0.021398,-1.321235,0.000000
25.605000,2.507436,3.215871,0.250000,-0.008033,0.752940,0.000000,-0.020599,-1.319958,0.000000
25.610000,2.507396,3.219635,0.250000,-0.008132,0.746348,0.000000,-0.019815,-1.318457,0.000000
25.615000,2.507355,3.223367,0.250000,-0.008227,0.739764,0.000000,-0.019045,-1.316737,0.000000
25.620000,2.507314,3.227066,0.250000,-0.008319,0.733190,0.000000,-0.018289,-1.314803,0.000000
25.625000,2.507272,3.230732,0.250000,-0.008406,0.726627,0.000000,-0.017547,-1.312661,0.000000
25.630000,2.507230,3.234365,0.250000,-0.008491,0.720075,0.000000,-0.016819,-1.310316,0.000000
25.635000,2.507188,3.237965,0.250000,-0.008571,0.713536,0.000000,-0.016104,-1.307773,0.000000
25.640000,2.507145,3.241533,0.250000,-0.008648,0.707011,0.000000,-0.015403,-1.305038,0.000000
25.645000,2.507102,3.245068,0.250000,-0.008722,0.700501,0.000000,-0.014715,-1.302114,0.000000
25.650000,2.507058,3.248571,0.250000,-0.008792,0.694006,0.000000,-0.014040,-1.299008,0.000000
25.655000,2.507014,3.252041,0.250000,-0.008859,0.687527,0.000000,-0.013377,-1.295723,0.000000
25.660000,2.506970,3.255478,0.250000,-0.008922,0.681066,0.000000,-0.012728,-1.292265,0.000000
25.665000,2.506925,3.258884,0.250000,-0.008983,0.674623,0.000000,-0.012091,-1.288638,0.000000
25.670000,2.506880,3.262257,0.250000,-0.009040,0.668198,0.000000,-0.011467,-1.284848,0.000000
25.675000,2.506835,3.265598,0.250000,-0.009094,0.661794,0.000000,-0.010854,-1.280897,0.000000
25.680000,2.506790,3.268907,0.250000,-0.009146,0.655410,0.000000,-0.010254,-1.276792,0.000000
25.685000,2.506744,3.272184,0.250000,-0.009194,0.649047,0.000000,-0.009666,-1.272535,0.000000
25.690000,2.506698,3.275429,0.250000,-0.009239,0.642706,0.000000,-0.009089,-1.268132,0.000000
25.695000,2.506652,3.278642,0.250000,-0.009282,0.636389,0.000000,-0.008524,-1.263587,0.000000
25.700000,2.506605,3.281824,0.250000,-0.009322,0.630094,0.000000,-0.007970,-1.258904,0.000000
25.705000,2.506559,3.284975,0.250000,-0.009359,0.623824,0.000000,-0.007428,-1.254087,0.000000
25.710000,2.506512,3.288094,0.250000,-0.009394,0.617578,0.000000,-0.006896,-1.249140,0.000000
25.715000,2.506465,3.291182,0.250000,-0.009425,0.611358,0.000000,-0.006376,-1.244066,0.000000
25.720000,2.506418,3.294239,0.250000,-0.009455,0.605163,0.000000,-0.005866,-1.238871,0.000000
25.725000,2.506371,3.297264,0.250000,-0.009482,0.598995,0.000000,-0.005367,-1.233557,0.000000
25.730000,2.506323,3.300259,0.250000,-0.009506,0.592855,0.000000,-0.004879,-1.228129,0.000000
25.735000,2.506276,3.303224,0.250000,-0.009528,0.586742,0.000000,-0.004400,-1.222589,0.000000
25.740000,2.506228,3.306157,0.250000,-0.009548,0.580657,0.000000,-0.003932,-1.216943,0.000000
25.745000,2.506180,3.309061,0.250000,-0.009565,0.574601,0.000000,-0.003474,-1.211192,0.000000
25.750000,2.506132,3.311934,0.250000,-0.009580,0.568574,0.000000,-0.003026,-1.205342,0.000000
25.755000,2.506085,3.314777,0.250000,-0.009593,0.562577,0.000000,-0.002588,-1.199394,0.000000
25.760000,2.506037,3.317589,0.250000,-0.009604,0.556611,0.000000,-0.002159,-1.193354,0.000000
25.765000,2.505989,3.320373,0.250000,-0.009613,0.550675,0.000000,-0.001740,-1.187223,0.000000
25.770000,2.505941,3.323126,0.250000,-0.009619,0.544770,0.000000,-0.001330,-1.181005,0.000000
25.775000,2.505892,3.325850,0.250000,-0.009624,0.538896,0.000000,-0.000930,-1.174704,0.000000
25.780000,2.505844,3.328544,0.250000,-0.009627,0.533054,0.000000,-0.000538,-1.168322,0.000000
25.785000,2.505796,3.331210,0.250000,-0.009627,0.527245,0.000000,-0.000155,-1.161863,0.000000
25.790000,2.505748,3.333846,0.250000,-0.009626,0.521468,0.000000,0.000219,-1.155329,0.000000
25.795000,2.505700,3.336453,0.250000,-0.009623,0.515725,0.000000,0.000584,-1.148724,0.000000
25.800000,2.505652,3.339032,0.250000,-0.009619,0.510015,0.000000,0.000940,-1.142051,0.000000
25.805000,2.505604,3.341582,0.250000,-0.009612,0.504338,0.000000,0.001289,-1.135312,0.000000
25.810000,2.505556,3.344103,0.250000,-0.009604,0.498695,0.000000,0.001629,-1.128510,0.000000
25.815000,2.505508,3.346597,0.250000,-0.009594,0.493087,0.000000,0.001960,-1.121648,0.000000
25.820000,2.505460,3.349062,0.250000,-0.009583,0.487514,0.000000,0.002284,-1.114729,0.000000
25.825000,2.505412,3.351500,0.250000,-0.009570,0.481975,0.000000,0.002600,-1.107755,0.000000
25.830000,2.505364,3.353910,0.250000,-0.009555,0.476471,0.000000,0.002908,-1.100729,0.000000
25.835000,2.505316,3.356292,0.250000,-0.009539,0.471003,0.000000,0.003208,-1.093653,0.000000
25.840000,2.505268,3.358647,0.250000,-0.009522,0.465570,0.000000,0.003501,-1.086530,0.000000
25.845000,2.505221,3.360975,0.250000,-0.009503,0.460173,0.000000,0.003787,-1.079363,0.000000
25.850000,2.505173,3.363276,0.250000,-0.009483,0.454813,0.000000,0.004065,-1.072154,0.000000
25.855000,2.505126,3.365550,0.250000,-0.009461,0.449488,0.000000,0.004336,-1.064905,0.000000
25.860000,2.505079,3.367797,0.250000,-0.009438,0.444200,0.000000,0.004600,-1.057618,0.000000
25.865000,2.505031,3.370018,0.250000,-0.009414,0.438949,0.000000,0.004856,-1.050296,0.000000
25.870000,2.504984,3.372213,0.250000,-0.009388,0.433734,0.000000,0.005106,-1.042941,0.000000
25.875000,2.504937,3.374382,0.250000,-0.009361,0.428556,0.000000,0.005350,-1.035555,0.000000
25.880000,2.504891,3.376525,0.250000,-0.009333,0.423415,0.000000,0.005586,-1.028141,0.000000
25.885000,2.504844,3.378642,0.250000,-0.009304,0.418312,0.000000,0.005816,-1.020700,0.000000
25.890000,2.504797,3.380733,0.250000,-0.009274,0.413246,0.000000,0.006040,-1.013234,0.000000
25.895000,2.504751,3.382799,0.250000,-0.009243,0.408217,0.000000,0.006257,-1.005746,0.000000
25.900000,2.504705,3.384841,0.250000,-0.009210,0.403226,0.000000,0.006468,-0.998237,0.000000
25.905000,2.504659,3.386857,0.250000,-0.009177,0.398272,0.000000,0.006673,-0.990709,0.000000
25.910000,2.504613,3.388848,0.250000,-0.009143,0.393356,0.000000,0.006872,-0.983165,0.000000
25.915000,2.504567,3.390815,0.250000,-0.009107,0.388478,0.000000,0.007065,-0.975606,0.000000
25.920000,2.504522,3.392757,0.250000,-0.009071,0.383638,0.000000,0.007253,-0.968033,0.000000
25.925000,2.504476,3.394675,0.250000,-0.009034,0.378836,0.000000,0.007434,-0.960449,0.000000
25.930000,2.504431,3.396570,0.250000,-0.008996,0.374072,0.000000,0.007610,-0.952856,0.000000
25.935000,2.504386,3.398440,0.250000,-0.008957,0.369345,0.000000,0.007780,-0.945254,0.000000
25.940000,2.504341,3.400287,0.250000,-0.008917,0.364657,0.000000,0.007945,-0.937646,0.000000
25.945000,2.504297,3.402110,0.250000,-0.008877,0.360007,0.000000,0.008105,-0.930033,0.000000
25.950000,2.504252,3.403910,0.250000,-0.008835,0.355395,0.000000,0.008259,-0.922417,0.000000
25.955000,2.504208,3.405687,0.250000,-0.008793,0.350821,0.000000,0.008409,-0.914800,0.000000
25.960000,2.504164,3.407441,0.250000,-0.008751,0.346285,0.000000,0.008553,-0.907182,0.000000
25.965000,2.504120,3.409173,0.250000,-0.008707,0.341787,0.000000,0.008692,-0.899566,0.000000
25.970000,2.504077,3.410881,0.250000,-0.008663,0.337327,0.000000,0.008826,-0.891952,0.000000
25.975000,2.504034,3.412568,0.250000,-0.008618,0.332906,0.000000,0.008956,-0.884343,0.000000
25.980000,2.503990,3.414233,0.250000,-0.008573,0.328522,0.000000,0.009081,-0.876739,0.000000
25.985000,2.503948,3.415875,0.250000,-0.008527,0.324176,0.000000,0.009201,-0.869142,0.000000
25.990000,2.503905,3.417496,0.250000,-0.008480,0.319869,0.000000,0.009316,-0.861553,0.000000
25.995000,2.503863,3.419095,0.250000,-0.008433,0.315599,0.000000,0.009428,-0.853974,0.000000
26.000000,2.503820,3.420673,0.250000,-0.008385,0.311367,0.000000,0.009534,-0.846405,0.000000
26.005000,2.503778,3.422230,0.250000,-0.008337,0.307172,0.000000,0.009637,-0.838849,0.000000
26.010000,2.503737,3.423766,0.250000,-0.008289,0.303016,0.000000,0.009735,-0.831305,0.000000
26.015000,2.503695,3.425281,0.250000,-0.008239,0.298897,0.000000,0.009829,-0.823775,0.000000
26.020000,2.503654,3.426776,0.250000,-0.008190,0.294816,0.000000,0.009919,-0.816261,0.000000
26.025000,2.503613,3.428250,0.250000,-0.008140,0.290772,0.000000,0.010005,-0.808763,0.000000
26.030000,2.503573,3.429704,0.250000,-0.008089,0.286766,0.000000,0.010088,-0.801283,0.000000
26.035000,2.503532,3.431137,0.250000,-0.008039,0.282796,0.000000,0.010166,-0.793821,0.000000
26.040000,2.503492,3.432551,0.250000,-0.007987,0.278865,0.000000,0.010240,-0.786379,0.000000
26.045000,2.503452,3.433946,0.250000,-0.007936,0.274970,0.000000,0.010311,-0.778958,0.000000
26.050000,2.503412,3.435321,0.250000,-0.007884,0.271112,0.000000,0.010379,-0.771557,0.000000
26.055000,2.503373,3.436676,0.250000,-0.007832,0.267291,0.000000,0.010442,-0.764180,0.000000
26.060000,2.503334,3.438013,0.250000,-0.007779,0.263507,0.000000,0.010503,-0.756825,0.000000
26.065000,2.503295,3.439330,0.250000,-0.007726,0.259759,0.000000,0.010559,-0.749495,0.000000
26.070000,2.503256,3.440629,0.250000,-0.007673,0.256048,0.000000,0.010613,-0.742190,0.000000
26.075000,2.503218,3.441909,0.250000,-0.007620,0.252374,0.000000,0.010663,-0.734910,0.000000
26.080000,2.503180,3.443171,0.250000,-0.007566,0.248736,0.000000,0.010710,-0.727657,0.000000
26.085000,2.503142,3.444415,0.250000,-0.007513,0.245133,0.000000,0.010754,-0.720432,0.000000
26.090000,2.503104,3.445640,0.250000,-0.007459,0.241567,0.000000,0.010795,-0.713235,0.000000
26.095000,2.503067,3.446848,0.250000,-0.007405,0.238037,0.000000,0.010833,-0.706067,0.000000
26.100000,2.503030,3.448038,0.250000,-0.007350,0.234542,0.000000,0.010867,-0.698928,0.000000
26.105000,2.502993,3.449211,0.250000,-0.007296,0.231083,0.000000,0.010899,-0.691820,0.000000
26.110000,2.502957,3.450367,0.250000,-0.007241,0.227660,0.000000,0.010928,-0.684743,0.000000
26.115000,2.502921,3.451505,0.250000,-0.007186,0.224271,0.000000,0.010955,-0.677697,0.000000
26.120000,2.502885,3.452626,0.250000,-0.007131,0.220918,0.000000,0.010978,-0.670684,0.000000
26.125000,2.502849,3.453731,0.250000,-0.007076,0.217599,0.000000,0.010999,-0.663703,0.000000
26.130000,2.502814,3.454819,0.250000,-0.007021,0.214315,0.000000,0.011018,-0.656756,0.000000
26.135000,2.502778,3.455890,0.250000,-0.006966,0.211066,0.000000,0.011033,-0.649843,0.000000
26.140000,2.502744,3.456946,0.250000,-0.006911,0.207851,0.000000,0.011047,-0.642965,0.000000
26.145000,2.502709,3.457985,0.250000,-0.006856,0.204671,0.000000,0.011058,-0.636121,0.000000
26.150000,2.502675,3.459008,0.250000,-0.006800,0.201524,0.000000,0.011066,-0.629314,0.000000
26.155000,2.502641,3.460016,0.250000,-0.006745,0.198411,0.000000,0.011072,-0.622542,0.000000
26.160000,2.502607,3.461008,0.250000,-0.006690,0.195332,0.000000,0.011076,-0.615807,0.000000
26.165000,2.502574,3.461985,0.250000,-0.006634,0.192287,0.000000,0.011078,-0.609109,0.000000
26.170000,2.502540,3.462946,0.250000,-0.006579,0.189275,0.000000,0.011077,-0.602448,0.000000
26.175000,2.502508,3.463892,0.250000,-0.006523,0.186295,0.000000,0.011075,-0.595825,0.000000
26.180000,2.502475,3.464824,0.250000,-0.006468,0.183349,0.000000,0.011070,-0.589240,0.000000
26.185000,2.502443,3.465741,0.250000,-0.006413,0.180436,0.000000,0.011063,-0.582694,0.000000
26.190000,2.502411,3.466643,0.250000,-0.006357,0.177555,0.000000,0.011055,-0.576187,0.000000
26.195000,2.502379,3.467531,0.250000,-0.006302,0.174706,0.000000,0.011044,-0.569720,0.000000
26.200000,2.502347,3.468404,0.250000,-0.006247,0.171890,0.000000,0.011032,-0.563292,0.000000
26.205000,2.502316,3.469264,0.250000,-0.006192,0.169105,0.000000,0.011017,-0.556904,0.000000
26.210000,2.502285,3.470109,0.250000,-0.006137,0.166353,0.000000,0.011001,-0.550556,0.000000
26.215000,2.502254,3.470941,0.250000,-0.006082,0.163631,0.000000,0.010983,-0.544250,0.000000
26.220000,2.502224,3.471759,0.250000,-0.006027,0.160941,0.000000,0.010964,-0.537983,0.000000
26.225000,2.502194,3.472564,0.250000,-0.005973,0.158283,0.000000,0.010943,-0.531758,0.000000
26.230000,2.502164,3.473355,0.250000,-0.005918,0.155655,0.000000,0.010920,-0.525575,0.000000
26.235000,2.502134,3.474133,0.250000,-0.005863,0.153058,0.000000,0.010896,-0.519433,0.000000
26.240000,2.502105,3.474899,0.250000,-0.005809,0.150491,0.000000,0.010870,-0.513333,0.000000
26.245000,2.502076,3.475651,0.250000,-0.005755,0.147954,0.000000,0.010842,-0.507275,0.000000
26.250000,2.502047,3.476391,0.250000,-0.005701,0.145448,0.000000,0.010813,-0.501259,0.000000
26.255000,2.502019,3.477118,0.250000,-0.005647,0.142972,0.000000,0.010783,-0.495286,0.000000
26.260000,2.501990,3.477833,0.250000,-0.005593,0.140525,0.000000,0.010751,-0.489355,0.000000
26.265000,2.501963,3.478536,0.250000,-0.005540,0.138108,0.000000,0.010718,-0.483467,0.000000
26.270000,2.501935,3.479226,0.250000,-0.005486,0.135720,0.000000,0.010684,-0.477622,0.000000
26.275000,2.501907,3.479905,0.250000,-0.005433,0.133360,0.000000,0.010649,-0.471820,0.000000
26.280000,2.501880,3.480572,0.250000,-0.005380,0.131030,0.000000,0.010612,-0.466061,0.000000
