time,pos_x,pos_y,pos_z,vel_x,vel_y,vel_z,acc_x,acc_y,acc_z
0.005000,0.500000,0.500000,0.250000,0.000000,0.038462,0.000000,0.000000,7.692308,0.000000
0.010000,0.500000,0.500192,0.250000,0.000000,0.076028,0.000000,0.000000,7.513314,0.000000
0.015000,0.500000,0.500572,0.250000,0.000000,0.112713,0.000000,0.000000,7.337005,0.000000
0.020000,0.500000,0.501136,0.250000,0.000000,0.148530,0.000000,0.000000,7.163355,0.000000
0.025000,0.500000,0.501879,0.250000,0.000000,0.183492,0.000000,0.000000,6.992334,0.000000
0.030000,0.500000,0.502796,0.250000,0.000000,0.217611,0.000000,0.000000,6.823915,0.000000
0.035000,0.500000,0.503884,0.250000,0.000000,0.250902,0.000000,0.000000,6.658070,0.000000
0.040000,0.500000,0.505139,0.250000,0.000000,0.283375,0.000000,0.000000,6.494772,0.000000
0.045000,0.500000,0.506556,0.250000,0.000000,0.315045,0.000000,0.000000,6.333994,0.000000
0.050000,0.500000,0.508131,0.250000,0.000000,0.345924,0.000000,0.000000,6.175708,0.000000
0.055000,0.500000,0.509860,0.250000,0.000000,0.376023,0.000000,0.000000,6.019887,0.000000
0.060000,0.500000,0.511741,0.250000,0.000000,0.405356,0.000000,0.000000,5.866504,0.000000
0.065000,0.500000,0.513767,0.250000,0.000000,0.433933,0.000000,0.000000,5.715532,0.000000
0.070000,0.500000,0.515937,0.250000,0.000000,0.461768,0.000000,0.000000,5.566946,0.000000
0.075000,0.500000,0.518246,0.250000,0.000000,0.488872,0.000000,0.000000,5.420717,0.000000
0.080000,0.500000,0.520690,0.250000,0.000000,0.515256,0.000000,0.000000,5.276821,0.000000
0.085000,0.500000,0.523266,0.250000,0.000000,0.540932,0.000000,0.000000,5.135231,0.000000
0.090000,0.500000,0.525971,0.250000,0.000000,0.565912,0.000000,0.000000,4.995920,0.000000
0.095000,0.500000,0.528801,0.250000,0.000000,0.590206,0.000000,0.000000,4.858864,0.000000
0.100000,0.500000,0.531752,0.250000,0.000000,0.613826,0.000000,0.000000,4.724036,0.000000
0.105000,0.500000,0.534821,0.250000,0.000000,0.636783,0.000000,0.000000,4.591411,0.000000
0.110000,0.500000,0.538005,0.250000,0.000000,0.659088,0.000000,0.000000,4.460964,0.000000
0.115000,0.500000,0.541300,0.250000,0.000000,0.680751,0.000000,0.000000,4.332669,0.000000
0.120000,0.500000,0.544704,0.250000,0.000000,0.701784,0.000000,0.000000,4.206502,0.000000
0.125000,0.500000,0.548213,0.250000,0.000000,0.722196,0.000000,0.000000,4.082437,0.000000
0.130000,0.500000,0.551824,0.250000,0.000000,0.741998,0.000000,0.000000,3.960450,0.000000
0.135000,0.500000,0.555534,0.250000,0.000000,0.761201,0.000000,0.000000,3.840517,0.000000
0.140000,0.500000,0.559340,0.250000,0.000000,0.779814,0.000000,0.000000,3.722612,0.000000
0.145000,0.500000,0.563239,0.250000,0.000000,0.797848,0.000000,0.000000,3.606713,0.000000
0.150000,0.500000,0.567228,0.250000,0.000000,0.815312,0.000000,0.000000,3.492795,0.000000
0.155000,0.500000,0.571305,0.250000,0.000000,0.832216,0.000000,0.000000,3.380834,0.000000
0.160000,0.500000,0.575466,0.250000,0.000000,0.848570,0.000000,0.000000,3.270806,0.000000
0.165000,0.500000,0.579709,0.250000,0.000000,0.864383,0.000000,0.000000,3.162689,0.000000
0.170000,0.500000,0.584031,0.250000,0.000000,0.879665,0.000000,0.000000,3.056458,0.000000
0.175000,0.500000,0.588429,0.250000,0.000000,0.894426,0.000000,0.000000,2.952091,0.000000
0.180000,0.500000,0.592901,0.250000,0.000000,0.908674,0.000000,0.000000,2.849565,0.000000
0.185000,0.500000,0.597444,0.250000,0.000000,0.922418,0.000000,0.000000,2.748857,0.000000
0.190000,0.500000,0.602056,0.250000,0.000000,0.935668,0.000000,0.000000,2.649944,0.000000
0.195000,0.500000,0.606735,0.250000,0.000000,0.948432,0.000000,0.000000,2.552804,0.000000
0.200000,0.500000,0.611477,0.250000,0.000000,0.960719,0.000000,0.000000,2.457415,0.000000
0.205000,0.500000,0.616281,0.250000,0.000000,0.972538,0.000000,0.000000,2.363755,0.000000
0.210000,0.500000,0.621143,0.250000,0.000000,0.983897,0.000000,0.000000,2.271801,0.000000
0.215000,0.500000,0.626063,0.250000,0.000000,0.994804,0.000000,0.000000,2.181533,0.000000
0.220000,0.500000,0.631037,0.250000,0.000000,1.005269,0.000000,0.000000,2.092928,0.000000
0.225000,0.500000,0.636063,0.250000,0.000000,1.015299,0.000000,0.000000,2.005966,0.000000
0.230000,0.500000,0.641140,0.250000,0.000000,1.024902,0.000000,0.000000,1.920624,0.000000
0.235000,0.500000,0.646264,0.250000,0.000000,1.034086,0.000000,0.000000,1.836883,0.000000
0.240000,0.500000,0.651435,0.250000,0.000000,1.042860,0.000000,0.000000,1.754721,0.000000
0.245000,0.500000,0.656649,0.250000,0.000000,1.051230,0.000000,0.000000,1.674117,0.000000
0.250000,0.500000,0.661905,0.250000,0.000000,1.059206,0.000000,0.000000,1.595052,0.000000
0.255000,0.500000,0.667201,0.250000,0.000000,1.066793,0.000000,0.000000,1.517504,0.000000
0.260000,0.500000,0.672535,0.250000,0.000000,1.074001,0.000000,0.000000,1.441454,0.000000
0.265000,0.500000,0.677905,0.250000,0.000000,1.080835,0.000000,0.000000,1.366882,0.000000
0.270000,0.500000,0.683309,0.250000,0.000000,1.087304,0.000000,0.000000,1.293768,0.000000
0.275000,0.500000,0.688746,0.250000,0.000000,1.093414,0.000000,0.000000,1.222093,0.000000
0.280000,0.500000,0.694213,0.250000,0.000000,1.099173,0.000000,0.000000,1.151836,0.000000
0.285000,0.500000,0.699709,0.250000,0.000000,1.104588,0.000000,0.000000,1.082980,0.000000
0.290000,0.500000,0.705232,0.250000,0.000000,1.109666,0.000000,0.000000,1.015504,0.000000
0.295000,0.500000,0.710780,0.250000,0.000000,1.114413,0.000000,0.000000,0.949389,0.000000
0.300000,0.500000,0.716352,0.250000,0.000000,1.118836,0.000000,0.000000,0.884618,0.000000
0.305000,0.500000,0.721946,0.250000,0.000000,1.122942,0.000000,0.000000,0.821172,0.000000
0.310000,0.500000,0.727561,0.250000,0.000000,1.126737,0.000000,0.000000,0.759032,0.000000
0.315000,0.500000,0.733195,0.250000,0.000000,1.130228,0.000000,0.000000,0.698180,0.000000
0.320000,0.500000,0.738846,0.250000,0.000000,1.133421,0.000000,0.000000,0.638597,0.000000
0.325000,0.500000,0.744513,0.250000,0.000000,1.136322,0.000000,0.000000,0.580267,0.000000
0.330000,0.500000,0.750194,0.250000,0.000000,1.138938,0.000000,0.000000,0.523172,0.000000
0.335000,0.500000,0.755889,0.250000,0.000000,1.141274,0.000000,0.000000,0.467293,0.000000
0.340000,0.500000,0.761595,0.250000,0.000000,1.143338,0.000000,0.000000,0.412615,0.000000
0.345000,0.500000,0.767312,0.250000,0.000000,1.145133,0.000000,0.000000,0.359118,0.000000
0.350000,0.500000,0.773038,0.250000,0.000000,1.146667,0.000000,0.000000,0.306787,0.000000
0.355000,0.500000,0.778771,0.250000,0.000000,1.147945,0.000000,0.000000,0.255605,0.000000
0.360000,0.500000,0.784511,0.250000,0.000000,1.148973,0.000000,0.000000,0.205555,0.000000
0.365000,0.500000,0.790256,0.250000,0.000000,1.149756,0.000000,0.000000,0.156620,0.000000
0.370000,0.500000,0.796004,0.250000,0.000000,1.150300,0.000000,0.000000,0.108784,0.000000
0.375000,0.500000,0.801756,0.250000,0.000000,1.150610,0.000000,0.000000,0.062031,0.000000
0.380000,0.500000,0.807509,0.250000,0.000000,1.150692,0.000000,0.000000,0.016346,0.000000
0.385000,0.500000,0.813262,0.250000,0.000000,1.150550,0.000000,0.000000,-0.028289,0.000000
0.390000,0.500000,0.819015,0.250000,0.000000,1.150191,0.000000,0.000000,-0.071888,0.000000
0.395000,0.500000,0.824766,0.250000,0.000000,1.149619,0.000000,0.000000,-0.114467,0.000000
0.400000,0.500000,0.830514,0.250000,0.000000,1.148838,0.000000,0.000000,-0.156042,0.000000
0.405000,0.500000,0.836258,0.250000,0.000000,1.147855,0.000000,0.000000,-0.196627,0.000000
0.410000,0.500000,0.841998,0.250000,0.000000,1.146674,0.000000,0.000000,-0.236238,0.000000
0.415000,0.500000,0.847731,0.250000,0.000000,1.145300,0.000000,0.000000,-0.274889,0.000000
0.420000,0.500000,0.853458,0.250000,0.000000,1.143737,0.000000,0.000000,-0.312595,0.000000
0.425000,0.500000,0.859176,0.250000,0.000000,1.141990,0.000000,0.000000,-0.349371,0.000000
0.430000,0.500000,0.864886,0.250000,0.000000,1.140064,0.000000,0.000000,-0.385232,0.000000
0.435000,0.500000,0.870587,0.250000,0.000000,1.137963,0.000000,0.000000,-0.420190,0.000000
0.440000,0.500000,0.876276,0.250000,0.000000,1.135691,0.000000,0.000000,-0.454261,0.000000
0.445000,0.500000,0.881955,0.250000,0.000000,1.133254,0.000000,0.000000,-0.487459,0.000000
0.450000,0.500000,0.887621,0.250000,0.000000,1.130655,0.000000,0.000000,-0.519796,0.000000
0.455000,0.500000,0.893274,0.250000,0.000000,1.127899,0.000000,0.000000,-0.551288,0.000000
0.460000,0.500000,0.898914,0.250000,0.000000,1.124989,0.000000,0.000000,-0.581947,0.000000
0.465000,0.500000,0.904539,0.250000,0.000000,1.121930,0.000000,0.000000,-0.611786,0.000000
0.470000,0.500000,0.910148,0.250000,0.000000,1.118726,0.000000,0.000000,-0.640819,0.000000
0.475000,0.500000,0.915742,0.250000,0.000000,1.115381,0.000000,0.000000,-0.669059,0.000000
0.480000,0.500000,0.921319,0.250000,0.000000,1.111898,0.000000,0.000000,-0.696518,0.000000
0.485000,0.500000,0.926879,0.250000,0.000000,1.108282,0.000000,0.000000,-0.723210,0.000000
0.490000,0.500000,0.932420,0.250000,0.000000,1.104536,0.000000,0.000000,-0.749147,0.000000
0.495000,0.500000,0.937943,0.250000,0.000000,1.100664,0.000000,0.000000,-0.774341,0.000000
0.500000,0.500000,0.943446,0.250000,0.000000,1.096670,0.000000,0.000000,-0.798805,0.000000
0.505000,0.500000,0.948929,0.250000,0.000000,1.092558,0.000000,0.000000,-0.822550,0.000000
0.510000,0.500000,0.954392,0.250000,0.000000,1.088330,0.000000,0.000000,-0.845590,0.000000
0.515000,0.500000,0.959834,0.250000,0.000000,1.083990,0.000000,0.000000,-0.867935,0.000000
0.520000,0.500000,0.965254,0.250000,0.000000,1.079542,0.000000,0.000000,-0.889598,0.000000
0.525000,0.500000,0.970651,0.250000,0.000000,1.074989,0.000000,0.000000,-0.910589,0.000000
0.530000,0.500000,0.976026,0.250000,0.000000,1.070335,0.000000,0.000000,-0.930922,0.000000
0.535000,0.500000,0.981378,0.250000,0.000000,1.065582,0.000000,0.000000,-0.950605,0.000000
0.540000,0.500000,0.986706,0.250000,0.000000,1.060733,0.000000,0.000000,-0.969652,0.000000
0.545000,0.500000,0.992010,0.250000,0.000000,1.055793,0.000000,0.000000,-0.988073,0.000000
0.550000,0.500000,0.997289,0.250000,0.000000,1.050763,0.000000,0.000000,-1.005879,0.000000
0.555000,0.500000,1.002542,0.250000,0.000000,1.045648,0.000000,0.000000,-1.023080,0.000000
0.560000,0.500000,1.007771,0.250000,0.000000,1.040450,0.000000,0.000000,-1.039688,0.000000
0.565000,0.500000,1.012973,0.250000,0.000000,1.035171,0.000000,0.000000,-1.055712,0.000000
0.570000,0.500000,1.018149,0.250000,0.000000,1.029815,0.000000,0.000000,-1.071164,0.000000
0.575000,0.500000,1.023298,0.250000,0.000000,1.024385,0.000000,0.000000,-1.086053,0.000000
0.580000,0.500000,1.028420,0.250000,0.000000,1.018883,0.000000,0.000000,-1.100390,0.000000
0.585000,0.500000,1.033514,0.250000,0.000000,1.013312,0.000000,0.000000,-1.114184,0.000000
0.590000,0.500000,1.038581,0.250000,0.000000,1.007675,0.000000,0.000000,-1.127446,0.000000
0.595000,0.500000,1.043619,0.250000,0.000000,1.001974,0.000000,0.000000,-1.140184,0.000000
0.600000,0.500000,1.048629,0.250000,0.000000,0.996212,0.000000,0.000000,-1.152410,0.000000
0.605000,0.500000,1.053610,0.250000,0.000000,0.990391,0.000000,0.000000,-1.164132,0.000000
0.610000,0.500000,1.058562,0.250000,0.000000,0.984514,0.000000,0.000000,-1.175359,0.000000
0.615000,0.500000,1.063484,0.250000,0.000000,0.978584,0.000000,0.000000,-1.186101,0.000000
0.620000,0.500000,1.068377,0.250000,0.000000,0.972602,0.000000,0.000000,-1.196368,0.000000
0.625000,0.500000,1.073240,0.250000,0.000000,0.966571,0.000000,0.000000,-1.206167,0.000000
0.630000,0.500000,1.078073,0.250000,0.000000,0.960494,0.000000,0.000000,-1.215508,0.000000
0.635000,0.500000,1.082876,0.250000,0.000000,0.954372,0.000000,0.000000,-1.224400,0.000000
0.640000,0.500000,1.087648,0.250000,0.000000,0.948207,0.000000,0.000000,-1.232851,0.000000
0.645000,0.500000,1.092389,0.250000,0.000000,0.942003,0.000000,0.000000,-1.240870,0.000000
0.650000,0.500000,1.097099,0.250000,0.000000,0.935761,0.000000,0.000000,-1.248466,0.000000
0.655000,0.500000,1.101777,0.250000,0.000000,0.929483,0.000000,0.000000,-1.255646,0.000000
0.660000,0.500000,1.106425,0.250000,0.000000,0.923170,0.000000,0.000000,-1.262419,0.000000
0.665000,0.500000,1.111041,0.250000,0.000000,0.916827,0.000000,0.000000,-1.268793,0.000000
0.670000,0.500000,1.115625,0.250000,0.000000,0.910453,0.000000,0.000000,-1.274775,0.000000
0.675000,0.500000,1.120177,0.250000,0.000000,0.904051,0.000000,0.000000,-1.280375,0.000000
0.680000,0.500000,1.124697,0.250000,0.000000,0.897623,0.000000,0.000000,-1.285599,0.000000
0.685000,0.500000,1.129185,0.250000,0.000000,0.891171,0.000000,0.000000,-1.290455,0.000000
0.690000,0.500000,1.133641,0.250000,0.000000,0.884696,0.000000,0.000000,-1.294951,0.000000
0.695000,0.500000,1.138065,0.250000,0.000000,0.878200,0.000000,0.000000,-1.299094,0.000000
0.700000,0.500000,1.142456,0.250000,0.000000,0.871686,0.000000,0.000000,-1.302892,0.000000
0.705000,0.500000,1.146814,0.250000,0.000000,0.865154,0.000000,0.000000,-1.306352,0.000000
0.710000,0.500000,1.151140,0.250000,0.000000,0.858607,0.000000,0.000000,-1.309480,0.000000
0.715000,0.500000,1.155433,0.250000,0.000000,0.852045,0.000000,0.000000,-1.312285,0.000000
0.720000,0.500000,1.159693,0.250000,0.000000,0.845471,0.000000,0.000000,-1.314773,0.000000
0.725000,0.500000,1.163921,0.250000,0.000000,0.838887,0.000000,0.000000,-1.316950,0.000000
0.730000,0.500000,1.168115,0.250000,0.000000,0.832293,0.000000,0.000000,-1.318823,0.000000
0.735000,0.500000,1.172277,0.250000,0.000000,0.825691,0.000000,0.000000,-1.320400,0.000000
0.740000,0.500000,1.176405,0.250000,0.000000,0.819082,0.000000,0.000000,-1.321687,0.000000
0.745000,0.500000,1.180500,0.250000,0.000000,0.812469,0.000000,0.000000,-1.322690,0.000000
0.750000,0.500000,1.184563,0.250000,0.000000,0.805852,0.000000,0.000000,-1.323415,0.000000
0.755000,0.500000,1.188592,0.250000,0.000000,0.799232,0.000000,0.000000,-1.323869,0.000000
0.760000,0.500000,1.192588,0.250000,0.000000,0.792612,0.000000,0.000000,-1.324058,0.000000
0.765000,0.500000,1.196551,0.250000,0.000000,0.785992,0.000000,0.000000,-1.323987,0.000000
0.770000,0.500000,1.200481,0.250000,0.000000,0.779374,0.000000,0.000000,-1.323664,0.000000
0.775000,0.500000,1.204378,0.250000,0.000000,0.772758,0.000000,0.000000,-1.323094,0.000000
0.780000,0.500000,1.208242,0.250000,0.000000,0.766147,0.000000,0.000000,-1.322283,0.000000
0.785000,0.500000,1.212073,0.250000,0.000000,0.759541,0.000000,0.000000,-1.321236,0.000000
0.790000,0.500000,1.215870,0.250000,0.000000,0.752941,0.000000,0.000000,-1.319959,0.000000
0.795000,0.500000,1.219635,0.250000,0.000000,0.746349,0.000000,0.000000,-1.318457,0.000000
0.800000,0.500000,1.223367,0.250000,0.000000,0.739765,0.000000,0.000000,-1.316737,0.000000
0.805000,0.500000,1.227066,0.250000,0.000000,0.733191,0.000000,0.000000,-1.314803,0.000000
0.810000,0.500000,1.230732,0.250000,0.000000,0.726628,0.000000,0.000000,-1.312661,0.000000
0.815000,0.500000,1.234365,0.250000,0.000000,0.720076,0.000000,0.000000,-1.310316,0.000000
0.820000,0.500000,1.237965,0.250000,0.000000,0.713537,0.000000,0.000000,-1.307774,0.000000
0.825000,0.500000,1.241533,0.250000,0.000000,0.707012,0.000000,0.000000,-1.305038,0.000000
0.830000,0.500000,1.245068,0.250000,0.000000,0.700501,0.000000,0.000000,-1.302114,0.000000
0.835000,0.500000,1.248570,0.250000,0.000000,0.694006,0.000000,0.000000,-1.299008,0.000000
0.840000,0.500000,1.252040,0.250000,0.000000,0.687528,0.000000,0.000000,-1.295723,0.000000
0.845000,0.500000,1.255478,0.250000,0.000000,0.681066,0.000000,0.000000,-1.292266,0.000000
0.850000,0.500000,1.258883,0.250000,0.000000,0.674623,0.000000,0.000000,-1.288639,0.000000
0.855000,0.500000,1.262256,0.250000,0.000000,0.668199,0.000000,0.000000,-1.284848,0.000000
0.860000,0.500000,1.265597,0.250000,0.000000,0.661794,0.000000,0.000000,-1.280898,0.000000
0.865000,0.500000,1.268906,0.250000,0.000000,0.655410,0.000000,0.000000,-1.276792,0.000000
0.870000,0.500000,1.272183,0.250000,0.000000,0.649048,0.000000,0.000000,-1.272536,0.000000
0.875000,0.500000,1.275429,0.250000,0.000000,0.642707,0.000000,0.000000,-1.268133,0.000000
0.880000,0.500000,1.278642,0.250000,0.000000,0.636389,0.000000,0.000000,-1.263588,0.000000
0.885000,0.500000,1.281824,0.250000,0.000000,0.630095,0.000000,0.000000,-1.258905,0.000000
0.890000,0.500000,1.284975,0.250000,0.000000,0.623824,0.000000,0.000000,-1.254087,0.000000
0.895000,0.500000,1.288094,0.250000,0.000000,0.617578,0.000000,0.000000,-1.249140,0.000000
0.900000,0.500000,1.291182,0.250000,0.000000,0.611358,0.000000,0.000000,-1.244067,0.000000
0.905000,0.500000,1.294238,0.250000,0.000000,0.605164,0.000000,0.000000,-1.238871,0.000000
0.910000,0.500000,1.297264,0.250000,0.000000,0.598996,0.000000,0.000000,-1.233558,0.000000
0.915000,0.500000,1.300259,0.250000,0.000000,0.592855,0.000000,0.000000,-1.228129,0.000000
0.920000,0.500000,1.303223,0.250000,0.000000,0.586742,0.000000,0.000000,-1.222590,0.000000
0.925000,0.500000,1.306157,0.250000,0.000000,0.580658,0.000000,0.000000,-1.216943,0.000000
0.930000,0.500000,1.309060,0.250000,0.000000,0.574602,0.000000,0.000000,-1.211193,0.000000
0.935000,0.500000,1.311933,0.250000,0.000000,0.568575,0.000000,0.000000,-1.205342,0.000000
0.940000,0.500000,1.314776,0.250000,0.000000,0.562578,0.000000,0.000000,-1.199395,0.000000
0.945000,0.500000,1.317589,0.250000,0.000000,0.556611,0.000000,0.000000,-1.193354,0.000000
0.950000,0.500000,1.320372,0.250000,0.000000,0.550675,0.000000,0.000000,-1.187224,0.000000
0.955000,0.500000,1.323126,0.250000,0.000000,0.544770,0.000000,0.000000,-1.181006,0.000000
0.960000,0.500000,1.325850,0.250000,0.000000,0.538897,0.000000,0.000000,-1.174705,0.000000
0.965000,0.500000,1.328544,0.250000,0.000000,0.533055,0.000000,0.000000,-1.168323,0.000000
0.970000,0.500000,1.331209,0.250000,0.000000,0.527246,0.000000,0.000000,-1.161864,0.000000
0.975000,0.500000,1.333846,0.250000,0.000000,0.521469,0.000000,0.000000,-1.155330,0.000000
0.980000,0.500000,1.336453,0.250000,0.000000,0.515725,0.000000,0.000000,-1.148725,0.000000
0.985000,0.500000,1.339031,0.250000,0.000000,0.510015,0.000000,0.000000,-1.142052,0.000000
0.990000,0.500000,1.341582,0.250000,0.000000,0.504339,0.000000,0.000000,-1.135313,0.000000
0.995000,0.500000,1.344103,0.250000,0.000000,0.498696,0.000000,0.000000,-1.128511,0.000000
1.000000,0.500000,1.346597,0.250000,0.000000,0.493088,0.000000,0.000000,-1.121649,0.000000
1.005000,0.500000,1.349062,0.250000,0.000000,0.487514,0.000000,0.000000,-1.114730,0.000000
1.010000,0.500000,1.351500,0.250000,0.000000,0.481975,0.000000,0.000000,-1.107756,0.000000
1.015000,0.500000,1.353910,0.250000,0.000000,0.476472,0.000000,0.000000,-1.100729,0.000000
1.020000,0.500000,1.356292,0.250000,0.000000,0.471003,0.000000,0.000000,-1.093654,0.000000
1.025000,0.500000,1.358647,0.250000,0.000000,0.465571,0.000000,0.000000,-1.086531,0.000000
1.030000,0.500000,1.360975,0.250000,0.000000,0.460174,0.000000,0.000000,-1.079364,0.000000
1.035000,0.500000,1.363276,0.250000,0.000000,0.454813,0.000000,0.000000,-1.072155,0.000000
1.040000,0.500000,1.365550,0.250000,0.000000,0.449489,0.000000,0.000000,-1.064905,0.000000
1.045000,0.500000,1.367797,0.250000,0.000000,0.444201,0.000000,0.000000,-1.057619,0.000000
1.050000,0.500000,1.370018,0.250000,0.000000,0.438949,0.000000,0.000000,-1.050297,0.000000
1.055000,0.500000,1.372213,0.250000,0.000000,0.433734,0.000000,0.000000,-1.042942,0.000000
1.060000,0.500000,1.374382,0.250000,0.000000,0.428557,0.000000,0.000000,-1.035556,0.000000
1.065000,0.500000,1.376524,0.250000,0.000000,0.423416,0.000000,0.000000,-1.028141,0.000000
1.070000,0.500000,1.378642,0.250000,0.000000,0.418312,0.000000,0.000000,-1.020700,0.000000
1.075000,0.500000,1.380733,0.250000,0.000000,0.413246,0.000000,0.000000,-1.013235,0.000000
1.080000,0.500000,1.382799,0.250000,0.000000,0.408217,0.000000,0.000000,-1.005746,0.000000
1.085000,0.500000,1.384840,0.250000,0.000000,0.403226,0.000000,0.000000,-0.998238,0.000000
1.090000,0.500000,1.386857,0.250000,0.000000,0.398273,0.000000,0.000000,-0.990710,0.000000
1.095000,0.500000,1.388848,0.250000,0.000000,0.393357,0.000000,0.000000,-0.983166,0.000000
1.100000,0.500000,1.390815,0.250000,0.000000,0.388479,0.000000,0.000000,-0.975606,0.000000
1.105000,0.500000,1.392757,0.250000,0.000000,0.383639,0.000000,0.000000,-0.968034,0.000000
1.110000,0.500000,1.394675,0.250000,0.000000,0.378836,0.000000,0.000000,-0.960450,0.000000
1.115000,0.500000,1.396569,0.250000,0.000000,0.374072,0.000000,0.000000,-0.952856,0.000000
1.120000,0.500000,1.398440,0.250000,0.000000,0.369346,0.000000,0.000000,-0.945255,0.000000
1.125000,0.500000,1.400287,0.250000,0.000000,0.364658,0.000000,0.000000,-0.937647,0.000000
1.130000,0.500000,1.402110,0.250000,0.000000,0.360007,0.000000,0.000000,-0.930034,0.000000
1.135000,0.500000,1.403910,0.250000,0.000000,0.355395,0.000000,0.000000,-0.922418,0.000000
1.140000,0.500000,1.405687,0.250000,0.000000,0.350821,0.000000,0.000000,-0.914801,0.000000
1.145000,0.500000,1.407441,0.250000,0.000000,0.346285,0.000000,0.000000,-0.907183,0.000000
1.150000,0.500000,1.409172,0.250000,0.000000,0.341788,0.000000,0.000000,-0.899567,0.000000
1.155000,0.500000,1.410881,0.250000,0.000000,0.337328,0.000000,0.000000,-0.891953,0.000000
1.160000,0.500000,1.412568,0.250000,0.000000,0.332906,0.000000,0.000000,-0.884344,0.000000
1.165000,0.500000,1.414232,0.250000,0.000000,0.328522,0.000000,0.000000,-0.876740,0.000000
1.170000,0.500000,1.415875,0.250000,0.000000,0.324177,0.000000,0.000000,-0.869143,0.000000
1.175000,0.500000,1.417496,0.250000,0.000000,0.319869,0.000000,0.000000,-0.861554,0.000000
1.180000,0.500000,1.419095,0.250000,0.000000,0.315599,0.000000,0.000000,-0.853975,0.000000
1.185000,0.500000,1.420673,0.250000,0.000000,0.311367,0.000000,0.000000,-0.846406,0.000000
1.190000,0.500000,1.422230,0.250000,0.000000,0.307173,0.000000,0.000000,-0.838849,0.000000
1.195000,0.500000,1.423766,0.250000,0.000000,0.303016,0.000000,0.000000,-0.831306,0.000000
1.200000,0.500000,1.425281,0.250000,0.000000,0.298897,0.000000,0.000000,-0.823776,0.000000
1.205000,0.500000,1.426776,0.250000,0.000000,0.294816,0.000000,0.000000,-0.816262,0.000000
1.210000,0.500000,1.428250,0.250000,0.000000,0.290772,0.000000,0.000000,-0.808764,0.000000
1.215000,0.500000,1.429704,0.250000,0.000000,0.286766,0.000000,0.000000,-0.801284,0.000000
1.220000,0.500000,1.431137,0.250000,0.000000,0.282797,0.000000,0.000000,-0.793822,0.000000
1.225000,0.500000,1.432551,0.250000,0.000000,0.278865,0.000000,0.000000,-0.786380,0.000000
1.230000,0.500000,1.433946,0.250000,0.000000,0.274970,0.000000,0.000000,-0.778958,0.000000
1.235000,0.500000,1.435321,0.250000,0.000000,0.271112,0.000000,0.000000,-0.771558,0.000000
1.240000,0.500000,1.436676,0.250000,0.000000,0.267291,0.000000,0.000000,-0.764180,0.000000
1.245000,0.500000,1.438013,0.250000,0.000000,0.263507,0.000000,0.000000,-0.756826,0.000000
1.250000,0.500000,1.439330,0.250000,0.000000,0.259760,0.000000,0.000000,-0.749496,0.000000
1.255000,0.500000,1.440629,0.250000,0.000000,0.256049,0.000000,0.000000,-0.742190,0.000000
1.260000,0.500000,1.441909,0.250000,0.000000,0.252374,0.000000,0.000000,-0.734911,0.000000
1.265000,0.500000,1.443171,0.250000,0.000000,0.248736,0.000000,0.000000,-0.727658,0.000000
1.270000,0.500000,1.444415,0.250000,0.000000,0.245134,0.000000,0.000000,-0.720433,0.000000
1.275000,0.500000,1.445640,0.250000,0.000000,0.241568,0.000000,0.000000,-0.713236,0.000000
1.280000,0.500000,1.446848,0.250000,0.000000,0.238037,0.000000,0.000000,-0.706067,0.000000
1.285000,0.500000,1.448038,0.250000,0.000000,0.234543,0.000000,0.000000,-0.698929,0.000000
1.290000,0.500000,1.449211,0.250000,0.000000,0.231084,0.000000,0.000000,-0.691821,0.000000
1.295000,0.500000,1.450366,0.250000,0.000000,0.227660,0.000000,0.000000,-0.684743,0.000000
1.300000,0.500000,1.451505,0.250000,0.000000,0.224271,0.000000,0.000000,-0.677698,0.000000
1.305000,0.500000,1.452626,0.250000,0.000000,0.220918,0.000000,0.000000,-0.670684,0.000000
1.310000,0.500000,1.453731,0.250000,0.000000,0.217599,0.000000,0.000000,-0.663704,0.000000
1.315000,0.500000,1.454819,0.250000,0.000000,0.214316,0.000000,0.000000,-0.656757,0.000000
1.320000,0.500000,1.455890,0.250000,0.000000,0.211066,0.000000,0.000000,-0.649844,0.000000
1.325000,0.500000,1.456946,0.250000,0.000000,0.207852,0.000000,0.000000,-0.642965,0.000000
1.330000,0.500000,1.457985,0.250000,0.000000,0.204671,0.000000,0.000000,-0.636122,0.000000
1.335000,0.500000,1.459008,0.250000,0.000000,0.201524,0.000000,0.000000,-0.629314,0.000000
1.340000,0.500000,1.460016,0.250000,0.000000,0.198412,0.000000,0.000000,-0.622542,0.000000
1.345000,0.500000,1.461008,0.250000,0.000000,0.195333,0.000000,0.000000,-0.615807,0.000000
1.350000,0.500000,1.461985,0.250000,0.000000,0.192287,0.000000,0.000000,-0.609109,0.000000
1.355000,0.500000,1.462946,0.250000,0.000000,0.189275,0.000000,0.000000,-0.602448,0.000000
1.360000,0.500000,1.463892,0.250000,0.000000,0.186296,0.000000,0.000000,-0.595826,0.000000
1.365000,0.500000,1.464824,0.250000,0.000000,0.183350,0.000000,0.000000,-0.589241,0.000000
1.370000,0.500000,1.465741,0.250000,0.000000,0.180436,0.000000,0.000000,-0.582695,0.000000
1.375000,0.500000,1.466643,0.250000,0.000000,0.177555,0.000000,0.000000,-0.576188,0.000000
1.380000,0.500000,1.467531,0.250000,0.000000,0.174707,0.000000,0.000000,-0.569720,0.000000
1.385000,0.500000,1.468404,0.250000,0.000000,0.171890,0.000000,0.000000,-0.563293,0.000000
1.390000,0.500000,1.469264,0.250000,0.000000,0.169106,0.000000,0.000000,-0.556905,0.000000
1.395000,0.500000,1.470109,0.250000,0.000000,0.166353,0.000000,0.000000,-0.550557,0.000000
1.400000,0.500000,1.470941,0.250000,0.000000,0.163631,0.000000,0.000000,-0.544250,0.000000
1.405000,0.500000,1.471759,0.250000,0.000000,0.160942,0.000000,0.000000,-0.537984,0.000000
1.410000,0.500000,1.472564,0.250000,0.000000,0.158283,0.000000,0.000000,-0.531759,0.000000
1.415000,0.500000,1.473355,0.250000,0.000000,0.155655,0.000000,0.000000,-0.525575,0.000000
1.420000,0.500000,1.474133,0.250000,0.000000,0.153058,0.000000,0.000000,-0.519434,0.000000
1.425000,0.500000,1.474899,0.250000,0.000000,0.150491,0.000000,0.000000,-0.513333,0.000000
1.430000,0.500000,1.475651,0.250000,0.000000,0.147955,0.000000,0.000000,-0.507275,0.000000
1.435000,0.500000,1.476391,0.250000,0.000000,0.145448,0.000000,0.000000,-0.501260,0.000000
1.440000,0.500000,1.477118,0.250000,0.000000,0.142972,0.000000,0.000000,-0.495286,0.000000
1.445000,0.500000,1.477833,0.250000,0.000000,0.140525,0.000000,0.000000,-0.489355,0.000000
1.450000,0.500000,1.478536,0.250000,0.000000,0.138108,0.000000,0.000000,-0.483467,0.000000
1.455000,0.500000,1.479226,0.250000,0.000000,0.135720,0.000000,0.000000,-0.477622,0.000000
1.460000,0.500000,1.479905,0.250000,0.000000,0.133361,0.000000,0.000000,-0.471820,0.000000
1.465000,0.500000,1.480572,0.250000,0.000000,0.131030,0.000000,0.000000,-0.466061,0.000000
2.935000,0.500000,1.481227,0.250000,0.000000,0.167190,0.000000,0.000000,7.231962,0.000000
2.940000,0.500000,1.482063,0.250000,0.000000,0.202483,0.000000,0.000000,7.058640,0.000000
2.945000,0.500000,1.483075,0.250000,0.000000,0.236923,0.000000,0.000000,6.887961,0.000000
2.950000,0.500000,1.484260,0.250000,0.000000,0.270523,0.000000,0.000000,6.719895,0.000000
2.955000,0.500000,1.485612,0.250000,0.000000,0.303295,0.000000,0.000000,6.554416,0.000000
2.960000,0.500000,1.487129,0.250000,0.000000,0.335252,0.000000,0.000000,6.391495,0.000000
2.965000,0.500000,1.488805,0.250000,0.000000,0.366408,0.000000,0.000000,6.231105,0.000000
2.970000,0.500000,1.490637,0.250000,0.000000,0.396774,0.000000,0.000000,6.073217,0.000000
2.975000,0.500000,1.492621,0.250000,0.000000,0.426363,0.000000,0.000000,5.917806,0.000000
2.980000,0.500000,1.494753,0.250000,0.000000,0.455187,0.000000,0.000000,5.764842,0.000000
2.985000,0.500000,1.497029,0.250000,0.000000,0.483259,0.000000,0.000000,5.614300,0.000000
2.990000,0.500000,1.499445,0.250000,0.000000,0.510589,0.000000,0.000000,5.466153,0.000000
2.995000,0.500000,1.501998,0.250000,0.000000,0.537191,0.000000,0.000000,5.320373,0.000000
3.000000,0.500000,1.504684,0.250000,0.000000,0.563076,0.000000,0.000000,5.176934,0.000000
3.005000,0.500000,1.507499,0.250000,0.000000,0.588255,0.000000,0.000000,5.035809,0.000000
3.010000,0.500000,1.510441,0.250000,0.000000,0.612740,0.000000,0.000000,4.896973,0.000000
3.015000,0.500000,1.513504,0.250000,0.000000,0.636542,0.000000,0.000000,4.760399,0.000000
3.020000,0.500000,1.516687,0.250000,0.000000,0.659672,0.000000,0.000000,4.626061,0.000000
3.025000,0.500000,1.519985,0.250000,0.000000,0.682142,0.000000,0.000000,4.493934,0.000000
3.030000,0.500000,1.523396,0.250000,0.000000,0.703962,0.000000,0.000000,4.363992,0.000000
3.035000,0.500000,1.526916,0.250000,0.000000,0.725143,0.000000,0.000000,4.236209,0.000000
3.040000,0.500000,1.530542,0.250000,0.000000,0.745695,0.000000,0.000000,4.110560,0.000000
3.045000,0.500000,1.534270,0.250000,0.000000,0.765631,0.000000,0.000000,3.987020,0.000000
3.050000,0.500000,1.538098,0.250000,0.000000,0.784958,0.000000,0.000000,3.865565,0.000000
3.055000,0.500000,1.542023,0.250000,0.000000,0.803689,0.000000,0.000000,3.746169,0.000000
3.060000,0.500000,1.546041,0.250000,0.000000,0.821833,0.000000,0.000000,3.628808,0.000000
3.065000,0.500000,1.550151,0.250000,0.000000,0.839401,0.000000,0.000000,3.513457,0.000000
3.070000,0.500000,1.554348,0.250000,0.000000,0.856401,0.000000,0.000000,3.400092,0.000000
3.075000,0.500000,1.558630,0.250000,0.000000,0.872845,0.000000,0.000000,3.288690,0.000000
3.080000,0.500000,1.562994,0.250000,0.000000,0.888741,0.000000,0.000000,3.179226,0.000000
3.085000,0.500000,1.567438,0.250000,0.000000,0.904099,0.000000,0.000000,3.071677,0.000000
3.090000,0.500000,1.571958,0.250000,0.000000,0.918929,0.000000,0.000000,2.966019,0.000000
3.095000,0.500000,1.576553,0.250000,0.000000,0.933240,0.000000,0.000000,2.862229,0.000000
3.100000,0.500000,1.581219,0.250000,0.000000,0.947042,0.000000,0.000000,2.760284,0.000000
3.105000,0.500000,1.585954,0.250000,0.000000,0.960342,0.000000,0.000000,2.660161,0.000000
3.110000,0.500000,1.590756,0.250000,0.000000,0.973152,0.000000,0.000000,2.561836,0.000000
3.115000,0.500000,1.595622,0.250000,0.000000,0.985478,0.000000,0.000000,2.465288,0.000000
3.120000,0.500000,1.600549,0.250000,0.000000,0.997331,0.000000,0.000000,2.370494,0.000000
3.125000,0.500000,1.605536,0.250000,0.000000,1.008718,0.000000,0.000000,2.277431,0.000000
3.130000,0.500000,1.610579,0.250000,0.000000,1.019648,0.000000,0.000000,2.186078,0.000000
3.135000,0.500000,1.615677,0.250000,0.000000,1.030130,0.000000,0.000000,2.096413,0.000000
3.140000,0.500000,1.620828,0.250000,0.000000,1.040172,0.000000,0.000000,2.008414,0.000000
3.145000,0.500000,1.626029,0.250000,0.000000,1.049783,0.000000,0.000000,1.922059,0.000000
3.150000,0.500000,1.631278,0.250000,0.000000,1.058969,0.000000,0.000000,1.837328,0.000000
3.155000,0.500000,1.636573,0.250000,0.000000,1.067740,0.000000,0.000000,1.754198,0.000000
3.160000,0.500000,1.641911,0.250000,0.000000,1.076103,0.000000,0.000000,1.672650,0.000000
3.165000,0.500000,1.647292,0.250000,0.000000,1.084067,0.000000,0.000000,1.592662,0.000000
3.170000,0.500000,1.652712,0.250000,0.000000,1.091638,0.000000,0.000000,1.514213,0.000000
3.175000,0.500000,1.658170,0.250000,0.000000,1.098824,0.000000,0.000000,1.437284,0.000000
3.180000,0.500000,1.663665,0.250000,0.000000,1.105633,0.000000,0.000000,1.361853,0.000000
3.185000,0.500000,1.669193,0.250000,0.000000,1.112073,0.000000,0.000000,1.287901,0.000000
3.190000,0.500000,1.674753,0.250000,0.000000,1.118150,0.000000,0.000000,1.215408,0.000000
3.195000,0.500000,1.680344,0.250000,0.000000,1.123872,0.000000,0.000000,1.144355,0.000000
3.200000,0.500000,1.685963,0.250000,0.000000,1.129245,0.000000,0.000000,1.074721,0.000000
3.205000,0.500000,1.691609,0.250000,0.000000,1.134278,0.000000,0.000000,1.006487,0.000000
3.210000,0.500000,1.697281,0.250000,0.000000,1.138976,0.000000,0.000000,0.939634,0.000000
3.215000,0.500000,1.702976,0.250000,0.000000,1.143347,0.000000,0.000000,0.874144,0.000000
3.220000,0.500000,1.708692,0.250000,0.000000,1.147397,0.000000,0.000000,0.809996,0.000000
3.225000,0.500000,1.714429,0.250000,0.000000,1.151133,0.000000,0.000000,0.747173,0.000000
3.230000,0.500000,1.720185,0.250000,0.000000,1.154561,0.000000,0.000000,0.685657,0.000000
3.235000,0.500000,1.725958,0.250000,0.000000,1.157688,0.000000,0.000000,0.625428,0.000000
3.240000,0.500000,1.731746,0.250000,0.000000,1.160520,0.000000,0.000000,0.566468,0.000000
3.245000,0.500000,1.737549,0.250000,0.000000,1.163064,0.000000,0.000000,0.508760,0.000000
3.250000,0.500000,1.743364,0.250000,0.000000,1.165326,0.000000,0.000000,0.452286,0.000000
3.255000,0.500000,1.749191,0.250000,0.000000,1.167311,0.000000,0.000000,0.397029,0.000000
3.260000,0.500000,1.755027,0.250000,0.000000,1.169026,0.000000,0.000000,0.342970,0.000000
3.265000,0.500000,1.760873,0.250000,0.000000,1.170476,0.000000,0.000000,0.290093,0.000000
3.270000,0.500000,1.766725,0.250000,0.000000,1.171668,0.000000,0.000000,0.238380,0.000000
3.275000,0.500000,1.772583,0.250000,0.000000,1.172607,0.000000,0.000000,0.187815,0.000000
3.280000,0.500000,1.778446,0.250000,0.000000,1.173299,0.000000,0.000000,0.138380,0.000000
3.285000,0.500000,1.784313,0.250000,0.000000,1.173749,0.000000,0.000000,0.090060,0.000000
3.290000,0.500000,1.790182,0.250000,0.000000,1.173963,0.000000,0.000000,0.042838,0.000000
3.295000,0.500000,1.796051,0.250000,0.000000,1.173947,0.000000,0.000000,-0.003303,0.000000
3.300000,0.500000,1.801921,0.250000,0.000000,1.173705,0.000000,0.000000,-0.048379,0.000000
3.305000,0.500000,1.807790,0.250000,0.000000,1.173243,0.000000,0.000000,-0.092405,0.000000
3.310000,0.500000,1.813656,0.250000,0.000000,1.172566,0.000000,0.000000,-0.135397,0.000000
3.315000,0.500000,1.819519,0.250000,0.000000,1.171679,0.000000,0.000000,-0.177371,0.000000
3.320000,0.500000,1.825377,0.250000,0.000000,1.170587,0.000000,0.000000,-0.218343,0.000000
3.325000,0.500000,1.831230,0.250000,0.000000,1.169296,0.000000,0.000000,-0.258327,0.000000
3.330000,0.500000,1.837077,0.250000,0.000000,1.167809,0.000000,0.000000,-0.297338,0.000000
3.335000,0.500000,1.842916,0.250000,0.000000,1.166132,0.000000,0.000000,-0.335392,0.000000
3.340000,0.500000,1.848746,0.250000,0.000000,1.164270,0.000000,0.000000,-0.372504,0.000000
3.345000,0.500000,1.854568,0.250000,0.000000,1.162226,0.000000,0.000000,-0.408687,0.000000
3.350000,0.500000,1.860379,0.250000,0.000000,1.160006,0.000000,0.000000,-0.443957,0.000000
3.355000,0.500000,1.866179,0.250000,0.000000,1.157615,0.000000,0.000000,-0.478327,0.000000
3.360000,0.500000,1.871967,0.250000,0.000000,1.155056,0.000000,0.000000,-0.511813,0.000000
3.365000,0.500000,1.877742,0.250000,0.000000,1.152334,0.000000,0.000000,-0.544427,0.000000
3.370000,0.500000,1.883504,0.250000,0.000000,1.149453,0.000000,0.000000,-0.576184,0.000000
3.375000,0.500000,1.889251,0.250000,0.000000,1.146417,0.000000,0.000000,-0.607097,0.000000
3.380000,0.500000,1.894983,0.250000,0.000000,1.143231,0.000000,0.000000,-0.637180,0.000000
3.385000,0.500000,1.900699,0.250000,0.000000,1.139899,0.000000,0.000000,-0.666446,0.000000
3.390000,0.500000,1.906399,0.250000,0.000000,1.136424,0.000000,0.000000,-0.694909,0.000000
3.395000,0.500000,1.912081,0.250000,0.000000,1.132812,0.000000,0.000000,-0.722581,0.000000
3.400000,0.500000,1.917745,0.250000,0.000000,1.129064,0.000000,0.000000,-0.749476,0.000000
3.405000,0.500000,1.923390,0.250000,0.000000,1.125186,0.000000,0.000000,-0.775606,0.000000
3.410000,0.500000,1.929016,0.250000,0.000000,1.121181,0.000000,0.000000,-0.800984,0.000000
3.415000,0.500000,1.934622,0.250000,0.000000,1.117053,0.000000,0.000000,-0.825622,0.000000
3.420000,0.500000,1.940207,0.250000,0.000000,1.112805,0.000000,0.000000,-0.849533,0.000000
3.425000,0.500000,1.945771,0.250000,0.000000,1.108442,0.000000,0.000000,-0.872728,0.000000
3.430000,0.500000,1.951314,0.250000,0.000000,1.103966,0.000000,0.000000,-0.895221,0.000000
3.435000,0.500000,1.956833,0.250000,0.000000,1.099381,0.000000,0.000000,-0.917022,0.000000
3.440000,0.500000,1.962330,0.250000,0.000000,1.094690,0.000000,0.000000,-0.938144,0.000000
3.445000,0.500000,1.967804,0.250000,0.000000,1.089897,0.000000,0.000000,-0.958598,0.000000
3.450000,0.500000,1.973253,0.250000,0.000000,1.085005,0.000000,0.000000,-0.978395,0.000000
3.455000,0.500000,1.978678,0.250000,0.000000,1.080017,0.000000,0.000000,-0.997548,0.000000
3.460000,0.500000,1.984078,0.250000,0.000000,1.074937,0.000000,0.000000,-1.016067,0.000000
3.465000,0.500000,1.989453,0.250000,0.000000,1.069767,0.000000,0.000000,-1.033963,0.000000
3.470000,0.500000,1.994802,0.250000,0.000000,1.064511,0.000000,0.000000,-1.051247,0.000000
3.475000,0.500000,2.000124,0.250000,0.000000,1.059171,0.000000,0.000000,-1.067930,0.000000
3.480000,0.500000,2.005420,0.250000,0.000000,1.053751,0.000000,0.000000,-1.084023,0.000000
3.485000,0.500000,2.010689,0.250000,0.000000,1.048253,0.000000,0.000000,-1.099536,0.000000
3.490000,0.500000,2.015930,0.250000,0.000000,1.042681,0.000000,0.000000,-1.114479,0.000000
3.495000,0.500000,2.021144,0.250000,0.000000,1.037037,0.000000,0.000000,-1.128864,0.000000
3.500000,0.500000,2.026329,0.250000,0.000000,1.031323,0.000000,0.000000,-1.142699,0.000000
3.505000,0.500000,2.031486,0.250000,0.000000,1.025543,0.000000,0.000000,-1.155995,0.000000
3.510000,0.500000,2.036613,0.250000,0.000000,1.019699,0.000000,0.000000,-1.168763,0.000000
3.515000,0.500000,2.041712,0.250000,0.000000,1.013794,0.000000,0.000000,-1.181010,0.000000
3.520000,0.500000,2.046781,0.250000,0.000000,1.007831,0.000000,0.000000,-1.192748,0.000000
3.525000,0.500000,2.051820,0.250000,0.000000,1.001811,0.000000,0.000000,-1.203986,0.000000
3.530000,0.500000,2.056829,0.250000,0.000000,0.995737,0.000000,0.000000,-1.214733,0.000000
3.535000,0.500000,2.061808,0.250000,0.000000,0.989612,0.000000,0.000000,-1.224998,0.000000
3.540000,0.500000,2.066756,0.250000,0.000000,0.983438,0.000000,0.000000,-1.234791,0.000000
3.545000,0.500000,2.071673,0.250000,0.000000,0.977217,0.000000,0.000000,-1.244120,0.000000
3.550000,0.500000,2.076559,0.250000,0.000000,0.970952,0.000000,0.000000,-1.252995,0.000000
3.555000,0.500000,2.081414,0.250000,0.000000,0.964645,0.000000,0.000000,-1.261424,0.000000
3.560000,0.500000,2.086237,0.250000,0.000000,0.958298,0.000000,0.000000,-1.269416,0.000000
3.565000,0.500000,2.091028,0.250000,0.000000,0.951913,0.000000,0.000000,-1.276980,0.000000
3.570000,0.500000,2.095788,0.250000,0.000000,0.945493,0.000000,0.000000,-1.284123,0.000000
3.575000,0.500000,2.100515,0.250000,0.000000,0.939038,0.000000,0.000000,-1.290854,0.000000
3.580000,0.500000,2.105211,0.250000,0.000000,0.932553,0.000000,0.000000,-1.297182,0.000000
3.585000,0.500000,2.109873,0.250000,0.000000,0.926037,0.000000,0.000000,-1.303115,0.000000
3.590000,0.500000,2.114504,0.250000,0.000000,0.919494,0.000000,0.000000,-1.308660,0.000000
3.595000,0.500000,2.119101,0.250000,0.000000,0.912925,0.000000,0.000000,-1.313825,0.000000
3.600000,0.500000,2.123666,0.250000,0.000000,0.906331,0.000000,0.000000,-1.318618,0.000000
3.605000,0.500000,2.128197,0.250000,0.000000,0.899716,0.000000,0.000000,-1.323048,0.000000
3.610000,0.500000,2.132696,0.250000,0.000000,0.893081,0.000000,0.000000,-1.327120,0.000000
3.615000,0.500000,2.137161,0.250000,0.000000,0.886426,0.000000,0.000000,-1.330844,0.000000
3.620000,0.500000,2.141593,0.250000,0.000000,0.879755,0.000000,0.000000,-1.334225,0.000000
3.625000,0.500000,2.145992,0.250000,0.000000,0.873069,0.000000,0.000000,-1.337272,0.000000
3.630000,0.500000,2.150358,0.250000,0.000000,0.866369,0.000000,0.000000,-1.339992,0.000000
3.635000,0.500000,2.154689,0.250000,0.000000,0.859657,0.000000,0.000000,-1.342391,0.000000
3.640000,0.500000,2.158988,0.250000,0.000000,0.852935,0.000000,0.000000,-1.344476,0.000000
3.645000,0.500000,2.163252,0.250000,0.000000,0.846203,0.000000,0.000000,-1.346255,0.000000
3.650000,0.500000,2.167483,0.250000,0.000000,0.839465,0.000000,0.000000,-1.347734,0.000000
3.655000,0.500000,2.171681,0.250000,0.000000,0.832720,0.000000,0.000000,-1.348919,0.000000
3.660000,0.500000,2.175844,0.250000,0.000000,0.825971,0.000000,0.000000,-1.349818,0.000000
3.665000,0.500000,2.179974,0.250000,0.000000,0.819219,0.000000,0.000000,-1.350437,0.000000
3.670000,0.500000,2.184070,0.250000,0.000000,0.812465,0.000000,0.000000,-1.350781,0.000000
3.675000,0.500000,2.188133,0.250000,0.000000,0.805711,0.000000,0.000000,-1.350858,0.000000
3.680000,0.500000,2.192161,0.250000,0.000000,0.798957,0.000000,0.000000,-1.350673,0.000000
3.685000,0.500000,2.196156,0.250000,0.000000,0.792206,0.000000,0.000000,-1.350233,0.000000
3.690000,0.500000,2.200117,0.250000,0.000000,0.785458,0.000000,0.000000,-1.349543,0.000000
3.695000,0.500000,2.204044,0.250000,0.000000,0.778715,0.000000,0.000000,-1.348610,0.000000
3.700000,0.500000,2.207938,0.250000,0.000000,0.771978,0.000000,0.000000,-1.347439,0.000000
3.705000,0.500000,2.211798,0.250000,0.000000,0.765248,0.000000,0.000000,-1.346035,0.000000
3.710000,0.500000,2.215624,0.250000,0.000000,0.758526,0.000000,0.000000,-1.344406,0.000000
3.715000,0.500000,2.219417,0.250000,0.000000,0.751813,0.000000,0.000000,-1.342555,0.000000
3.720000,0.500000,2.223176,0.250000,0.000000,0.745111,0.000000,0.000000,-1.340489,0.000000
3.725000,0.500000,2.226901,0.250000,0.000000,0.738420,0.000000,0.000000,-1.338212,0.000000
3.730000,0.500000,2.230593,0.250000,0.000000,0.731741,0.000000,0.000000,-1.335731,0.000000
3.735000,0.500000,2.234252,0.250000,0.000000,0.725076,0.000000,0.000000,-1.333051,0.000000
3.740000,0.500000,2.237877,0.250000,0.000000,0.718425,0.000000,0.000000,-1.330176,0.000000
3.745000,0.500000,2.241470,0.250000,0.000000,0.711789,0.000000,0.000000,-1.327111,0.000000
3.750000,0.500000,2.245028,0.250000,0.000000,0.705170,0.000000,0.000000,-1.323862,0.000000
3.755000,0.500000,2.248554,0.250000,0.000000,0.698568,0.000000,0.000000,-1.320433,0.000000
3.760000,0.500000,2.252047,0.250000,0.000000,0.691984,0.000000,0.000000,-1.316829,0.000000
3.765000,0.500000,2.255507,0.250000,0.000000,0.685418,0.000000,0.000000,-1.313056,0.000000
3.770000,0.500000,2.258934,0.250000,0.000000,0.678873,0.000000,0.000000,-1.309117,0.000000
3.775000,0.500000,2.262329,0.250000,0.000000,0.672348,0.000000,0.000000,-1.305017,0.000000
3.780000,0.500000,2.265690,0.250000,0.000000,0.665844,0.000000,0.000000,-1.300761,0.000000
3.785000,0.500000,2.269019,0.250000,0.000000,0.659362,0.000000,0.000000,-1.296353,0.000000
3.790000,0.500000,2.272316,0.250000,0.000000,0.652903,0.000000,0.000000,-1.291797,0.000000
3.795000,0.500000,2.275581,0.250000,0.000000,0.646468,0.000000,0.000000,-1.287098,0.000000
3.800000,0.500000,2.278813,0.250000,0.000000,0.640056,0.000000,0.000000,-1.282260,0.000000
3.805000,0.500000,2.282013,0.250000,0.000000,0.633670,0.000000,0.000000,-1.277287,0.000000
3.810000,0.500000,2.285182,0.250000,0.000000,0.627309,0.000000,0.000000,-1.272183,0.000000
3.815000,0.500000,2.288318,0.250000,0.000000,0.620974,0.000000,0.000000,-1.266952,0.000000
3.820000,0.500000,2.291423,0.250000,0.000000,0.614666,0.000000,0.000000,-1.261598,0.000000
3.825000,0.500000,2.294497,0.250000,0.000000,0.608386,0.000000,0.000000,-1.256125,0.000000
3.830000,0.500000,2.297538,0.250000,0.000000,0.602133,0.000000,0.000000,-1.250537,0.000000
3.835000,0.500000,2.300549,0.250000,0.000000,0.595909,0.000000,0.000000,-1.244838,0.000000
3.840000,0.500000,2.303529,0.250000,0.000000,0.589714,0.000000,0.000000,-1.239030,0.000000
3.845000,0.500000,2.306477,0.250000,0.000000,0.583548,0.000000,0.000000,-1.233119,0.000000
3.850000,0.500000,2.309395,0.250000,0.000000,0.577413,0.000000,0.000000,-1.227106,0.000000
3.855000,0.500000,2.312282,0.250000,0.000000,0.571308,0.000000,0.000000,-1.220996,0.000000
3.860000,0.500000,2.315139,0.250000,0.000000,0.565234,0.000000,0.000000,-1.214793,0.000000
3.865000,0.500000,2.317965,0.250000,0.000000,0.559191,0.000000,0.000000,-1.208499,0.000000
3.870000,0.500000,2.320761,0.250000,0.000000,0.553180,0.000000,0.000000,-1.202118,0.000000
3.875000,0.500000,2.323527,0.250000,0.000000,0.547202,0.000000,0.000000,-1.195653,0.000000
3.880000,0.500000,2.326263,0.250000,0.000000,0.541257,0.000000,0.000000,-1.189107,0.000000
3.885000,0.500000,2.328969,0.250000,0.000000,0.535344,0.000000,0.000000,-1.182484,0.000000
3.890000,0.500000,2.331646,0.250000,0.000000,0.529465,0.000000,0.000000,-1.175786,0.000000
3.895000,0.500000,2.334293,0.250000,0.000000,0.523620,0.000000,0.000000,-1.169016,0.000000
3.900000,0.500000,2.336911,0.250000,0.000000,0.517809,0.000000,0.000000,-1.162178,0.000000
3.905000,0.500000,2.339500,0.250000,0.000000,0.512033,0.000000,0.000000,-1.155275,0.000000
3.910000,0.500000,2.342060,0.250000,0.000000,0.506291,0.000000,0.000000,-1.148308,0.000000
3.915000,0.500000,2.344592,0.250000,0.000000,0.500585,0.000000,0.000000,-1.141281,0.000000
3.920000,0.500000,2.347095,0.250000,0.000000,0.494914,0.000000,0.000000,-1.134197,0.000000
3.925000,0.500000,2.349569,0.250000,0.000000,0.489279,0.000000,0.000000,-1.127059,0.000000
3.930000,0.500000,2.352016,0.250000,0.000000,0.483679,0.000000,0.000000,-1.119868,0.000000
3.935000,0.500000,2.354434,0.250000,0.000000,0.478116,0.000000,0.000000,-1.112628,0.000000
3.940000,0.500000,2.356825,0.250000,0.000000,0.472590,0.000000,0.000000,-1.105341,0.000000
3.945000,0.500000,2.359188,0.250000,0.000000,0.467100,0.000000,0.000000,-1.098010,0.000000
3.950000,0.500000,2.361523,0.250000,0.000000,0.461646,0.000000,0.000000,-1.090636,0.000000
3.955000,0.500000,2.363831,0.250000,0.000000,0.456230,0.000000,0.000000,-1.083224,0.000000
3.960000,0.500000,2.366112,0.250000,0.000000,0.450851,0.000000,0.000000,-1.075773,0.000000
3.965000,0.500000,2.368367,0.250000,0.000000,0.445510,0.000000,0.000000,-1.068288,0.000000
3.970000,0.500000,2.370594,0.250000,0.000000,0.440206,0.000000,0.000000,-1.060770,0.000000
3.975000,0.500000,2.372795,0.250000,0.000000,0.434940,0.000000,0.000000,-1.053222,0.000000
3.980000,0.500000,2.374970,0.250000,0.000000,0.429712,0.000000,0.000000,-1.045645,0.000000
3.985000,0.500000,2.377118,0.250000,0.000000,0.424522,0.000000,0.000000,-1.038043,0.000000
3.990000,0.500000,2.379241,0.250000,0.000000,0.419369,0.000000,0.000000,-1.030415,0.000000
3.995000,0.500000,2.381338,0.250000,0.000000,0.414256,0.000000,0.000000,-1.022766,0.000000
4.000000,0.500000,2.383409,0.250000,0.000000,0.409180,0.000000,0.000000,-1.015097,0.000000
4.005000,0.500000,2.385455,0.250000,0.000000,0.404143,0.000000,0.000000,-1.007409,0.000000
4.010000,0.500000,2.387476,0.250000,0.000000,0.399145,0.000000,0.000000,-0.999705,0.000000
4.015000,0.500000,2.389472,0.250000,0.000000,0.394185,0.000000,0.000000,-0.991987,0.000000
4.020000,0.500000,2.391442,0.250000,0.000000,0.389263,0.000000,0.000000,-0.984256,0.000000
4.025000,0.500000,2.393389,0.250000,0.000000,0.384381,0.000000,0.000000,-0.976514,0.000000
4.030000,0.500000,2.395311,0.250000,0.000000,0.379537,0.000000,0.000000,-0.968763,0.000000
4.035000,0.500000,2.397208,0.250000,0.000000,0.374732,0.000000,0.000000,-0.961004,0.000000
4.040000,0.500000,2.399082,0.250000,0.000000,0.369966,0.000000,0.000000,-0.953240,0.000000
4.045000,0.500000,2.400932,0.250000,0.000000,0.365238,0.000000,0.000000,-0.945472,0.000000
4.050000,0.500000,2.402758,0.250000,0.000000,0.360550,0.000000,0.000000,-0.937701,0.000000
4.055000,0.500000,2.404561,0.250000,0.000000,0.355900,0.000000,0.000000,-0.929929,0.000000
4.060000,0.500000,2.406340,0.250000,0.000000,0.351289,0.000000,0.000000,-0.922157,0.000000
4.065000,0.500000,2.408097,0.250000,0.000000,0.346717,0.000000,0.000000,-0.914388,0.000000
4.070000,0.500000,2.409830,0.250000,0.000000,0.342184,0.000000,0.000000,-0.906622,0.000000
4.075000,0.500000,2.411541,0.250000,0.000000,0.337690,0.000000,0.000000,-0.898861,0.000000
4.080000,0.500000,2.413230,0.250000,0.000000,0.333235,0.000000,0.000000,-0.891106,0.000000
4.085000,0.500000,2.414896,0.250000,0.000000,0.328818,0.000000,0.000000,-0.883359,0.000000
4.090000,0.500000,2.416540,0.250000,0.000000,0.324440,0.000000,0.000000,-0.875620,0.000000
4.095000,0.500000,2.418162,0.250000,0.000000,0.320100,0.000000,0.000000,-0.867892,0.000000
4.100000,0.500000,2.419763,0.250000,0.000000,0.315799,0.000000,0.000000,-0.860175,0.000000
4.105000,0.500000,2.421342,0.250000,0.000000,0.311537,0.000000,0.000000,-0.852471,0.000000
4.110000,0.500000,2.422899,0.250000,0.000000,0.307313,0.000000,0.000000,-0.844781,0.000000
4.115000,0.500000,2.424436,0.250000,0.000000,0.303128,0.000000,0.000000,-0.837106,0.000000
4.120000,0.500000,2.425952,0.250000,0.000000,0.298980,0.000000,0.000000,-0.829447,0.000000
4.125000,0.500000,2.427446,0.250000,0.000000,0.294871,0.000000,0.000000,-0.821805,0.000000
4.130000,0.500000,2.428921,0.250000,0.000000,0.290800,0.000000,0.000000,-0.814182,0.000000
4.135000,0.500000,2.430375,0.250000,0.000000,0.286767,0.000000,0.000000,-0.806577,0.000000
4.140000,0.500000,2.431809,0.250000,0.000000,0.282773,0.000000,0.000000,-0.798994,0.000000
4.145000,0.500000,2.433223,0.250000,0.000000,0.278815,0.000000,0.000000,-0.791431,0.000000
4.150000,0.500000,2.434617,0.250000,0.000000,0.274896,0.000000,0.000000,-0.783891,0.000000
4.155000,0.500000,2.435991,0.250000,0.000000,0.271014,0.000000,0.000000,-0.776374,0.000000
4.160000,0.500000,2.437346,0.250000,0.000000,0.267170,0.000000,0.000000,-0.768881,0.000000
4.165000,0.500000,2.438682,0.250000,0.000000,0.263363,0.000000,0.000000,-0.761414,0.000000
4.170000,0.500000,2.439999,0.250000,0.000000,0.259593,0.000000,0.000000,-0.753972,0.000000
4.175000,0.500000,2.441297,0.250000,0.000000,0.255860,0.000000,0.000000,-0.746557,0.000000
4.180000,0.500000,2.442576,0.250000,0.000000,0.252164,0.000000,0.000000,-0.739169,0.000000
4.185000,0.500000,2.443837,0.250000,0.000000,0.248505,0.000000,0.000000,-0.731810,0.000000
4.190000,0.500000,2.445079,0.250000,0.000000,0.244883,0.000000,0.000000,-0.724480,0.000000
4.195000,0.500000,2.446304,0.250000,0.000000,0.241297,0.000000,0.000000,-0.717180,0.000000
4.200000,0.500000,2.447510,0.250000,0.000000,0.237747,0.000000,0.000000,-0.709910,0.000000
4.205000,0.500000,2.448699,0.250000,0.000000,0.234234,0.000000,0.000000,-0.702672,0.000000
4.210000,0.500000,2.449870,0.250000,0.000000,0.230756,0.000000,0.000000,-0.695465,0.000000
4.215000,0.500000,2.451024,0.250000,0.000000,0.227315,0.000000,0.000000,-0.688292,0.000000
4.220000,0.500000,2.452161,0.250000,0.000000,0.223909,0.000000,0.000000,-0.681151,0.000000
4.225000,0.500000,2.453280,0.250000,0.000000,0.220539,0.000000,0.000000,-0.674044,0.000000
4.230000,0.500000,2.454383,0.250000,0.000000,0.217204,0.000000,0.000000,-0.666971,0.000000
4.235000,0.500000,2.455469,0.250000,0.000000,0.213905,0.000000,0.000000,-0.659934,0.000000
4.240000,0.500000,2.456538,0.250000,0.000000,0.210640,0.000000,0.000000,-0.652931,0.000000
4.245000,0.500000,2.457592,0.250000,0.000000,0.207410,0.000000,0.000000,-0.645965,0.000000
4.250000,0.500000,2.458629,0.250000,0.000000,0.204215,0.000000,0.000000,-0.639036,0.000000
4.255000,0.500000,2.459650,0.250000,0.000000,0.201054,0.000000,0.000000,-0.632143,0.000000
4.260000,0.500000,2.460655,0.250000,0.000000,0.197928,0.000000,0.000000,-0.625288,0.000000
4.265000,0.500000,2.461645,0.250000,0.000000,0.194835,0.000000,0.000000,-0.618471,0.000000
4.270000,0.500000,2.462619,0.250000,0.000000,0.191777,0.000000,0.000000,-0.611692,0.000000
4.275000,0.500000,2.463578,0.250000,0.000000,0.188752,0.000000,0.000000,-0.604952,0.000000
4.280000,0.500000,2.464521,0.250000,0.000000,0.185761,0.000000,0.000000,-0.598252,0.000000
4.285000,0.500000,2.465450,0.250000,0.000000,0.182803,0.000000,0.000000,-0.591590,0.000000
4.290000,0.500000,2.466364,0.250000,0.000000,0.179878,0.000000,0.000000,-0.584969,0.000000
4.295000,0.500000,2.467264,0.250000,0.000000,0.176986,0.000000,0.000000,-0.578388,0.000000
4.300000,0.500000,2.468149,0.250000,0.000000,0.174127,0.000000,0.000000,-0.571848,0.000000
4.305000,0.500000,2.469019,0.250000,0.000000,0.171300,0.000000,0.000000,-0.565349,0.000000
4.310000,0.500000,2.469876,0.250000,0.000000,0.168506,0.000000,0.000000,-0.558891,0.000000
4.315000,0.500000,2.470718,0.250000,0.000000,0.165743,0.000000,0.000000,-0.552474,0.000000
4.320000,0.500000,2.471547,0.250000,0.000000,0.163013,0.000000,0.000000,-0.546100,0.000000
4.325000,0.500000,2.472362,0.250000,0.000000,0.160314,0.000000,0.000000,-0.539767,0.000000
4.330000,0.500000,2.473164,0.250000,0.000000,0.157647,0.000000,0.000000,-0.533477,0.000000
4.335000,0.500000,2.473952,0.250000,0.000000,0.155010,0.000000,0.000000,-0.527229,0.000000
4.340000,0.500000,2.474727,0.250000,0.000000,0.152405,0.000000,0.000000,-0.521024,0.000000
4.345000,0.500000,2.475489,0.250000,0.000000,0.149831,0.000000,0.000000,-0.514862,0.000000
4.350000,0.500000,2.476238,0.250000,0.000000,0.147287,0.000000,0.000000,-0.508744,0.000000
4.355000,0.500000,2.476974,0.250000,0.000000,0.144774,0.000000,0.000000,-0.502668,0.000000
4.360000,0.500000,2.477698,0.250000,0.000000,0.142291,0.000000,0.000000,-0.496636,0.000000
4.365000,0.500000,2.478410,0.250000,0.000000,0.139838,0.000000,0.000000,-0.490648,0.000000
4.370000,0.500000,2.479109,0.250000,0.000000,0.137414,0.000000,0.000000,-0.484704,0.000000
4.375000,0.500000,2.479796,0.250000,0.000000,0.135020,0.000000,0.000000,-0.478804,0.000000
4.380000,0.500000,2.480471,0.250000,0.000000,0.132655,0.000000,0.000000,-0.472947,0.000000
7.300000,0.500000,2.481134,0.250000,0.000000,0.168781,0.000000,0.000000,7.225172,0.000000
7.305000,0.500000,2.481978,0.250000,0.000000,0.204041,0.000000,0.000000,7.051946,0.000000
7.310000,0.500000,2.482999,0.250000,0.000000,0.238448,0.000000,0.000000,6.881361,0.000000
7.315000,0.500000,2.484191,0.250000,0.000000,0.272015,0.000000,0.000000,6.713389,0.000000
7.320000,0.500000,2.485551,0.250000,0.000000,0.304755,0.000000,0.000000,6.548003,0.000000
7.325000,0.500000,2.487075,0.250000,0.000000,0.336680,0.000000,0.000000,6.385174,0.000000
7.330000,0.500000,2.488758,0.250000,0.000000,0.367805,0.000000,0.000000,6.224874,0.000000
7.335000,0.500000,2.490597,0.250000,0.000000,0.398140,0.000000,0.000000,6.067077,0.000000
7.340000,0.500000,2.492588,0.250000,0.000000,0.427699,0.000000,0.000000,5.911755,0.000000
7.345000,0.500000,2.494726,0.250000,0.000000,0.456493,0.000000,0.000000,5.758879,0.000000
7.350000,0.500000,2.497009,0.250000,0.000000,0.484536,0.000000,0.000000,5.608425,0.000000
7.355000,0.500000,2.499431,0.250000,0.000000,0.511837,0.000000,0.000000,5.460364,0.000000
7.360000,0.500000,2.501991,0.250000,0.000000,0.538411,0.000000,0.000000,5.314669,0.000000
7.365000,0.500000,2.504683,0.250000,0.000000,0.564267,0.000000,0.000000,5.171315,0.000000
7.370000,0.500000,2.507504,0.250000,0.000000,0.589419,0.000000,0.000000,5.030274,0.000000
7.375000,0.500000,2.510451,0.250000,0.000000,0.613876,0.000000,0.000000,4.891521,0.000000
7.380000,0.500000,2.513520,0.250000,0.000000,0.637651,0.000000,0.000000,4.755029,0.000000
7.385000,0.500000,2.516709,0.250000,0.000000,0.660755,0.000000,0.000000,4.620773,0.000000
7.390000,0.500000,2.520012,0.250000,0.000000,0.683199,0.000000,0.000000,4.488726,0.000000
7.395000,0.500000,2.523428,0.250000,0.000000,0.704993,0.000000,0.000000,4.358863,0.000000
7.400000,0.500000,2.526953,0.250000,0.000000,0.726149,0.000000,0.000000,4.231159,0.000000
7.405000,0.500000,2.530584,0.250000,0.000000,0.746677,0.000000,0.000000,4.105588,0.000000
7.410000,0.500000,2.534318,0.250000,0.000000,0.766588,0.000000,0.000000,3.982125,0.000000
7.415000,0.500000,2.538151,0.250000,0.000000,0.785891,0.000000,0.000000,3.860746,0.000000
7.420000,0.500000,2.542080,0.250000,0.000000,0.804598,0.000000,0.000000,3.741425,0.000000
7.425000,0.500000,2.546103,0.250000,0.000000,0.822719,0.000000,0.000000,3.624138,0.000000
7.430000,0.500000,2.550217,0.250000,0.000000,0.840263,0.000000,0.000000,3.508861,0.000000
7.435000,0.500000,2.554418,0.250000,0.000000,0.857241,0.000000,0.000000,3.395570,0.000000
7.440000,0.500000,2.558704,0.250000,0.000000,0.873662,0.000000,0.000000,3.284240,0.000000
7.445000,0.500000,2.563072,0.250000,0.000000,0.889537,0.000000,0.000000,3.174847,0.000000
7.450000,0.500000,2.567520,0.250000,0.000000,0.904874,0.000000,0.000000,3.067368,0.000000
7.455000,0.500000,2.572044,0.250000,0.000000,0.919682,0.000000,0.000000,2.961780,0.000000
7.460000,0.500000,2.576643,0.250000,0.000000,0.933973,0.000000,0.000000,2.858059,0.000000
7.465000,0.500000,2.581313,0.250000,0.000000,0.947754,0.000000,0.000000,2.756182,0.000000
7.470000,0.500000,2.586051,0.250000,0.000000,0.961034,0.000000,0.000000,2.656126,0.000000
7.475000,0.500000,2.590857,0.250000,0.000000,0.973824,0.000000,0.000000,2.557867,0.000000
7.480000,0.500000,2.595726,0.250000,0.000000,0.986131,0.000000,0.000000,2.461385,0.000000
7.485000,0.500000,2.600656,0.250000,0.000000,0.997964,0.000000,0.000000,2.366656,0.000000
7.490000,0.500000,2.605646,0.250000,0.000000,1.009332,0.000000,0.000000,2.273657,0.000000
7.495000,0.500000,2.610693,0.250000,0.000000,1.020244,0.000000,0.000000,2.182368,0.000000
7.500000,0.500000,2.615794,0.250000,0.000000,1.030708,0.000000,0.000000,2.092765,0.000000
7.505000,0.500000,2.620948,0.250000,0.000000,1.040732,0.000000,0.000000,2.004828,0.000000
7.510000,0.500000,2.626151,0.250000,0.000000,1.050325,0.000000,0.000000,1.918535,0.000000
7.515000,0.500000,2.631403,0.250000,0.000000,1.059494,0.000000,0.000000,1.833864,0.000000
7.520000,0.500000,2.636700,0.250000,0.000000,1.068248,0.000000,0.000000,1.750794,0.000000
7.525000,0.500000,2.642042,0.250000,0.000000,1.076594,0.000000,0.000000,1.669305,0.000000
7.530000,0.500000,2.647425,0.250000,0.000000,1.084541,0.000000,0.000000,1.589375,0.000000
7.535000,0.500000,2.652847,0.250000,0.000000,1.092096,0.000000,0.000000,1.510984,0.000000
7.540000,0.500000,2.658308,0.250000,0.000000,1.099267,0.000000,0.000000,1.434111,0.000000
7.545000,0.500000,2.663804,0.250000,0.000000,1.106060,0.000000,0.000000,1.358737,0.000000
7.550000,0.500000,2.669334,0.250000,0.000000,1.112485,0.000000,0.000000,1.284841,0.000000
7.555000,0.500000,2.674897,0.250000,0.000000,1.118547,0.000000,0.000000,1.212403,0.000000
7.560000,0.500000,2.680490,0.250000,0.000000,1.124254,0.000000,0.000000,1.141403,0.000000
7.565000,0.500000,2.686111,0.250000,0.000000,1.129613,0.000000,0.000000,1.071822,0.000000
7.570000,0.500000,2.691759,0.250000,0.000000,1.134631,0.000000,0.000000,1.003641,0.000000
7.575000,0.500000,2.697432,0.250000,0.000000,1.139315,0.000000,0.000000,0.936841,0.000000
7.580000,0.500000,2.703129,0.250000,0.000000,1.143672,0.000000,0.000000,0.871402,0.000000
7.585000,0.500000,2.708847,0.250000,0.000000,1.147709,0.000000,0.000000,0.807305,0.000000
7.590000,0.500000,2.714586,0.250000,0.000000,1.151431,0.000000,0.000000,0.744532,0.000000
7.595000,0.500000,2.720343,0.250000,0.000000,1.154847,0.000000,0.000000,0.683065,0.000000
7.600000,0.500000,2.726117,0.250000,0.000000,1.157961,0.000000,0.000000,0.622885,0.000000
7.605000,0.500000,2.731907,0.250000,0.000000,1.160781,0.000000,0.000000,0.563973,0.000000
7.610000,0.500000,2.737711,0.250000,0.000000,1.163313,0.000000,0.000000,0.506313,0.000000
7.615000,0.500000,2.743527,0.250000,0.000000,1.165562,0.000000,0.000000,0.449886,0.000000
7.620000,0.500000,2.749355,0.250000,0.000000,1.167535,0.000000,0.000000,0.394675,0.000000
7.625000,0.500000,2.755193,0.250000,0.000000,1.169239,0.000000,0.000000,0.340662,0.000000
7.630000,0.500000,2.761039,0.250000,0.000000,1.170678,0.000000,0.000000,0.287830,0.000000
7.635000,0.500000,2.766892,0.250000,0.000000,1.171859,0.000000,0.000000,0.236161,0.000000
7.640000,0.500000,2.772752,0.250000,0.000000,1.172787,0.000000,0.000000,0.185640,0.000000
7.645000,0.500000,2.778616,0.250000,0.000000,1.173468,0.000000,0.000000,0.136249,0.000000
7.650000,0.500000,2.784483,0.250000,0.000000,1.173908,0.000000,0.000000,0.087971,0.000000
7.655000,0.500000,2.790352,0.250000,0.000000,1.174112,0.000000,0.000000,0.040791,0.000000
7.660000,0.500000,2.796223,0.250000,0.000000,1.174085,0.000000,0.000000,-0.005309,0.000000
7.665000,0.500000,2.802093,0.250000,0.000000,1.173834,0.000000,0.000000,-0.050343,0.000000
7.670000,0.500000,2.807963,0.250000,0.000000,1.173362,0.000000,0.000000,-0.094329,0.000000
7.675000,0.500000,2.813829,0.250000,0.000000,1.172676,0.000000,0.000000,-0.137281,0.000000
7.680000,0.500000,2.819693,0.250000,0.000000,1.171779,0.000000,0.000000,-0.179216,0.000000
7.685000,0.500000,2.825552,0.250000,0.000000,1.170679,0.000000,0.000000,-0.220149,0.000000
7.690000,0.500000,2.831405,0.250000,0.000000,1.169378,0.000000,0.000000,-0.260095,0.000000
7.695000,0.500000,2.837252,0.250000,0.000000,1.167883,0.000000,0.000000,-0.299069,0.000000
7.700000,0.500000,2.843091,0.250000,0.000000,1.166198,0.000000,0.000000,-0.337086,0.000000
7.705000,0.500000,2.848922,0.250000,0.000000,1.164327,0.000000,0.000000,-0.374160,0.000000
7.710000,0.500000,2.854744,0.250000,0.000000,1.162275,0.000000,0.000000,-0.410308,0.000000
7.715000,0.500000,2.860555,0.250000,0.000000,1.160047,0.000000,0.000000,-0.445542,0.000000
7.720000,0.500000,2.866356,0.250000,0.000000,1.157648,0.000000,0.000000,-0.479877,0.000000
7.725000,0.500000,2.872144,0.250000,0.000000,1.155081,0.000000,0.000000,-0.513328,0.000000
7.730000,0.500000,2.877919,0.250000,0.000000,1.152352,0.000000,0.000000,-0.545908,0.000000
7.735000,0.500000,2.883681,0.250000,0.000000,1.149464,0.000000,0.000000,-0.577632,0.000000
7.740000,0.500000,2.889428,0.250000,0.000000,1.146421,0.000000,0.000000,-0.608512,0.000000
7.745000,0.500000,2.895160,0.250000,0.000000,1.143228,0.000000,0.000000,-0.638563,0.000000
7.750000,0.500000,2.900877,0.250000,0.000000,1.139889,0.000000,0.000000,-0.667797,0.000000
7.755000,0.500000,2.906576,0.250000,0.000000,1.136408,0.000000,0.000000,-0.696228,0.000000
7.760000,0.500000,2.912258,0.250000,0.000000,1.132789,0.000000,0.000000,-0.723869,0.000000
7.765000,0.500000,2.917922,0.250000,0.000000,1.129035,0.000000,0.000000,-0.750733,0.000000
7.770000,0.500000,2.923567,0.250000,0.000000,1.125151,0.000000,0.000000,-0.776833,0.000000
7.775000,0.500000,2.929193,0.250000,0.000000,1.121140,0.000000,0.000000,-0.802181,0.000000
7.780000,0.500000,2.934799,0.250000,0.000000,1.117006,0.000000,0.000000,-0.826790,0.000000
7.785000,0.500000,2.940384,0.250000,0.000000,1.112753,0.000000,0.000000,-0.850672,0.000000
7.790000,0.500000,2.945947,0.250000,0.000000,1.108384,0.000000,0.000000,-0.873839,0.000000
7.795000,0.500000,2.951489,0.250000,0.000000,1.103902,0.000000,0.000000,-0.896304,0.000000
7.800000,0.500000,2.957009,0.250000,0.000000,1.099312,0.000000,0.000000,-0.918078,0.000000
7.805000,0.500000,2.962505,0.250000,0.000000,1.094616,0.000000,0.000000,-0.939173,0.000000
7.810000,0.500000,2.967978,0.250000,0.000000,1.089818,0.000000,0.000000,-0.959600,0.000000
7.815000,0.500000,2.973428,0.250000,0.000000,1.084921,0.000000,0.000000,-0.979372,0.000000
7.820000,0.500000,2.978852,0.250000,0.000000,1.079929,0.000000,0.000000,-0.998498,0.000000
7.825000,0.500000,2.984252,0.250000,0.000000,1.074844,0.000000,0.000000,-1.016992,0.000000
7.830000,0.500000,2.989626,0.250000,0.000000,1.069669,0.000000,0.000000,-1.034863,0.000000
7.835000,0.500000,2.994974,0.250000,0.000000,1.064409,0.000000,0.000000,-1.052123,0.000000
7.840000,0.500000,3.000296,0.250000,0.000000,1.059065,0.000000,0.000000,-1.068782,0.000000
7.845000,0.500000,3.005592,0.250000,0.000000,1.053640,0.000000,0.000000,-1.084851,0.000000
7.850000,0.500000,3.010860,0.250000,0.000000,1.048139,0.000000,0.000000,-1.100340,0.000000
7.855000,0.500000,3.016101,0.250000,0.000000,1.042562,0.000000,0.000000,-1.115261,0.000000
7.860000,0.500000,3.021313,0.250000,0.000000,1.036914,0.000000,0.000000,-1.129623,0.000000
7.865000,0.500000,3.026498,0.250000,0.000000,1.031197,0.000000,0.000000,-1.143436,0.000000
7.870000,0.500000,3.031654,0.250000,0.000000,1.025414,0.000000,0.000000,-1.156710,0.000000
7.875000,0.500000,3.036781,0.250000,0.000000,1.019566,0.000000,0.000000,-1.169456,0.000000
7.880000,0.500000,3.041879,0.250000,0.000000,1.013658,0.000000,0.000000,-1.181683,0.000000
7.885000,0.500000,3.046947,0.250000,0.000000,1.007691,0.000000,0.000000,-1.193400,0.000000
7.890000,0.500000,3.051986,0.250000,0.000000,1.001668,0.000000,0.000000,-1.204617,0.000000
7.895000,0.500000,3.056994,0.250000,0.000000,0.995591,0.000000,0.000000,-1.215344,0.000000
7.900000,0.500000,3.061972,0.250000,0.000000,0.989463,0.000000,0.000000,-1.225590,0.000000
7.905000,0.500000,3.066919,0.250000,0.000000,0.983286,0.000000,0.000000,-1.235363,0.000000
7.910000,0.500000,3.071836,0.250000,0.000000,0.977063,0.000000,0.000000,-1.244673,0.000000
7.915000,0.500000,3.076721,0.250000,0.000000,0.970795,0.000000,0.000000,-1.253529,0.000000
7.920000,0.500000,3.081575,0.250000,0.000000,0.964486,0.000000,0.000000,-1.261940,0.000000
7.925000,0.500000,3.086397,0.250000,0.000000,0.958136,0.000000,0.000000,-1.269914,0.000000
7.930000,0.500000,3.091188,0.250000,0.000000,0.951749,0.000000,0.000000,-1.277460,0.000000
7.935000,0.500000,3.095947,0.250000,0.000000,0.945326,0.000000,0.000000,-1.284586,0.000000
7.940000,0.500000,3.100673,0.250000,0.000000,0.938869,0.000000,0.000000,-1.291300,0.000000
7.945000,0.500000,3.105368,0.250000,0.000000,0.932381,0.000000,0.000000,-1.297611,0.000000
7.950000,0.500000,3.110030,0.250000,0.000000,0.925864,0.000000,0.000000,-1.303527,0.000000
7.955000,0.500000,3.114659,0.250000,0.000000,0.919318,0.000000,0.000000,-1.309056,0.000000
7.960000,0.500000,3.119256,0.250000,0.000000,0.912747,0.000000,0.000000,-1.314205,0.000000
7.965000,0.500000,3.123819,0.250000,0.000000,0.906152,0.000000,0.000000,-1.318983,0.000000
7.970000,0.500000,3.128350,0.250000,0.000000,0.899535,0.000000,0.000000,-1.323397,0.000000
7.975000,0.500000,3.132848,0.250000,0.000000,0.892898,0.000000,0.000000,-1.327455,0.000000
7.980000,0.500000,3.137312,0.250000,0.000000,0.886242,0.000000,0.000000,-1.331163,0.000000
7.985000,0.500000,3.141744,0.250000,0.000000,0.879570,0.000000,0.000000,-1.334530,0.000000
7.990000,0.500000,3.146141,0.250000,0.000000,0.872882,0.000000,0.000000,-1.337563,0.000000
7.995000,0.500000,3.150506,0.250000,0.000000,0.866181,0.000000,0.000000,-1.340269,0.000000
8.000000,0.500000,3.154837,0.250000,0.000000,0.859467,0.000000,0.000000,-1.342654,0.000000
8.005000,0.500000,3.159134,0.250000,0.000000,0.852744,0.000000,0.000000,-1.344726,0.000000
8.010000,0.500000,3.163398,0.250000,0.000000,0.846011,0.000000,0.000000,-1.346492,0.000000
8.015000,0.500000,3.167628,0.250000,0.000000,0.839271,0.000000,0.000000,-1.347958,0.000000
8.020000,0.500000,3.171824,0.250000,0.000000,0.832526,0.000000,0.000000,-1.349131,0.000000
8.025000,0.500000,3.175987,0.250000,0.000000,0.825776,0.000000,0.000000,-1.350017,0.000000
8.030000,0.500000,3.180116,0.250000,0.000000,0.819023,0.000000,0.000000,-1.350624,0.000000
8.035000,0.500000,3.184211,0.250000,0.000000,0.812268,0.000000,0.000000,-1.350956,0.000000
8.040000,0.500000,3.188272,0.250000,0.000000,0.805513,0.000000,0.000000,-1.351021,0.000000
8.045000,0.500000,3.192300,0.250000,0.000000,0.798759,0.000000,0.000000,-1.350825,0.000000
8.050000,0.500000,3.196293,0.250000,0.000000,0.792007,0.000000,0.000000,-1.350374,0.000000
8.055000,0.500000,3.200254,0.250000,0.000000,0.785258,0.000000,0.000000,-1.349673,0.000000
8.060000,0.500000,3.204180,0.250000,0.000000,0.778515,0.000000,0.000000,-1.348729,0.000000
8.065000,0.500000,3.208072,0.250000,0.000000,0.771777,0.000000,0.000000,-1.347547,0.000000
8.070000,0.500000,3.211931,0.250000,0.000000,0.765046,0.000000,0.000000,-1.346134,0.000000
8.075000,0.500000,3.215756,0.250000,0.000000,0.758324,0.000000,0.000000,-1.344494,0.000000
8.080000,0.500000,3.219548,0.250000,0.000000,0.751611,0.000000,0.000000,-1.342634,0.000000
8.085000,0.500000,3.223306,0.250000,0.000000,0.744908,0.000000,0.000000,-1.340558,0.000000
8.090000,0.500000,3.227031,0.250000,0.000000,0.738216,0.000000,0.000000,-1.338272,0.000000
8.095000,0.500000,3.230722,0.250000,0.000000,0.731538,0.000000,0.000000,-1.335782,0.000000
8.100000,0.500000,3.234379,0.250000,0.000000,0.724872,0.000000,0.000000,-1.333092,0.000000
8.105000,0.500000,3.238004,0.250000,0.000000,0.718221,0.000000,0.000000,-1.330208,0.000000
8.110000,0.500000,3.241595,0.250000,0.000000,0.711585,0.000000,0.000000,-1.327135,0.000000
8.115000,0.500000,3.245153,0.250000,0.000000,0.704966,0.000000,0.000000,-1.323878,0.000000
8.120000,0.500000,3.248678,0.250000,0.000000,0.698364,0.000000,0.000000,-1.320441,0.000000
8.125000,0.500000,3.252170,0.250000,0.000000,0.691780,0.000000,0.000000,-1.316829,0.000000
8.130000,0.500000,3.255628,0.250000,0.000000,0.685214,0.000000,0.000000,-1.313048,0.000000
8.135000,0.500000,3.259054,0.250000,0.000000,0.678669,0.000000,0.000000,-1.309101,0.000000
8.140000,0.500000,3.262448,0.250000,0.000000,0.672144,0.000000,0.000000,-1.304994,0.000000
8.145000,0.500000,3.265809,0.250000,0.000000,0.665640,0.000000,0.000000,-1.300730,0.000000
8.150000,0.500000,3.269137,0.250000,0.000000,0.659159,0.000000,0.000000,-1.296315,0.000000
8.155000,0.500000,3.272433,0.250000,0.000000,0.652700,0.000000,0.000000,-1.291752,0.000000
8.160000,0.500000,3.275696,0.250000,0.000000,0.646265,0.000000,0.000000,-1.287046,0.000000
8.165000,0.500000,3.278927,0.250000,0.000000,0.639854,0.000000,0.000000,-1.282201,0.000000
8.170000,0.500000,3.282127,0.250000,0.000000,0.633468,0.000000,0.000000,-1.277222,0.000000
8.175000,0.500000,3.285294,0.250000,0.000000,0.627107,0.000000,0.000000,-1.272112,0.000000
8.180000,0.500000,3.288430,0.250000,0.000000,0.620773,0.000000,0.000000,-1.266875,0.000000
8.185000,0.500000,3.291533,0.250000,0.000000,0.614465,0.000000,0.000000,-1.261515,0.000000
8.190000,0.500000,3.294606,0.250000,0.000000,0.608185,0.000000,0.000000,-1.256036,0.000000
8.195000,0.500000,3.297647,0.250000,0.000000,0.601933,0.000000,0.000000,-1.250443,0.000000
8.200000,0.500000,3.300656,0.250000,0.000000,0.595709,0.000000,0.000000,-1.244738,0.000000
8.205000,0.500000,3.303635,0.250000,0.000000,0.589514,0.000000,0.000000,-1.238925,0.000000
8.210000,0.500000,3.306582,0.250000,0.000000,0.583349,0.000000,0.000000,-1.233008,0.000000
8.215000,0.500000,3.309499,0.250000,0.000000,0.577214,0.000000,0.000000,-1.226990,0.000000
8.220000,0.500000,3.312385,0.250000,0.000000,0.571110,0.000000,0.000000,-1.220876,0.000000
8.225000,0.500000,3.315241,0.250000,0.000000,0.565037,0.000000,0.000000,-1.214667,0.000000
8.230000,0.500000,3.318066,0.250000,0.000000,0.558995,0.000000,0.000000,-1.208369,0.000000
8.235000,0.500000,3.320861,0.250000,0.000000,0.552985,0.000000,0.000000,-1.201983,0.000000
8.240000,0.500000,3.323626,0.250000,0.000000,0.547007,0.000000,0.000000,-1.195514,0.000000
8.245000,0.500000,3.326361,0.250000,0.000000,0.541063,0.000000,0.000000,-1.188964,0.000000
8.250000,0.500000,3.329066,0.250000,0.000000,0.535151,0.000000,0.000000,-1.182336,0.000000
8.255000,0.500000,3.331742,0.250000,0.000000,0.529273,0.000000,0.000000,-1.175634,0.000000
8.260000,0.500000,3.334388,0.250000,0.000000,0.523428,0.000000,0.000000,-1.168861,0.000000
8.265000,0.500000,3.337005,0.250000,0.000000,0.517618,0.000000,0.000000,-1.162019,0.000000
8.270000,0.500000,3.339594,0.250000,0.000000,0.511843,0.000000,0.000000,-1.155112,0.000000
8.275000,0.500000,3.342153,0.250000,0.000000,0.506102,0.000000,0.000000,-1.148141,0.000000
8.280000,0.500000,3.344683,0.250000,0.000000,0.500396,0.000000,0.000000,-1.141111,0.000000
8.285000,0.500000,3.347185,0.250000,0.000000,0.494726,0.000000,0.000000,-1.134024,0.000000
8.290000,0.500000,3.349659,0.250000,0.000000,0.489092,0.000000,0.000000,-1.126882,0.000000
8.295000,0.500000,3.352104,0.250000,0.000000,0.483493,0.000000,0.000000,-1.119688,0.000000
8.300000,0.500000,3.354522,0.250000,0.000000,0.477931,0.000000,0.000000,-1.112445,0.000000
8.305000,0.500000,3.356911,0.250000,0.000000,0.472405,0.000000,0.000000,-1.105156,0.000000
8.310000,0.500000,3.359273,0.250000,0.000000,0.466916,0.000000,0.000000,-1.097821,0.000000
8.315000,0.500000,3.361608,0.250000,0.000000,0.461464,0.000000,0.000000,-1.090445,0.000000
8.320000,0.500000,3.363915,0.250000,0.000000,0.456049,0.000000,0.000000,-1.083030,0.000000
8.325000,0.500000,3.366196,0.250000,0.000000,0.450671,0.000000,0.000000,-1.075577,0.000000
8.330000,0.500000,3.368449,0.250000,0.000000,0.445331,0.000000,0.000000,-1.068090,0.000000
8.335000,0.500000,3.370676,0.250000,0.000000,0.440028,0.000000,0.000000,-1.060570,0.000000
8.340000,0.500000,3.372876,0.250000,0.000000,0.434763,0.000000,0.000000,-1.053019,0.000000
8.345000,0.500000,3.375050,0.250000,0.000000,0.429536,0.000000,0.000000,-1.045440,0.000000
8.350000,0.500000,3.377197,0.250000,0.000000,0.424346,0.000000,0.000000,-1.037835,0.000000
8.355000,0.500000,3.379319,0.250000,0.000000,0.419195,0.000000,0.000000,-1.030206,0.000000
8.360000,0.500000,3.381415,0.250000,0.000000,0.414083,0.000000,0.000000,-1.022555,0.000000
8.365000,0.500000,3.383485,0.250000,0.000000,0.409008,0.000000,0.000000,-1.014884,0.000000
8.370000,0.500000,3.385530,0.250000,0.000000,0.403972,0.000000,0.000000,-1.007195,0.000000
8.375000,0.500000,3.387550,0.250000,0.000000,0.398975,0.000000,0.000000,-0.999489,0.000000
8.380000,0.500000,3.389545,0.250000,0.000000,0.394016,0.000000,0.000000,-0.991769,0.000000
8.385000,0.500000,3.391515,0.250000,0.000000,0.389096,0.000000,0.000000,-0.984037,0.000000
8.390000,0.500000,3.393461,0.250000,0.000000,0.384214,0.000000,0.000000,-0.976293,0.000000
8.395000,0.500000,3.395382,0.250000,0.000000,0.379371,0.000000,0.000000,-0.968541,0.000000
8.400000,0.500000,3.397279,0.250000,0.000000,0.374568,0.000000,0.000000,-0.960781,0.000000
8.405000,0.500000,3.399152,0.250000,0.000000,0.369802,0.000000,0.000000,-0.953016,0.000000
8.410000,0.500000,3.401001,0.250000,0.000000,0.365076,0.000000,0.000000,-0.945246,0.000000
8.415000,0.500000,3.402826,0.250000,0.000000,0.360389,0.000000,0.000000,-0.937474,0.000000
8.420000,0.500000,3.404628,0.250000,0.000000,0.355740,0.000000,0.000000,-0.929701,0.000000
8.425000,0.500000,3.406407,0.250000,0.000000,0.351131,0.000000,0.000000,-0.921929,0.000000
8.430000,0.500000,3.408162,0.250000,0.000000,0.346560,0.000000,0.000000,-0.914159,0.000000
8.435000,0.500000,3.409895,0.250000,0.000000,0.342028,0.000000,0.000000,-0.906392,0.000000
8.440000,0.500000,3.411605,0.250000,0.000000,0.337535,0.000000,0.000000,-0.898630,0.000000
8.445000,0.500000,3.413293,0.250000,0.000000,0.333080,0.000000,0.000000,-0.890875,0.000000
8.450000,0.500000,3.414958,0.250000,0.000000,0.328665,0.000000,0.000000,-0.883127,0.000000
8.455000,0.500000,3.416602,0.250000,0.000000,0.324288,0.000000,0.000000,-0.875388,0.000000
8.460000,0.500000,3.418223,0.250000,0.000000,0.319950,0.000000,0.000000,-0.867659,0.000000
8.465000,0.500000,3.419823,0.250000,0.000000,0.315650,0.000000,0.000000,-0.859942,0.000000
8.470000,0.500000,3.421401,0.250000,0.000000,0.311389,0.000000,0.000000,-0.852238,0.000000
8.475000,0.500000,3.422958,0.250000,0.000000,0.307166,0.000000,0.000000,-0.844547,0.000000
8.480000,0.500000,3.424494,0.250000,0.000000,0.302982,0.000000,0.000000,-0.836872,0.000000
8.485000,0.500000,3.426009,0.250000,0.000000,0.298836,0.000000,0.000000,-0.829212,0.000000
8.490000,0.500000,3.427503,0.250000,0.000000,0.294728,0.000000,0.000000,-0.821570,0.000000
8.495000,0.500000,3.428976,0.250000,0.000000,0.290658,0.000000,0.000000,-0.813947,0.000000
8.500000,0.500000,3.430430,0.250000,0.000000,0.286626,0.000000,0.000000,-0.806343,0.000000
8.505000,0.500000,3.431863,0.250000,0.000000,0.282632,0.000000,0.000000,-0.798759,0.000000
8.510000,0.500000,3.433276,0.250000,0.000000,0.278676,0.000000,0.000000,-0.791196,0.000000
8.515000,0.500000,3.434669,0.250000,0.000000,0.274758,0.000000,0.000000,-0.783656,0.000000
8.520000,0.500000,3.436043,0.250000,0.000000,0.270877,0.000000,0.000000,-0.776140,0.000000
8.525000,0.500000,3.437398,0.250000,0.000000,0.267034,0.000000,0.000000,-0.768647,0.000000
8.530000,0.500000,3.438733,0.250000,0.000000,0.263228,0.000000,0.000000,-0.761180,0.000000
8.535000,0.500000,3.440049,0.250000,0.000000,0.259460,0.000000,0.000000,-0.753738,0.000000
8.540000,0.500000,3.441346,0.250000,0.000000,0.255728,0.000000,0.000000,-0.746323,0.000000
8.545000,0.500000,3.442625,0.250000,0.000000,0.252033,0.000000,0.000000,-0.738936,0.000000
8.550000,0.500000,3.443885,0.250000,0.000000,0.248375,0.000000,0.000000,-0.731577,0.000000
8.555000,0.500000,3.445127,0.250000,0.000000,0.244754,0.000000,0.000000,-0.724248,0.000000
8.560000,0.500000,3.446351,0.250000,0.000000,0.241170,0.000000,0.000000,-0.716948,0.000000
8.565000,0.500000,3.447557,0.250000,0.000000,0.237621,0.000000,0.000000,-0.709679,0.000000
8.570000,0.500000,3.448745,0.250000,0.000000,0.234109,0.000000,0.000000,-0.702441,0.000000
8.575000,0.500000,3.449915,0.250000,0.000000,0.230633,0.000000,0.000000,-0.695235,0.000000
8.580000,0.500000,3.451068,0.250000,0.000000,0.227192,0.000000,0.000000,-0.688061,0.000000
8.585000,0.500000,3.452204,0.250000,0.000000,0.223788,0.000000,0.000000,-0.680921,0.000000
8.590000,0.500000,3.453323,0.250000,0.000000,0.220419,0.000000,0.000000,-0.673815,0.000000
8.595000,0.500000,3.454425,0.250000,0.000000,0.217085,0.000000,0.000000,-0.666743,0.000000
8.600000,0.500000,3.455511,0.250000,0.000000,0.213786,0.000000,0.000000,-0.659706,0.000000
8.605000,0.500000,3.456580,0.250000,0.000000,0.210523,0.000000,0.000000,-0.652705,0.000000
8.610000,0.500000,3.457632,0.250000,0.000000,0.207294,0.000000,0.000000,-0.645739,0.000000
8.615000,0.500000,3.458669,0.250000,0.000000,0.204100,0.000000,0.000000,-0.638810,0.000000
8.620000,0.500000,3.459689,0.250000,0.000000,0.200941,0.000000,0.000000,-0.631919,0.000000
8.625000,0.500000,3.460694,0.250000,0.000000,0.197815,0.000000,0.000000,-0.625064,0.000000
8.630000,0.500000,3.461683,0.250000,0.000000,0.194724,0.000000,0.000000,-0.618248,0.000000
8.635000,0.500000,3.462657,0.250000,0.000000,0.191667,0.000000,0.000000,-0.611470,0.000000
8.640000,0.500000,3.463615,0.250000,0.000000,0.188643,0.000000,0.000000,-0.604731,0.000000
8.645000,0.500000,3.464558,0.250000,0.000000,0.185653,0.000000,0.000000,-0.598031,0.000000
8.650000,0.500000,3.465486,0.250000,0.000000,0.182696,0.000000,0.000000,-0.591371,0.000000
8.655000,0.500000,3.466400,0.250000,0.000000,0.179772,0.000000,0.000000,-0.584751,0.000000
8.660000,0.500000,3.467299,0.250000,0.000000,0.176881,0.000000,0.000000,-0.578171,0.000000
8.665000,0.500000,3.468183,0.250000,0.000000,0.174023,0.000000,0.000000,-0.571632,0.000000
8.670000,0.500000,3.469053,0.250000,0.000000,0.171198,0.000000,0.000000,-0.565133,0.000000
8.675000,0.500000,3.469909,0.250000,0.000000,0.168404,0.000000,0.000000,-0.558676,0.000000
8.680000,0.500000,3.470751,0.250000,0.000000,0.165643,0.000000,0.000000,-0.552261,0.000000
8.685000,0.500000,3.471580,0.250000,0.000000,0.162913,0.000000,0.000000,-0.545887,0.000000
8.690000,0.500000,3.472394,0.250000,0.000000,0.160216,0.000000,0.000000,-0.539556,0.000000
8.695000,0.500000,3.473195,0.250000,0.000000,0.157549,0.000000,0.000000,-0.533267,0.000000
8.700000,0.500000,3.473983,0.250000,0.000000,0.154914,0.000000,0.000000,-0.527020,0.000000
8.705000,0.500000,3.474758,0.250000,0.000000,0.152310,0.000000,0.000000,-0.520816,0.000000
8.710000,0.500000,3.475519,0.250000,0.000000,0.149737,0.000000,0.000000,-0.514656,0.000000
8.715000,0.500000,3.476268,0.250000,0.000000,0.147194,0.000000,0.000000,-0.508538,0.000000
8.720000,0.500000,3.477004,0.250000,0.000000,0.144682,0.000000,0.000000,-0.502464,0.000000
8.725000,0.500000,3.477727,0.250000,0.000000,0.142200,0.000000,0.000000,-0.496433,0.000000
8.730000,0.500000,3.478438,0.250000,0.000000,0.139748,0.000000,0.000000,-0.490446,0.000000
8.735000,0.500000,3.479137,0.250000,0.000000,0.137325,0.000000,0.000000,-0.484503,0.000000
8.740000,0.500000,3.479824,0.250000,0.000000,0.134932,0.000000,0.000000,-0.478604,0.000000
8.745000,0.500000,3.480498,0.250000,0.000000,0.132568,0.000000,0.000000,-0.472749,0.000000
13.115000,0.500000,3.481161,0.250000,0.038462,0.130234,0.000000,7.692308,-0.466938,0.000000
13.120000,0.500192,3.481812,0.250000,0.076028,0.127928,0.000000,7.513314,-0.461172,0.000000
13.125000,0.500572,3.482452,0.250000,0.112713,0.125650,0.000000,7.337005,-0.455450,0.000000
13.130000,0.501136,3.483080,0.250000,0.148530,0.123402,0.000000,7.163355,-0.449772,0.000000
13.135000,0.501879,3.483697,0.250000,0.183492,0.121181,0.000000,6.992334,-0.444139,0.000000
13.140000,0.502796,3.484303,0.250000,0.217611,0.118988,0.000000,6.823915,-0.438550,0.000000
13.145000,0.503884,3.484898,0.250000,0.250902,0.116823,0.000000,6.658070,-0.433006,0.000000
13.150000,0.505139,3.485482,0.250000,0.283375,0.114686,0.000000,6.494772,-0.427507,0.000000
13.155000,0.506556,3.486055,0.250000,0.315045,0.112575,0.000000,6.333994,-0.422052,0.000000
13.160000,0.508131,3.486618,0.250000,0.345924,0.110492,0.000000,6.175708,-0.416643,0.000000
13.165000,0.509860,3.487171,0.250000,0.376023,0.108436,0.000000,6.019887,-0.411278,0.000000
13.170000,0.511741,3.487713,0.250000,0.405356,0.106406,0.000000,5.866504,-0.405957,0.000000
13.175000,0.513767,3.488245,0.250000,0.433933,0.104403,0.000000,5.715532,-0.400681,0.000000
13.180000,0.515937,3.488767,0.250000,0.461768,0.102425,0.000000,5.566946,-0.395450,0.000000
13.185000,0.518246,3.489279,0.250000,0.488872,0.100474,0.000000,5.420717,-0.390264,0.000000
13.190000,0.520690,3.489782,0.250000,0.515256,0.098548,0.000000,5.276821,-0.385122,0.000000
13.195000,0.523266,3.490274,0.250000,0.540932,0.096648,0.000000,5.135231,-0.380025,0.000000
13.200000,0.525971,3.490758,0.250000,0.565912,0.094773,0.000000,4.995920,-0.374973,0.000000
13.205000,0.528801,3.491231,0.250000,0.590206,0.092924,0.000000,4.858864,-0.369965,0.000000
13.210000,0.531752,3.491696,0.250000,0.613826,0.091099,0.000000,4.724036,-0.365001,0.000000
13.215000,0.534821,3.492151,0.250000,0.636783,0.089298,0.000000,4.591411,-0.360082,0.000000
13.220000,0.538005,3.492598,0.250000,0.659088,0.087522,0.000000,4.460964,-0.355207,0.000000
13.225000,0.541300,3.493036,0.250000,0.680751,0.085770,0.000000,4.332669,-0.350376,0.000000
13.230000,0.544704,3.493464,0.250000,0.701784,0.084042,0.000000,4.206502,-0.345589,0.000000
13.235000,0.548213,3.493885,0.250000,0.722196,0.082338,0.000000,4.082437,-0.340846,0.000000
13.240000,0.551824,3.494296,0.250000,0.741998,0.080657,0.000000,3.960450,-0.336147,0.000000
13.245000,0.555534,3.494700,0.250000,0.761201,0.079000,0.000000,3.840517,-0.331492,0.000000
13.250000,0.559340,3.495095,0.250000,0.779814,0.077365,0.000000,3.722612,-0.326881,0.000000
13.255000,0.563239,3.495481,0.250000,0.797848,0.075754,0.000000,3.606713,-0.322313,0.000000
13.260000,0.567228,3.495860,0.250000,0.815312,0.074165,0.000000,3.492795,-0.317789,0.000000
13.265000,0.571305,3.496231,0.250000,0.832216,0.072598,0.000000,3.380834,-0.313308,0.000000
13.270000,0.575466,3.496594,0.250000,0.848570,0.071054,0.000000,3.270806,-0.308870,0.000000
13.275000,0.579709,3.496949,0.250000,0.864383,0.069532,0.000000,3.162689,-0.304475,0.000000
13.280000,0.584031,3.497297,0.250000,0.879665,0.068031,0.000000,3.056458,-0.300123,0.000000
13.285000,0.588429,3.497637,0.250000,0.894426,0.066552,0.000000,2.952091,-0.295813,0.000000
13.290000,0.592901,3.497970,0.250000,0.908674,0.065094,0.000000,2.849565,-0.291547,0.000000
13.295000,0.597444,3.498295,0.250000,0.922418,0.063658,0.000000,2.748857,-0.287322,0.000000
13.300000,0.602056,3.498614,0.250000,0.935668,0.062242,0.000000,2.649944,-0.283140,0.000000
13.305000,0.606735,3.498925,0.250000,0.948432,0.060847,0.000000,2.552804,-0.279000,0.000000
13.310000,0.611477,3.499229,0.250000,0.960719,0.059472,0.000000,2.457415,-0.274902,0.000000
13.315000,0.616281,3.499526,0.250000,0.972538,0.058118,0.000000,2.363755,-0.270845,0.000000
13.320000,0.621143,3.499817,0.250000,0.983897,0.056784,0.000000,2.271801,-0.266830,0.000000
13.325000,0.626063,3.500101,0.250000,0.994804,0.055470,0.000000,2.181533,-0.262857,0.000000
13.330000,0.631037,3.500378,0.250000,1.005269,0.054175,0.000000,2.092928,-0.258924,0.000000
13.335000,0.636063,3.500649,0.250000,1.015299,0.052900,0.000000,2.005966,-0.255033,0.000000
13.340000,0.641140,3.500914,0.250000,1.024902,0.051644,0.000000,1.920624,-0.251182,0.000000
13.345000,0.646264,3.501172,0.250000,1.034086,0.050407,0.000000,1.836883,-0.247372,0.000000
13.350000,0.651435,3.501424,0.250000,1.042860,0.049189,0.000000,1.754721,-0.243602,0.000000
13.355000,0.656649,3.501670,0.250000,1.051230,0.047990,0.000000,1.674117,-0.239872,0.000000
13.360000,0.661905,3.501910,0.250000,1.059206,0.046809,0.000000,1.595052,-0.236183,0.000000
13.365000,0.667201,3.502144,0.250000,1.066793,0.045646,0.000000,1.517504,-0.232533,0.000000
13.370000,0.672535,3.502372,0.250000,1.074001,0.044502,0.000000,1.441454,-0.228922,0.000000
13.375000,0.677905,3.502595,0.250000,1.080835,0.043375,0.000000,1.366882,-0.225351,0.000000
13.380000,0.683309,3.502812,0.250000,1.087304,0.042266,0.000000,1.293768,-0.221819,0.000000
13.385000,0.688746,3.503023,0.250000,1.093414,0.041174,0.000000,1.222093,-0.218325,0.000000
13.390000,0.694213,3.503229,0.250000,1.099173,0.040100,0.000000,1.151836,-0.214871,0.000000
13.395000,0.699709,3.503429,0.250000,1.104588,0.039043,0.000000,1.082980,-0.211454,0.000000
13.400000,0.705232,3.503624,0.250000,1.109666,0.038002,0.000000,1.015504,-0.208076,0.000000
13.405000,0.710780,3.503814,0.250000,1.114413,0.036978,0.000000,0.949389,-0.204736,0.000000
13.410000,0.716352,3.503999,0.250000,1.118836,0.035971,0.000000,0.884618,-0.201434,0.000000
13.415000,0.721946,3.504179,0.250000,1.122942,0.034980,0.000000,0.821172,-0.198169,0.000000
13.420000,0.727561,3.504354,0.250000,1.126737,0.034006,0.000000,0.759032,-0.194941,0.000000
13.425000,0.733195,3.504524,0.250000,1.130228,0.033047,0.000000,0.698180,-0.191750,0.000000
13.430000,0.738846,3.504689,0.250000,1.133421,0.032104,0.000000,0.638597,-0.188596,0.000000
13.435000,0.744513,3.504850,0.250000,1.136322,0.031177,0.000000,0.580267,-0.185479,0.000000
13.440000,0.750194,3.505006,0.250000,1.138938,0.030265,0.000000,0.523172,-0.182398,0.000000
13.445000,0.755889,3.505157,0.250000,1.141274,0.029368,0.000000,0.467293,-0.179353,0.000000
13.450000,0.761595,3.505304,0.250000,1.143338,0.028486,0.000000,0.412615,-0.176343,0.000000
13.455000,0.767312,3.505446,0.250000,1.145133,0.027619,0.000000,0.359118,-0.173369,0.000000
13.460000,0.773038,3.505584,0.250000,1.146667,0.026767,0.000000,0.306787,-0.170431,0.000000
13.465000,0.778771,3.505718,0.250000,1.147945,0.025930,0.000000,0.255605,-0.167527,0.000000
13.470000,0.784511,3.505848,0.250000,1.148973,0.025106,0.000000,0.205555,-0.164659,0.000000
13.475000,0.790256,3.505973,0.250000,1.149756,0.024297,0.000000,0.156620,-0.161824,0.000000
13.480000,0.796004,3.506095,0.250000,1.150300,0.023502,0.000000,0.108784,-0.159025,0.000000
13.485000,0.801756,3.506212,0.250000,1.150610,0.022721,0.000000,0.062031,-0.156259,0.000000
13.490000,0.807509,3.506326,0.250000,1.150692,0.021953,0.000000,0.016346,-0.153527,0.000000
13.495000,0.813262,3.506436,0.250000,1.150550,0.021199,0.000000,-0.028289,-0.150828,0.000000
13.500000,0.819015,3.506542,0.250000,1.150191,0.020458,0.000000,-0.071888,-0.148163,0.000000
13.505000,0.824766,3.506644,0.250000,1.149619,0.019730,0.000000,-0.114467,-0.145530,0.000000
13.510000,0.830514,3.506743,0.250000,1.148838,0.019016,0.000000,-0.156042,-0.142931,0.000000
13.515000,0.836258,3.506838,0.250000,1.147855,0.018314,0.000000,-0.196627,-0.140364,0.000000
13.520000,0.841998,3.506929,0.250000,1.146674,0.017625,0.000000,-0.236238,-0.137829,0.000000
13.525000,0.847731,3.507018,0.250000,1.145300,0.016948,0.000000,-0.274889,-0.135326,0.000000
13.530000,0.853458,3.507102,0.250000,1.143737,0.016284,0.000000,-0.312595,-0.132855,0.000000
13.535000,0.859176,3.507184,0.250000,1.141990,0.015632,0.000000,-0.349371,-0.130416,0.000000
13.540000,0.864886,3.507262,0.250000,1.140064,0.014992,0.000000,-0.385232,-0.128007,0.000000
13.545000,0.870587,3.507337,0.250000,1.137963,0.014364,0.000000,-0.420190,-0.125630,0.000000
13.550000,0.876276,3.507409,0.250000,1.135691,0.013747,0.000000,-0.454261,-0.123283,0.000000
13.555000,0.881955,3.507477,0.250000,1.133254,0.013142,0.000000,-0.487459,-0.120967,0.000000
13.560000,0.887621,3.507543,0.250000,1.130655,0.012549,0.000000,-0.519796,-0.118681,0.000000
13.565000,0.893274,3.507606,0.250000,1.127899,0.011967,0.000000,-0.551288,-0.116425,0.000000
13.570000,0.898914,3.507666,0.250000,1.124989,0.011396,0.000000,-0.581947,-0.114198,0.000000
13.575000,0.904539,3.507723,0.250000,1.121930,0.010836,0.000000,-0.611786,-0.112001,0.000000
13.580000,0.910148,3.507777,0.250000,1.118726,0.010287,0.000000,-0.640819,-0.109833,0.000000
13.585000,0.915742,3.507828,0.250000,1.115381,0.009748,0.000000,-0.669059,-0.107694,0.000000
13.590000,0.921319,3.507877,0.250000,1.111898,0.009220,0.000000,-0.696518,-0.105584,0.000000
13.595000,0.926879,3.507923,0.250000,1.108282,0.008703,0.000000,-0.723210,-0.103502,0.000000
13.600000,0.932420,3.507967,0.250000,1.104536,0.008196,0.000000,-0.749147,-0.101448,0.000000
13.605000,0.937943,3.508008,0.250000,1.100664,0.007698,0.000000,-0.774341,-0.099422,0.000000
13.610000,0.943446,3.508046,0.250000,1.096670,0.007211,0.000000,-0.798805,-0.097424,0.000000
13.615000,0.948929,3.508082,0.250000,1.092558,0.006734,0.000000,-0.822550,-0.095453,0.000000
13.620000,0.954392,3.508116,0.250000,1.088330,0.006267,0.000000,-0.845590,-0.093509,0.000000
13.625000,0.959834,3.508147,0.250000,1.083990,0.005809,0.000000,-0.867935,-0.091593,0.000000
13.630000,0.965254,3.508176,0.250000,1.079542,0.005360,0.000000,-0.889598,-0.089702,0.000000
13.635000,0.970651,3.508203,0.250000,1.074989,0.004921,0.000000,-0.910589,-0.087838,0.000000
13.640000,0.976026,3.508228,0.250000,1.070335,0.004491,0.000000,-0.930922,-0.086001,0.000000
13.645000,0.981378,3.508250,0.250000,1.065582,0.004070,0.000000,-0.950605,-0.084189,0.000000
13.650000,0.986706,3.508270,0.250000,1.060733,0.003658,0.000000,-0.969652,-0.082402,0.000000
13.655000,0.992010,3.508289,0.250000,1.055793,0.003255,0.000000,-0.988073,-0.080642,0.000000
13.660000,0.997289,3.508305,0.250000,1.050763,0.002860,0.000000,-1.005879,-0.078906,0.000000
13.665000,1.002542,3.508319,0.250000,1.045648,0.002474,0.000000,-1.023080,-0.077195,0.000000
13.670000,1.007771,3.508332,0.250000,1.040450,0.002097,0.000000,-1.039688,-0.075509,0.000000
13.675000,1.012973,3.508342,0.250000,1.035171,0.001727,0.000000,-1.055712,-0.073847,0.000000
13.680000,1.018149,3.508351,0.250000,1.029815,0.001366,0.000000,-1.071164,-0.072209,0.000000
13.685000,1.023298,3.508358,0.250000,1.024385,0.001013,0.000000,-1.086053,-0.070595,0.000000
13.690000,1.028420,3.508363,0.250000,1.018883,0.000668,0.000000,-1.100390,-0.069005,0.000000
13.695000,1.033514,3.508366,0.250000,1.013312,0.000331,0.000000,-1.114184,-0.067438,0.000000
13.700000,1.038581,3.508368,0.250000,1.007675,0.000002,0.000000,-1.127446,-0.065895,0.000000
13.705000,1.043619,3.508368,0.250000,1.001974,-0.000320,0.000000,-1.140184,-0.064374,0.000000
13.710000,1.048629,3.508366,0.250000,0.996212,-0.000635,0.000000,-1.152410,-0.062876,0.000000
13.715000,1.053610,3.508363,0.250000,0.990391,-0.000942,0.000000,-1.164132,-0.061401,0.000000
13.720000,1.058562,3.508358,0.250000,0.984514,-0.001241,0.000000,-1.175359,-0.059948,0.000000
13.725000,1.063484,3.508352,0.250000,0.978584,-0.001534,0.000000,-1.186101,-0.058517,0.000000
13.730000,1.068377,3.508344,0.250000,0.972602,-0.001819,0.000000,-1.196368,-0.057107,0.000000
13.735000,1.073240,3.508335,0.250000,0.966571,-0.002098,0.000000,-1.206167,-0.055719,0.000000
13.740000,1.078073,3.508325,0.250000,0.960494,-0.002370,0.000000,-1.215508,-0.054353,0.000000
13.745000,1.082876,3.508313,0.250000,0.954372,-0.002635,0.000000,-1.224400,-0.053007,0.000000
13.750000,1.087648,3.508300,0.250000,0.948207,-0.002893,0.000000,-1.232851,-0.051683,0.000000
13.755000,1.092389,3.508285,0.250000,0.942003,-0.003145,0.000000,-1.240870,-0.050379,0.000000
13.760000,1.097099,3.508269,0.250000,0.935761,-0.003391,0.000000,-1.248466,-0.049095,0.000000
13.765000,1.101777,3.508253,0.250000,0.929483,-0.003630,0.000000,-1.255646,-0.047832,0.000000
13.770000,1.106425,3.508234,0.250000,0.923170,-0.003863,0.000000,-1.262419,-0.046589,0.000000
13.775000,1.111041,3.508215,0.250000,0.916827,-0.004090,0.000000,-1.268793,-0.045365,0.000000
13.780000,1.115625,3.508195,0.250000,0.910453,-0.004310,0.000000,-1.274775,-0.044161,0.000000
13.785000,1.120177,3.508173,0.250000,0.904051,-0.004525,0.000000,-1.280375,-0.042976,0.000000
13.790000,1.124697,3.508150,0.250000,0.897623,-0.004734,0.000000,-1.285599,-0.041810,0.000000
13.795000,1.129185,3.508127,0.250000,0.891171,-0.004938,0.000000,-1.290455,-0.040663,0.000000
13.800000,1.133641,3.508102,0.250000,0.884696,-0.005135,0.000000,-1.294951,-0.039535,0.000000
13.805000,1.138065,3.508076,0.250000,0.878200,-0.005327,0.000000,-1.299094,-0.038425,0.000000
13.810000,1.142456,3.508050,0.250000,0.871686,-0.005514,0.000000,-1.302892,-0.037333,0.000000
13.815000,1.146814,3.508022,0.250000,0.865154,-0.005695,0.000000,-1.306352,-0.036260,0.000000
13.820000,1.151140,3.507994,0.250000,0.858607,-0.005871,0.000000,-1.309480,-0.035204,0.000000
13.825000,1.155433,3.507964,0.250000,0.852045,-0.006042,0.000000,-1.312285,-0.034166,0.000000
13.830000,1.159693,3.507934,0.250000,0.845471,-0.006208,0.000000,-1.314773,-0.033145,0.000000
13.835000,1.163921,3.507903,0.250000,0.838887,-0.006369,0.000000,-1.316950,-0.032141,0.000000
13.840000,1.168115,3.507871,0.250000,0.832293,-0.006524,0.000000,-1.318823,-0.031155,0.000000
13.845000,1.172277,3.507839,0.250000,0.825691,-0.006675,0.000000,-1.320400,-0.030185,0.000000
13.850000,1.176405,3.507805,0.250000,0.819082,-0.006821,0.000000,-1.321687,-0.029231,0.000000
13.855000,1.180500,3.507771,0.250000,0.812469,-0.006963,0.000000,-1.322690,-0.028294,0.000000
13.860000,1.184563,3.507736,0.250000,0.805852,-0.007100,0.000000,-1.323415,-0.027374,0.000000
13.865000,1.188592,3.507701,0.250000,0.799232,-0.007232,0.000000,-1.323869,-0.026469,0.000000
13.870000,1.192588,3.507665,0.250000,0.792612,-0.007360,0.000000,-1.324058,-0.025580,0.000000
13.875000,1.196551,3.507628,0.250000,0.785992,-0.007484,0.000000,-1.323987,-0.024707,0.000000
13.880000,1.200481,3.507590,0.250000,0.779374,-0.007603,0.000000,-1.323664,-0.023849,0.000000
13.885000,1.204378,3.507552,0.250000,0.772758,-0.007718,0.000000,-1.323094,-0.023006,0.000000
13.890000,1.208242,3.507514,0.250000,0.766147,-0.007829,0.000000,-1.322283,-0.022178,0.000000
13.895000,1.212073,3.507475,0.250000,0.759541,-0.007936,0.000000,-1.321236,-0.021365,0.000000
13.900000,1.215870,3.507435,0.250000,0.752941,-0.008038,0.000000,-1.319959,-0.020567,0.000000
13.905000,1.219635,3.507395,0.250000,0.746349,-0.008137,0.000000,-1.318457,-0.019783,0.000000
13.910000,1.223367,3.507354,0.250000,0.739765,-0.008232,0.000000,-1.316737,-0.019014,0.000000
13.915000,1.227066,3.507313,0.250000,0.733191,-0.008324,0.000000,-1.314803,-0.018258,0.000000
13.920000,1.230732,3.507271,0.250000,0.726628,-0.008411,0.000000,-1.312661,-0.017517,0.000000
13.925000,1.234365,3.507229,0.250000,0.720076,-0.008495,0.000000,-1.310316,-0.016789,0.000000
13.930000,1.237965,3.507187,0.250000,0.713537,-0.008576,0.000000,-1.307774,-0.016075,0.000000
13.935000,1.241533,3.507144,0.250000,0.707012,-0.008652,0.000000,-1.305038,-0.015374,0.000000
13.940000,1.245068,3.507101,0.250000,0.700501,-0.008726,0.000000,-1.302114,-0.014686,0.000000
13.945000,1.248570,3.507057,0.250000,0.694006,-0.008796,0.000000,-1.299008,-0.014012,0.000000
13.950000,1.252040,3.507013,0.250000,0.687528,-0.008863,0.000000,-1.295723,-0.013350,0.000000
13.955000,1.255478,3.506969,0.250000,0.681066,-0.008926,0.000000,-1.292266,-0.012701,0.000000
13.960000,1.258883,3.506924,0.250000,0.674623,-0.008987,0.000000,-1.288639,-0.012065,0.000000
13.965000,1.262256,3.506879,0.250000,0.668199,-0.009044,0.000000,-1.284848,-0.011441,0.000000
13.970000,1.265597,3.506834,0.250000,0.661794,-0.009098,0.000000,-1.280898,-0.010829,0.000000
13.975000,1.268906,3.506789,0.250000,0.655410,-0.009149,0.000000,-1.276792,-0.010229,0.000000
13.980000,1.272183,3.506743,0.250000,0.649048,-0.009197,0.000000,-1.272536,-0.009641,0.000000
13.985000,1.275429,3.506697,0.250000,0.642707,-0.009243,0.000000,-1.268133,-0.009065,0.000000
13.990000,1.278642,3.506651,0.250000,0.636389,-0.009285,0.000000,-1.263588,-0.008500,0.000000
13.995000,1.281824,3.506604,0.250000,0.630095,-0.009325,0.000000,-1.258905,-0.007947,0.000000
14.000000,1.284975,3.506558,0.250000,0.623824,-0.009362,0.000000,-1.254087,-0.007405,0.000000
14.005000,1.288094,3.506511,0.250000,0.617578,-0.009396,0.000000,-1.249140,-0.006874,0.000000
14.010000,1.291182,3.506464,0.250000,0.611358,-0.009428,0.000000,-1.244067,-0.006354,0.000000
14.015000,1.294238,3.506417,0.250000,0.605164,-0.009457,0.000000,-1.238871,-0.005845,0.000000
14.020000,1.297264,3.506369,0.250000,0.598996,-0.009484,0.000000,-1.233558,-0.005346,0.000000
14.025000,1.300259,3.506322,0.250000,0.592855,-0.009508,0.000000,-1.228129,-0.004858,0.000000
14.030000,1.303223,3.506274,0.250000,0.586742,-0.009530,0.000000,-1.222590,-0.004380,0.000000
14.035000,1.306157,3.506227,0.250000,0.580658,-0.009550,0.000000,-1.216943,-0.003913,0.000000
14.040000,1.309060,3.506179,0.250000,0.574602,-0.009567,0.000000,-1.211193,-0.003455,0.000000
14.045000,1.311933,3.506131,0.250000,0.568575,-0.009582,0.000000,-1.205342,-0.003007,0.000000
14.050000,1.314776,3.506083,0.250000,0.562578,-0.009595,0.000000,-1.199395,-0.002569,0.000000
14.055000,1.317589,3.506035,0.250000,0.556611,-0.009606,0.000000,-1.193354,-0.002141,0.000000
14.060000,1.320372,3.505987,0.250000,0.550675,-0.009614,0.000000,-1.187224,-0.001722,0.000000
14.065000,1.323126,3.505939,0.250000,0.544770,-0.009621,0.000000,-1.181006,-0.001313,0.000000
14.070000,1.325850,3.505891,0.250000,0.538897,-0.009625,0.000000,-1.174705,-0.000912,0.000000
14.075000,1.328544,3.505843,0.250000,0.533055,-0.009628,0.000000,-1.168323,-0.000521,0.000000
14.080000,1.331209,3.505795,0.250000,0.527246,-0.009629,0.000000,-1.161864,-0.000139,0.000000
14.085000,1.333846,3.505747,0.250000,0.521469,-0.009627,0.000000,-1.155330,0.000235,0.000000
14.090000,1.336453,3.505698,0.250000,0.515725,-0.009624,0.000000,-1.148725,0.000600,0.000000
14.095000,1.339031,3.505650,0.250000,0.510015,-0.009620,0.000000,-1.142052,0.000956,0.000000
14.100000,1.341582,3.505602,0.250000,0.504339,-0.009613,0.000000,-1.135313,0.001304,0.000000
14.105000,1.344103,3.505554,0.250000,0.498696,-0.009605,0.000000,-1.128511,0.001644,0.000000
14.110000,1.346597,3.505506,0.250000,0.493088,-0.009595,0.000000,-1.121649,0.001975,0.000000
14.115000,1.349062,3.505458,0.250000,0.487514,-0.009584,0.000000,-1.114730,0.002299,0.000000
14.120000,1.351500,3.505410,0.250000,0.481975,-0.009570,0.000000,-1.107756,0.002614,0.000000
14.125000,1.353910,3.505362,0.250000,0.476472,-0.009556,0.000000,-1.100729,0.002922,0.000000
14.130000,1.356292,3.505315,0.250000,0.471003,-0.009540,0.000000,-1.093654,0.003222,0.000000
14.135000,1.358647,3.505267,0.250000,0.465571,-0.009522,0.000000,-1.086531,0.003514,0.000000
14.140000,1.360975,3.505219,0.250000,0.460174,-0.009503,0.000000,-1.079364,0.003800,0.000000
14.145000,1.363276,3.505172,0.250000,0.454813,-0.009483,0.000000,-1.072155,0.004077,0.000000
14.150000,1.365550,3.505124,0.250000,0.449489,-0.009461,0.000000,-1.064905,0.004348,0.000000
14.155000,1.367797,3.505077,0.250000,0.444201,-0.009438,0.000000,-1.057619,0.004612,0.000000
14.160000,1.370018,3.505030,0.250000,0.438949,-0.009414,0.000000,-1.050297,0.004868,0.000000
14.165000,1.372213,3.504983,0.250000,0.433734,-0.009388,0.000000,-1.042942,0.005118,0.000000
14.170000,1.374382,3.504936,0.250000,0.428557,-0.009361,0.000000,-1.035556,0.005361,0.000000
14.175000,1.376524,3.504889,0.250000,0.423416,-0.009333,0.000000,-1.028141,0.005597,0.000000
14.180000,1.378642,3.504842,0.250000,0.418312,-0.009304,0.000000,-1.020700,0.005827,0.000000
14.185000,1.380733,3.504796,0.250000,0.413246,-0.009274,0.000000,-1.013235,0.006050,0.000000
14.190000,1.382799,3.504750,0.250000,0.408217,-0.009243,0.000000,-1.005746,0.006267,0.000000
14.195000,1.384840,3.504703,0.250000,0.403226,-0.009210,0.000000,-0.998238,0.006478,0.000000
14.200000,1.386857,3.504657,0.250000,0.398273,-0.009177,0.000000,-0.990710,0.006683,0.000000
14.205000,1.388848,3.504611,0.250000,0.393357,-0.009142,0.000000,-0.983166,0.006882,0.000000
14.210000,1.390815,3.504566,0.250000,0.388479,-0.009107,0.000000,-0.975606,0.007075,0.000000
14.215000,1.392757,3.504520,0.250000,0.383639,-0.009071,0.000000,-0.968034,0.007262,0.000000
14.220000,1.394675,3.504475,0.250000,0.378836,-0.009033,0.000000,-0.960450,0.007443,0.000000
14.225000,1.396569,3.504430,0.250000,0.374072,-0.008995,0.000000,-0.952856,0.007619,0.000000
14.230000,1.398440,3.504385,0.250000,0.369346,-0.008956,0.000000,-0.945255,0.007789,0.000000
14.235000,1.400287,3.504340,0.250000,0.364658,-0.008917,0.000000,-0.937647,0.007953,0.000000
14.240000,1.402110,3.504295,0.250000,0.360007,-0.008876,0.000000,-0.930034,0.008113,0.000000
14.245000,1.403910,3.504251,0.250000,0.355395,-0.008835,0.000000,-0.922418,0.008267,0.000000
14.250000,1.405687,3.504207,0.250000,0.350821,-0.008793,0.000000,-0.914801,0.008416,0.000000
14.255000,1.407441,3.504163,0.250000,0.346285,-0.008750,0.000000,-0.907183,0.008560,0.000000
14.260000,1.409172,3.504119,0.250000,0.341788,-0.008706,0.000000,-0.899567,0.008699,0.000000
14.265000,1.410881,3.504075,0.250000,0.337328,-0.008662,0.000000,-0.891953,0.008833,0.000000
14.270000,1.412568,3.504032,0.250000,0.332906,-0.008617,0.000000,-0.884344,0.008962,0.000000
14.275000,1.414232,3.503989,0.250000,0.328522,-0.008572,0.000000,-0.876740,0.009087,0.000000
14.280000,1.415875,3.503946,0.250000,0.324177,-0.008526,0.000000,-0.869143,0.009207,0.000000
14.285000,1.417496,3.503904,0.250000,0.319869,-0.008479,0.000000,-0.861554,0.009322,0.000000
14.290000,1.419095,3.503861,0.250000,0.315599,-0.008432,0.000000,-0.853975,0.009433,0.000000
14.295000,1.420673,3.503819,0.250000,0.311367,-0.008384,0.000000,-0.846406,0.009540,0.000000
14.300000,1.422230,3.503777,0.250000,0.307173,-0.008336,0.000000,-0.838849,0.009642,0.000000
14.305000,1.423766,3.503735,0.250000,0.303016,-0.008287,0.000000,-0.831306,0.009741,0.000000
14.310000,1.425281,3.503694,0.250000,0.298897,-0.008238,0.000000,-0.823776,0.009834,0.000000
14.315000,1.426776,3.503653,0.250000,0.294816,-0.008189,0.000000,-0.816262,0.009924,0.000000
14.320000,1.428250,3.503612,0.250000,0.290772,-0.008139,0.000000,-0.808764,0.010010,0.000000
14.325000,1.429704,3.503571,0.250000,0.286766,-0.008088,0.000000,-0.801284,0.010092,0.000000
14.330000,1.431137,3.503531,0.250000,0.282797,-0.008037,0.000000,-0.793822,0.010171,0.000000
14.335000,1.432551,3.503491,0.250000,0.278865,-0.007986,0.000000,-0.786380,0.010245,0.000000
14.340000,1.433946,3.503451,0.250000,0.274970,-0.007935,0.000000,-0.778958,0.010316,0.000000
14.345000,1.435321,3.503411,0.250000,0.271112,-0.007883,0.000000,-0.771558,0.010383,0.000000
14.350000,1.436676,3.503372,0.250000,0.267291,-0.007830,0.000000,-0.764180,0.010446,0.000000
14.355000,1.438013,3.503332,0.250000,0.263507,-0.007778,0.000000,-0.756826,0.010506,0.000000
14.360000,1.439330,3.503293,0.250000,0.259760,-0.007725,0.000000,-0.749496,0.010563,0.000000
14.365000,1.440629,3.503255,0.250000,0.256049,-0.007672,0.000000,-0.742190,0.010617,0.000000
14.370000,1.441909,3.503217,0.250000,0.252374,-0.007619,0.000000,-0.734911,0.010667,0.000000
14.375000,1.443171,3.503178,0.250000,0.248736,-0.007565,0.000000,-0.727658,0.010713,0.000000
14.380000,1.444415,3.503141,0.250000,0.245134,-0.007511,0.000000,-0.720433,0.010757,0.000000
14.385000,1.445640,3.503103,0.250000,0.241568,-0.007457,0.000000,-0.713236,0.010798,0.000000
14.390000,1.446848,3.503066,0.250000,0.238037,-0.007403,0.000000,-0.706067,0.010835,0.000000
14.395000,1.448038,3.503029,0.250000,0.234543,-0.007349,0.000000,-0.698929,0.010870,0.000000
14.400000,1.449211,3.502992,0.250000,0.231084,-0.007294,0.000000,-0.691821,0.010902,0.000000
14.405000,1.450366,3.502956,0.250000,0.227660,-0.007240,0.000000,-0.684743,0.010931,0.000000
14.410000,1.451505,3.502919,0.250000,0.224271,-0.007185,0.000000,-0.677698,0.010957,0.000000
14.415000,1.452626,3.502883,0.250000,0.220918,-0.007130,0.000000,-0.670684,0.010981,0.000000
14.420000,1.453731,3.502848,0.250000,0.217599,-0.007075,0.000000,-0.663704,0.011001,0.000000
14.425000,1.454819,3.502812,0.250000,0.214316,-0.007020,0.000000,-0.656757,0.011020,0.000000
14.430000,1.455890,3.502777,0.250000,0.211066,-0.006965,0.000000,-0.649844,0.011035,0.000000
14.435000,1.456946,3.502742,0.250000,0.207852,-0.006909,0.000000,-0.642965,0.011049,0.000000
14.440000,1.457985,3.502708,0.250000,0.204671,-0.006854,0.000000,-0.636122,0.011059,0.000000
14.445000,1.459008,3.502674,0.250000,0.201524,-0.006799,0.000000,-0.629314,0.011068,0.000000
14.450000,1.460016,3.502640,0.250000,0.198412,-0.006743,0.000000,-0.622542,0.011074,0.000000
14.455000,1.461008,3.502606,0.250000,0.195333,-0.006688,0.000000,-0.615807,0.011078,0.000000
14.460000,1.461985,3.502572,0.250000,0.192287,-0.006633,0.000000,-0.609109,0.011079,0.000000
14.465000,1.462946,3.502539,0.250000,0.189275,-0.006577,0.000000,-0.602448,0.011079,0.000000
14.470000,1.463892,3.502506,0.250000,0.186296,-0.006522,0.000000,-0.595826,0.011076,0.000000
14.475000,1.464824,3.502474,0.250000,0.183350,-0.006466,0.000000,-0.589241,0.011071,0.000000
14.480000,1.465741,3.502441,0.250000,0.180436,-0.006411,0.000000,-0.582695,0.011064,0.000000
14.485000,1.466643,3.502409,0.250000,0.177555,-0.006356,0.000000,-0.576188,0.011056,0.000000
14.490000,1.467531,3.502378,0.250000,0.174707,-0.006301,0.000000,-0.569720,0.011045,0.000000
14.495000,1.468404,3.502346,0.250000,0.171890,-0.006245,0.000000,-0.563293,0.011032,0.000000
14.500000,1.469264,3.502315,0.250000,0.169106,-0.006190,0.000000,-0.556905,0.011018,0.000000
14.505000,1.470109,3.502284,0.250000,0.166353,-0.006135,0.000000,-0.550557,0.011002,0.000000
14.510000,1.470941,3.502253,0.250000,0.163631,-0.006080,0.000000,-0.544250,0.010984,0.000000
14.515000,1.471759,3.502223,0.250000,0.160942,-0.006026,0.000000,-0.537984,0.010964,0.000000
14.520000,1.472564,3.502193,0.250000,0.158283,-0.005971,0.000000,-0.531759,0.010943,0.000000
14.525000,1.473355,3.502163,0.250000,0.155655,-0.005916,0.000000,-0.525575,0.010920,0.000000
14.530000,1.474133,3.502133,0.250000,0.153058,-0.005862,0.000000,-0.519434,0.010896,0.000000
14.535000,1.474899,3.502104,0.250000,0.150491,-0.005807,0.000000,-0.513333,0.010870,0.000000
14.540000,1.475651,3.502075,0.250000,0.147955,-0.005753,0.000000,-0.507275,0.010842,0.000000
14.545000,1.476391,3.502046,0.250000,0.145448,-0.005699,0.000000,-0.501260,0.010813,0.000000
14.550000,1.477118,3.502018,0.250000,0.142972,-0.005645,0.000000,-0.495286,0.010783,0.000000
14.555000,1.477833,3.501989,0.250000,0.140525,-0.005592,0.000000,-0.489355,0.010751,0.000000
14.560000,1.478536,3.501962,0.250000,0.138108,-0.005538,0.000000,-0.483467,0.010718,0.000000
14.565000,1.479226,3.501934,0.250000,0.135720,-0.005485,0.000000,-0.477622,0.010684,0.000000
14.570000,1.479905,3.501906,0.250000,0.133361,-0.005431,0.000000,-0.471820,0.010648,0.000000
14.575000,1.480572,3.501879,0.250000,0.131030,-0.005378,0.000000,-0.466061,0.010611,0.000000
20.410000,1.481227,3.501852,0.250000,0.167190,-0.005325,0.000000,7.231962,0.010573,0.000000
20.415000,1.482063,3.501826,0.250000,0.202483,-0.005273,0.000000,7.058640,0.010534,0.000000
20.420000,1.483075,3.501799,0.250000,0.236923,-0.005220,0.000000,6.887961,0.010494,0.000000
20.425000,1.484260,3.501773,0.250000,0.270523,-0.005168,0.000000,6.719895,0.010453,0.000000
20.430000,1.485612,3.501747,0.250000,0.303295,-0.005116,0.000000,6.554416,0.010410,0.000000
20.435000,1.487129,3.501722,0.250000,0.335252,-0.005064,0.000000,6.391495,0.010367,0.000000
20.440000,1.488805,3.501697,0.250000,0.366408,-0.005012,0.000000,6.231105,0.010322,0.000000
20.445000,1.490637,3.501671,0.250000,0.396774,-0.004961,0.000000,6.073217,0.010277,0.000000
20.450000,1.492621,3.501647,0.250000,0.426363,-0.004910,0.000000,5.917806,0.010230,0.000000
20.455000,1.494753,3.501622,0.250000,0.455187,-0.004859,0.000000,5.764842,0.010183,0.000000
20.460000,1.497029,3.501598,0.250000,0.483259,-0.004808,0.000000,5.614300,0.010135,0.000000
20.465000,1.499445,3.501574,0.250000,0.510589,-0.004758,0.000000,5.466153,0.010086,0.000000
20.470000,1.501998,3.501550,0.250000,0.537191,-0.004708,0.000000,5.320373,0.010036,0.000000
20.475000,1.504684,3.501526,0.250000,0.563076,-0.004658,0.000000,5.176934,0.009986,0.000000
20.480000,1.507499,3.501503,0.250000,0.588255,-0.004608,0.000000,5.035809,0.009935,0.000000
20.485000,1.510441,3.501480,0.250000,0.612740,-0.004559,0.000000,4.896973,0.009882,0.000000
20.490000,1.513504,3.501457,0.250000,0.636542,-0.004510,0.000000,4.760399,0.009830,0.000000
20.495000,1.516687,3.501435,0.250000,0.659672,-0.004461,0.000000,4.626061,0.009776,0.000000
20.500000,1.519985,3.501412,0.250000,0.682142,-0.004412,0.000000,4.493934,0.009722,0.000000
20.505000,1.523396,3.501390,0.250000,0.703962,-0.004364,0.000000,4.363992,0.009668,0.000000
20.510000,1.526916,3.501369,0.250000,0.725143,-0.004316,0.000000,4.236209,0.009612,0.000000
20.515000,1.530542,3.501347,0.250000,0.745695,-0.004268,0.000000,4.110560,0.009557,0.000000
20.520000,1.534270,3.501326,0.250000,0.765631,-0.004220,0.000000,3.987020,0.009500,0.000000
20.525000,1.538098,3.501305,0.250000,0.784958,-0.004173,0.000000,3.865565,0.009443,0.000000
20.530000,1.542023,3.501284,0.250000,0.803689,-0.004126,0.000000,3.746169,0.009386,0.000000
20.535000,1.546041,3.501263,0.250000,0.821833,-0.004080,0.000000,3.628808,0.009328,0.000000
20.540000,1.550151,3.501243,0.250000,0.839401,-0.004033,0.000000,3.513457,0.009270,0.000000
20.545000,1.554348,3.501223,0.250000,0.856401,-0.003987,0.000000,3.400092,0.009211,0.000000
20.550000,1.558630,3.501203,0.250000,0.872845,-0.003941,0.000000,3.288690,0.009152,0.000000
20.555000,1.562994,3.501183,0.250000,0.888741,-0.003896,0.000000,3.179226,0.009092,0.000000
20.560000,1.567438,3.501163,0.250000,0.904099,-0.003851,0.000000,3.071677,0.009032,0.000000
20.565000,1.571958,3.501144,0.250000,0.918929,-0.003806,0.000000,2.966019,0.008972,0.000000
20.570000,1.576553,3.501125,0.250000,0.933240,-0.003761,0.000000,2.862229,0.008911,0.000000
20.575000,1.581219,3.501106,0.250000,0.947042,-0.003717,0.000000,2.760284,0.008850,0.000000
20.580000,1.585954,3.501088,0.250000,0.960342,-0.003673,0.000000,2.660161,0.008789,0.000000
20.585000,1.590756,3.501069,0.250000,0.973152,-0.003630,0.000000,2.561836,0.008727,0.000000
20.590000,1.595622,3.501051,0.250000,0.985478,-0.003586,0.000000,2.465288,0.008665,0.000000
20.595000,1.600549,3.501033,0.250000,0.997331,-0.003543,0.000000,2.370494,0.008603,0.000000
20.600000,1.605536,3.501016,0.250000,1.008718,-0.003501,0.000000,2.277431,0.008541,0.000000
20.605000,1.610579,3.500998,0.250000,1.019648,-0.003458,0.000000,2.186078,0.008479,0.000000
20.610000,1.615677,3.500981,0.250000,1.030130,-0.003416,0.000000,2.096413,0.008416,0.000000
20.615000,1.620828,3.500964,0.250000,1.040172,-0.003374,0.000000,2.008414,0.008353,0.000000
20.620000,1.626029,3.500947,0.250000,1.049783,-0.003333,0.000000,1.922059,0.008290,0.000000
20.625000,1.631278,3.500930,0.250000,1.058969,-0.003292,0.000000,1.837328,0.008227,0.000000
20.630000,1.636573,3.500914,0.250000,1.067740,-0.003251,0.000000,1.754198,0.008164,0.000000
20.635000,1.641911,3.500897,0.250000,1.076103,-0.003210,0.000000,1.672650,0.008100,0.000000
20.640000,1.647292,3.500881,0.250000,1.084067,-0.003170,0.000000,1.592662,0.008037,0.000000
20.645000,1.652712,3.500866,0.250000,1.091638,-0.003130,0.000000,1.514213,0.007973,0.000000
20.650000,1.658170,3.500850,0.250000,1.098824,-0.003091,0.000000,1.437284,0.007910,0.000000
20.655000,1.663665,3.500834,0.250000,1.105633,-0.003052,0.000000,1.361853,0.007846,0.000000
20.660000,1.669193,3.500819,0.250000,1.112073,-0.003013,0.000000,1.287901,0.007783,0.000000
20.665000,1.674753,3.500804,0.250000,1.118150,-0.002974,0.000000,1.215408,0.007719,0.000000
20.670000,1.680344,3.500789,0.250000,1.123872,-0.002936,0.000000,1.144355,0.007655,0.000000
20.675000,1.685963,3.500775,0.250000,1.129245,-0.002898,0.000000,1.074721,0.007591,0.000000
20.680000,1.691609,3.500760,0.250000,1.134278,-0.002860,0.000000,1.006487,0.007528,0.000000
20.685000,1.697281,3.500746,0.250000,1.138976,-0.002823,0.000000,0.939634,0.007464,0.000000
20.690000,1.702976,3.500732,0.250000,1.143347,-0.002786,0.000000,0.874144,0.007400,0.000000
20.695000,1.708692,3.500718,0.250000,1.147397,-0.002749,0.000000,0.809996,0.007337,0.000000
20.700000,1.714429,3.500704,0.250000,1.151133,-0.002713,0.000000,0.747173,0.007273,0.000000
20.705000,1.720185,3.500690,0.250000,1.154561,-0.002677,0.000000,0.685657,0.007209,0.000000
20.710000,1.725958,3.500677,0.250000,1.157688,-0.002641,0.000000,0.625428,0.007146,0.000000
20.715000,1.731746,3.500664,0.250000,1.160520,-0.002606,0.000000,0.566468,0.007083,0.000000
20.720000,1.737549,3.500651,0.250000,1.163064,-0.002570,0.000000,0.508760,0.007020,0.000000
20.725000,1.743364,3.500638,0.250000,1.165326,-0.002536,0.000000,0.452286,0.006956,0.000000
20.730000,1.749191,3.500625,0.250000,1.167311,-0.002501,0.000000,0.397029,0.006893,0.000000
20.735000,1.755027,3.500613,0.250000,1.169026,-0.002467,0.000000,0.342970,0.006831,0.000000
20.740000,1.760873,3.500600,0.250000,1.170476,-0.002433,0.000000,0.290093,0.006768,0.000000
20.745000,1.766725,3.500588,0.250000,1.171668,-0.002400,0.000000,0.238380,0.006705,0.000000
20.750000,1.772583,3.500576,0.250000,1.172607,-0.002367,0.000000,0.187815,0.006643,0.000000
20.755000,1.778446,3.500564,0.250000,1.173299,-0.002334,0.000000,0.138380,0.006580,0.000000
20.760000,1.784313,3.500553,0.250000,1.173749,-0.002301,0.000000,0.090060,0.006518,0.000000
20.765000,1.790182,3.500541,0.250000,1.173963,-0.002269,0.000000,0.042838,0.006456,0.000000
20.770000,1.796051,3.500530,0.250000,1.173947,-0.002237,0.000000,-0.003303,0.006395,0.000000
20.775000,1.801921,3.500519,0.250000,1.173705,-0.002205,0.000000,-0.048379,0.006333,0.000000
20.780000,1.807790,3.500508,0.250000,1.173243,-0.002174,0.000000,-0.092405,0.006272,0.000000
20.785000,1.813656,3.500497,0.250000,1.172566,-0.002143,0.000000,-0.135397,0.006211,0.000000
20.790000,1.819519,3.500486,0.250000,1.171679,-0.002112,0.000000,-0.177371,0.006150,0.000000
20.795000,1.825377,3.500476,0.250000,1.170587,-0.002081,0.000000,-0.218343,0.006089,0.000000
20.800000,1.831230,3.500465,0.250000,1.169296,-0.002051,0.000000,-0.258327,0.006029,0.000000
20.805000,1.837077,3.500455,0.250000,1.167809,-0.002022,0.000000,-0.297338,0.005968,0.000000
20.810000,1.842916,3.500445,0.250000,1.166132,-0.001992,0.000000,-0.335392,0.005908,0.000000
20.815000,1.848746,3.500435,0.250000,1.164270,-0.001963,0.000000,-0.372504,0.005849,0.000000
20.820000,1.854568,3.500425,0.250000,1.162226,-0.001934,0.000000,-0.408687,0.005789,0.000000
20.825000,1.860379,3.500415,0.250000,1.160006,-0.001905,0.000000,-0.443957,0.005730,0.000000
20.830000,1.866179,3.500406,0.250000,1.157615,-0.001877,0.000000,-0.478327,0.005671,0.000000
20.835000,1.871967,3.500396,0.250000,1.155056,-0.001849,0.000000,-0.511813,0.005612,0.000000
20.840000,1.877742,3.500387,0.250000,1.152334,-0.001821,0.000000,-0.544427,0.005554,0.000000
20.845000,1.883504,3.500378,0.250000,1.149453,-0.001793,0.000000,-0.576184,0.005496,0.000000
20.850000,1.889251,3.500369,0.250000,1.146417,-0.001766,0.000000,-0.607097,0.005438,0.000000
20.855000,1.894983,3.500360,0.250000,1.143231,-0.001739,0.000000,-0.637180,0.005380,0.000000
20.860000,1.900699,3.500352,0.250000,1.139899,-0.001713,0.000000,-0.666446,0.005323,0.000000
20.865000,1.906399,3.500343,0.250000,1.136424,-0.001686,0.000000,-0.694909,0.005266,0.000000
20.870000,1.912081,3.500335,0.250000,1.132812,-0.001660,0.000000,-0.722581,0.005209,0.000000
20.875000,1.917745,3.500326,0.250000,1.129064,-0.001635,0.000000,-0.749476,0.005153,0.000000
20.880000,1.923390,3.500318,0.250000,1.125186,-0.001609,0.000000,-0.775606,0.005097,0.000000
20.885000,1.929016,3.500310,0.250000,1.121181,-0.001584,0.000000,-0.800984,0.005041,0.000000
20.890000,1.934622,3.500302,0.250000,1.117053,-0.001559,0.000000,-0.825622,0.004986,0.000000
20.895000,1.940207,3.500294,0.250000,1.112805,-0.001534,0.000000,-0.849533,0.004931,0.000000
20.900000,1.945771,3.500287,0.250000,1.108442,-0.001510,0.000000,-0.872728,0.004876,0.000000
20.905000,1.951314,3.500279,0.250000,1.103966,-0.001486,0.000000,-0.895221,0.004822,0.000000
20.910000,1.956833,3.500272,0.250000,1.099381,-0.001462,0.000000,-0.917022,0.004767,0.000000
20.915000,1.962330,3.500264,0.250000,1.094690,-0.001438,0.000000,-0.938144,0.004714,0.000000
20.920000,1.967804,3.500257,0.250000,1.089897,-0.001415,0.000000,-0.958598,0.004660,0.000000
20.925000,1.973253,3.500250,0.250000,1.085005,-0.001392,0.000000,-0.978395,0.004607,0.000000
20.930000,1.978678,3.500243,0.250000,1.080017,-0.001369,0.000000,-0.997548,0.004554,0.000000
20.935000,1.984078,3.500236,0.250000,1.074937,-0.001347,0.000000,-1.016067,0.004502,0.000000
20.940000,1.989453,3.500230,0.250000,1.069767,-0.001325,0.000000,-1.033963,0.004450,0.000000
20.945000,1.994802,3.500223,0.250000,1.064511,-0.001303,0.000000,-1.051247,0.004398,0.000000
20.950000,2.000124,3.500216,0.250000,1.059171,-0.001281,0.000000,-1.067930,0.004347,0.000000
20.955000,2.005420,3.500210,0.250000,1.053751,-0.001259,0.000000,-1.084023,0.004296,0.000000
20.960000,2.010689,3.500204,0.250000,1.048253,-0.001238,0.000000,-1.099536,0.004245,0.000000
20.965000,2.015930,3.500198,0.250000,1.042681,-0.001217,0.000000,-1.114479,0.004195,0.000000
20.970000,2.021144,3.500191,0.250000,1.037037,-0.001196,0.000000,-1.128864,0.004145,0.000000
20.975000,2.026329,3.500186,0.250000,1.031323,-0.001176,0.000000,-1.142699,0.004095,0.000000
20.980000,2.031486,3.500180,0.250000,1.025543,-0.001156,0.000000,-1.155995,0.004046,0.000000
20.985000,2.036613,3.500174,0.250000,1.019699,-0.001136,0.000000,-1.168763,0.003997,0.000000
20.990000,2.041712,3.500168,0.250000,1.013794,-0.001116,0.000000,-1.181010,0.003948,0.000000
20.995000,2.046781,3.500163,0.250000,1.007831,-0.001097,0.000000,-1.192748,0.003900,0.000000
21.000000,2.051820,3.500157,0.250000,1.001811,-0.001077,0.000000,-1.203986,0.003852,0.000000
21.005000,2.056829,3.500152,0.250000,0.995737,-0.001058,0.000000,-1.214733,0.003805,0.000000
21.010000,2.061808,3.500146,0.250000,0.989612,-0.001039,0.000000,-1.224998,0.003758,0.000000
21.015000,2.066756,3.500141,0.250000,0.983438,-0.001021,0.000000,-1.234791,0.003711,0.000000
21.020000,2.071673,3.500136,0.250000,0.977217,-0.001003,0.000000,-1.244120,0.003665,0.000000
21.025000,2.076559,3.500131,0.250000,0.970952,-0.000984,0.000000,-1.252995,0.003619,0.000000
21.030000,2.081414,3.500126,0.250000,0.964645,-0.000967,0.000000,-1.261424,0.003573,0.000000
21.035000,2.086237,3.500121,0.250000,0.958298,-0.000949,0.000000,-1.269416,0.003528,0.000000
21.040000,2.091028,3.500117,0.250000,0.951913,-0.000932,0.000000,-1.276980,0.003483,0.000000
21.045000,2.095788,3.500112,0.250000,0.945493,-0.000914,0.000000,-1.284123,0.003438,0.000000
21.050000,2.100515,3.500107,0.250000,0.939038,-0.000897,0.000000,-1.290854,0.003394,0.000000
21.055000,2.105211,3.500103,0.250000,0.932553,-0.000881,0.000000,-1.297182,0.003350,0.000000
21.060000,2.109873,3.500099,0.250000,0.926037,-0.000864,0.000000,-1.303115,0.003307,0.000000
21.065000,2.114504,3.500094,0.250000,0.919494,-0.000848,0.000000,-1.308660,0.003264,0.000000
21.070000,2.119101,3.500090,0.250000,0.912925,-0.000832,0.000000,-1.313825,0.003221,0.000000
21.075000,2.123666,3.500086,0.250000,0.906331,-0.000816,0.000000,-1.318618,0.003179,0.000000
21.080000,2.128197,3.500082,0.250000,0.899716,-0.000800,0.000000,-1.323048,0.003137,0.000000
21.085000,2.132696,3.500078,0.250000,0.893081,-0.000785,0.000000,-1.327120,0.003095,0.000000
21.090000,2.137161,3.500074,0.250000,0.886426,-0.000769,0.000000,-1.330844,0.003054,0.000000
21.095000,2.141593,3.500070,0.250000,0.879755,-0.000754,0.000000,-1.334225,0.003013,0.000000
21.100000,2.145992,3.500066,0.250000,0.873069,-0.000739,0.000000,-1.337272,0.002972,0.000000
21.105000,2.150358,3.500062,0.250000,0.866369,-0.000725,0.000000,-1.339992,0.002932,0.000000
21.110000,2.154689,3.500059,0.250000,0.859657,-0.000710,0.000000,-1.342391,0.002892,0.000000
21.115000,2.158988,3.500055,0.250000,0.852935,-0.000696,0.000000,-1.344476,0.002853,0.000000
21.120000,2.163252,3.500052,0.250000,0.846203,-0.000682,0.000000,-1.346255,0.002814,0.000000
21.125000,2.167483,3.500048,0.250000,0.839465,-0.000668,0.000000,-1.347734,0.002775,0.000000
21.130000,2.171681,3.500045,0.250000,0.832720,-0.000654,0.000000,-1.348919,0.002737,0.000000
21.135000,2.175844,3.500042,0.250000,0.825971,-0.000641,0.000000,-1.349818,0.002699,0.000000
21.140000,2.179974,3.500039,0.250000,0.819219,-0.000628,0.000000,-1.350437,0.002661,0.000000
21.145000,2.184070,3.500035,0.250000,0.812465,-0.000614,0.000000,-1.350781,0.002624,0.000000
21.150000,2.188133,3.500032,0.250000,0.805711,-0.000602,0.000000,-1.350858,0.002587,0.000000
21.155000,2.192161,3.500029,0.250000,0.798957,-0.000589,0.000000,-1.350673,0.002551,0.000000
21.160000,2.196156,3.500026,0.250000,0.792206,-0.000576,0.000000,-1.350233,0.002514,0.000000
21.165000,2.200117,3.500024,0.250000,0.785458,-0.000564,0.000000,-1.349543,0.002478,0.000000
21.170000,2.204044,3.500021,0.250000,0.778715,-0.000552,0.000000,-1.348610,0.002443,0.000000
21.175000,2.207938,3.500018,0.250000,0.771978,-0.000540,0.000000,-1.347439,0.002408,0.000000
21.180000,2.211798,3.500015,0.250000,0.765248,-0.000528,0.000000,-1.346035,0.002373,0.000000
21.185000,2.215624,3.500013,0.250000,0.758526,-0.000516,0.000000,-1.344406,0.002339,0.000000
21.190000,2.219417,3.500010,0.250000,0.751813,-0.000505,0.000000,-1.342555,0.002304,0.000000
21.195000,2.223176,3.500008,0.250000,0.745111,-0.000493,0.000000,-1.340489,0.002271,0.000000
21.200000,2.226901,3.500005,0.250000,0.738420,-0.000482,0.000000,-1.338212,0.002237,0.000000
21.205000,2.230593,3.500003,0.250000,0.731741,-0.000471,0.000000,-1.335731,0.002204,0.000000
21.210000,2.234252,3.500000,0.250000,0.725076,-0.000460,0.000000,-1.333051,0.002171,0.000000
21.215000,2.237877,3.499998,0.250000,0.718425,-0.000449,0.000000,-1.330176,0.002139,0.000000
21.220000,2.241470,3.499996,0.250000,0.711789,-0.000439,0.000000,-1.327111,0.002107,0.000000
21.225000,2.245028,3.499994,0.250000,0.705170,-0.000428,0.000000,-1.323862,0.002075,0.000000
21.230000,2.248554,3.499991,0.250000,0.698568,-0.000418,0.000000,-1.320433,0.002044,0.000000
21.235000,2.252047,3.499989,0.250000,0.691984,-0.000408,0.000000,-1.316829,0.002013,0.000000
21.240000,2.255507,3.499987,0.250000,0.685418,-0.000398,0.000000,-1.313056,0.001982,0.000000
21.245000,2.258934,3.499985,0.250000,0.678873,-0.000389,0.000000,-1.309117,0.001951,0.000000
21.250000,2.262329,3.499983,0.250000,0.672348,-0.000379,0.000000,-1.305017,0.001921,0.000000
21.255000,2.265690,3.499981,0.250000,0.665844,-0.000369,0.000000,-1.300761,0.001892,0.000000
21.260000,2.269019,3.499980,0.250000,0.659362,-0.000360,0.000000,-1.296353,0.001862,0.000000
21.265000,2.272316,3.499978,0.250000,0.652903,-0.000351,0.000000,-1.291797,0.001833,0.000000
21.270000,2.275581,3.499976,0.250000,0.646468,-0.000342,0.000000,-1.287098,0.001804,0.000000
21.275000,2.278813,3.499974,0.250000,0.640056,-0.000333,0.000000,-1.282260,0.001776,0.000000
21.280000,2.282013,3.499973,0.250000,0.633670,-0.000324,0.000000,-1.277287,0.001748,0.000000
21.285000,2.285182,3.499971,0.250000,0.627309,-0.000316,0.000000,-1.272183,0.001720,0.000000
21.290000,2.288318,3.499969,0.250000,0.620974,-0.000307,0.000000,-1.266952,0.001692,0.000000
21.295000,2.291423,3.499968,0.250000,0.614666,-0.000299,0.000000,-1.261598,0.001665,0.000000
21.300000,2.294497,3.499966,0.250000,0.608386,-0.000291,0.000000,-1.256125,0.001638,0.000000
21.305000,2.297538,3.499965,0.250000,0.602133,-0.000283,0.000000,-1.250537,0.001611,0.000000
21.310000,2.300549,3.499964,0.250000,0.595909,-0.000275,0.000000,-1.244838,0.001585,0.000000
21.315000,2.303529,3.499962,0.250000,0.589714,-0.000267,0.000000,-1.239030,0.001559,0.000000
21.320000,2.306477,3.499961,0.250000,0.583548,-0.000259,0.000000,-1.233119,0.001533,0.000000
21.325000,2.309395,3.499960,0.250000,0.577413,-0.000252,0.000000,-1.227106,0.001508,0.000000
21.330000,2.312282,3.499958,0.250000,0.571308,-0.000244,0.000000,-1.220996,0.001483,0.000000
21.335000,2.315139,3.499957,0.250000,0.565234,-0.000237,0.000000,-1.214793,0.001458,0.000000
21.340000,2.317965,3.499956,0.250000,0.559191,-0.000230,0.000000,-1.208499,0.001434,0.000000
21.345000,2.320761,3.499955,0.250000,0.553180,-0.000223,0.000000,-1.202118,0.001409,0.000000
21.350000,2.323527,3.499954,0.250000,0.547202,-0.000216,0.000000,-1.195653,0.001385,0.000000
21.355000,2.326263,3.499953,0.250000,0.541257,-0.000209,0.000000,-1.189107,0.001362,0.000000
21.360000,2.328969,3.499952,0.250000,0.535344,-0.000202,0.000000,-1.182484,0.001338,0.000000
21.365000,2.331646,3.499950,0.250000,0.529465,-0.000196,0.000000,-1.175786,0.001315,0.000000
21.370000,2.334293,3.499950,0.250000,0.523620,-0.000189,0.000000,-1.169016,0.001292,0.000000
21.375000,2.336911,3.499949,0.250000,0.517809,-0.000183,0.000000,-1.162178,0.001270,0.000000
21.380000,2.339500,3.499948,0.250000,0.512033,-0.000177,0.000000,-1.155275,0.001248,0.000000
21.385000,2.342060,3.499947,0.250000,0.506291,-0.000171,0.000000,-1.148308,0.001226,0.000000
21.390000,2.344592,3.499946,0.250000,0.500585,-0.000165,0.000000,-1.141281,0.001204,0.000000
21.395000,2.347095,3.499945,0.250000,0.494914,-0.000159,0.000000,-1.134197,0.001182,0.000000
21.400000,2.349569,3.499944,0.250000,0.489279,-0.000153,0.000000,-1.127059,0.001161,0.000000
21.405000,2.352016,3.499944,0.250000,0.483679,-0.000147,0.000000,-1.119868,0.001140,0.000000
21.410000,2.354434,3.499943,0.250000,0.478116,-0.000142,0.000000,-1.112628,0.001120,0.000000
21.415000,2.356825,3.499942,0.250000,0.472590,-0.000136,0.000000,-1.105341,0.001099,0.000000
21.420000,2.359188,3.499941,0.250000,0.467100,-0.000131,0.000000,-1.098010,0.001079,0.000000
21.425000,2.361523,3.499941,0.250000,0.461646,-0.000125,0.000000,-1.090636,0.001059,0.000000
21.430000,2.363831,3.499940,0.250000,0.456230,-0.000120,0.000000,-1.083224,0.001040,0.000000
21.435000,2.366112,3.499940,0.250000,0.450851,-0.000115,0.000000,-1.075773,0.001020,0.000000
21.440000,2.368367,3.499939,0.250000,0.445510,-0.000110,0.000000,-1.068288,0.001001,0.000000
21.445000,2.370594,3.499938,0.250000,0.440206,-0.000105,0.000000,-1.060770,0.000982,0.000000
21.450000,2.372795,3.499938,0.250000,0.434940,-0.000100,0.000000,-1.053222,0.000964,0.000000
21.455000,2.374970,3.499937,0.250000,0.429712,-0.000096,0.000000,-1.045645,0.000945,0.000000
21.460000,2.377118,3.499937,0.250000,0.424522,-0.000091,0.000000,-1.038043,0.000927,0.000000
21.465000,2.379241,3.499936,0.250000,0.419369,-0.000087,0.000000,-1.030415,0.000909,0.000000
21.470000,2.381338,3.499936,0.250000,0.414256,-0.000082,0.000000,-1.022766,0.000892,0.000000
21.475000,2.383409,3.499936,0.250000,0.409180,-0.000078,0.000000,-1.015097,0.000874,0.000000
21.480000,2.385455,3.499935,0.250000,0.404143,-0.000073,0.000000,-1.007409,0.000857,0.000000
21.485000,2.387476,3.499935,0.250000,0.399145,-0.000069,0.000000,-0.999705,0.000840,0.000000
21.490000,2.389472,3.499934,0.250000,0.394185,-0.000065,0.000000,-0.991987,0.000823,0.000000
21.495000,2.391442,3.499934,0.250000,0.389263,-0.000061,0.000000,-0.984256,0.000807,0.000000
21.500000,2.393389,3.499934,0.250000,0.384381,-0.000057,0.000000,-0.976514,0.000791,0.000000
21.505000,2.395311,3.499934,0.250000,0.379537,-0.000053,0.000000,-0.968763,0.000775,0.000000
21.510000,2.397208,3.499933,0.250000,0.374732,-0.000049,0.000000,-0.961004,0.000759,0.000000
21.515000,2.399082,3.499933,0.250000,0.369966,-0.000046,0.000000,-0.953240,0.000743,0.000000
21.520000,2.400932,3.499933,0.250000,0.365238,-0.000042,0.000000,-0.945472,0.000728,0.000000
21.525000,2.402758,3.499933,0.250000,0.360550,-0.000039,0.000000,-0.937701,0.000713,0.000000
21.530000,2.404561,3.499932,0.250000,0.355900,-0.000035,0.000000,-0.929929,0.000698,0.000000
21.535000,2.406340,3.499932,0.250000,0.351289,-0.000032,0.000000,-0.922157,0.000683,0.000000
21.540000,2.408097,3.499932,0.250000,0.346717,-0.000028,0.000000,-0.914388,0.000668,0.000000
21.545000,2.409830,3.499932,0.250000,0.342184,-0.000025,0.000000,-0.906622,0.000654,0.000000
21.550000,2.411541,3.499932,0.250000,0.337690,-0.000022,0.000000,-0.898861,0.000640,0.000000
21.555000,2.413230,3.499932,0.250000,0.333235,-0.000019,0.000000,-0.891106,0.000626,0.000000
21.560000,2.414896,3.499932,0.250000,0.328818,-0.000016,0.000000,-0.883359,0.000612,0.000000
21.565000,2.416540,3.499932,0.250000,0.324440,-0.000013,0.000000,-0.875620,0.000599,0.000000
21.570000,2.418162,3.499931,0.250000,0.320100,-0.000010,0.000000,-0.867892,0.000585,0.000000
21.575000,2.419763,3.499931,0.250000,0.315799,-0.000007,0.000000,-0.860175,0.000572,0.000000
21.580000,2.421342,3.499931,0.250000,0.311537,-0.000004,0.000000,-0.852471,0.000559,0.000000
21.585000,2.422899,3.499931,0.250000,0.307313,-0.000001,0.000000,-0.844781,0.000546,0.000000
21.590000,2.424436,3.499931,0.250000,0.303128,0.000001,0.000000,-0.837106,0.000534,0.000000
21.595000,2.425952,3.499931,0.250000,0.298980,0.000004,0.000000,-0.829447,0.000522,0.000000
21.600000,2.427446,3.499931,0.250000,0.294871,0.000007,0.000000,-0.821805,0.000509,0.000000
21.605000,2.428921,3.499931,0.250000,0.290800,0.000009,0.000000,-0.814182,0.000497,0.000000
21.610000,2.430375,3.499931,0.250000,0.286767,0.000011,0.000000,-0.806577,0.000486,0.000000
21.615000,2.431809,3.499932,0.250000,0.282773,0.000014,0.000000,-0.798994,0.000474,0.000000
21.620000,2.433223,3.499932,0.250000,0.278815,0.000016,0.000000,-0.791431,0.000462,0.000000
21.625000,2.434617,3.499932,0.250000,0.274896,0.000018,0.000000,-0.783891,0.000451,0.000000
21.630000,2.435991,3.499932,0.250000,0.271014,0.000021,0.000000,-0.776374,0.000440,0.000000
21.635000,2.437346,3.499932,0.250000,0.267170,0.000023,0.000000,-0.768881,0.000429,0.000000
21.640000,2.438682,3.499932,0.250000,0.263363,0.000025,0.000000,-0.761414,0.000418,0.000000
21.645000,2.439999,3.499932,0.250000,0.259593,0.000027,0.000000,-0.753972,0.000408,0.000000
21.650000,2.441297,3.499932,0.250000,0.255860,0.000029,0.000000,-0.746557,0.000397,0.000000
21.655000,2.442576,3.499932,0.250000,0.252164,0.000031,0.000000,-0.739169,0.000387,0.000000
21.660000,2.443837,3.499933,0.250000,0.248505,0.000033,0.000000,-0.731810,0.000377,0.000000
21.665000,2.445079,3.499933,0.250000,0.244883,0.000034,0.000000,-0.724480,0.000367,0.000000
21.670000,2.446304,3.499933,0.250000,0.241297,0.000036,0.000000,-0.717180,0.000357,0.000000
21.675000,2.447510,3.499933,0.250000,0.237747,0.000038,0.000000,-0.709910,0.000347,0.000000
21.680000,2.448699,3.499933,0.250000,0.234234,0.000040,0.000000,-0.702672,0.000338,0.000000
21.685000,2.449870,3.499933,0.250000,0.230756,0.000041,0.000000,-0.695465,0.000329,0.000000
21.690000,2.451024,3.499934,0.250000,0.227315,0.000043,0.000000,-0.688292,0.000320,0.000000
21.695000,2.452161,3.499934,0.250000,0.223909,0.000044,0.000000,-0.681151,0.000310,0.000000
21.700000,2.453280,3.499934,0.250000,0.220539,0.000046,0.000000,-0.674044,0.000302,0.000000
21.705000,2.454383,3.499934,0.250000,0.217204,0.000047,0.000000,-0.666971,0.000293,0.000000
21.710000,2.455469,3.499935,0.250000,0.213905,0.000049,0.000000,-0.659934,0.000284,0.000000
21.715000,2.456538,3.499935,0.250000,0.210640,0.000050,0.000000,-0.652931,0.000276,0.000000
21.720000,2.457592,3.499935,0.250000,0.207410,0.000052,0.000000,-0.645965,0.000268,0.000000
21.725000,2.458629,3.499935,0.250000,0.204215,0.000053,0.000000,-0.639036,0.000259,0.000000
21.730000,2.459650,3.499936,0.250000,0.201054,0.000054,0.000000,-0.632143,0.000251,0.000000
21.735000,2.460655,3.499936,0.250000,0.197928,0.000055,0.000000,-0.625288,0.000243,0.000000
21.740000,2.461645,3.499936,0.250000,0.194835,0.000057,0.000000,-0.618471,0.000236,0.000000
21.745000,2.462619,3.499936,0.250000,0.191777,0.000058,0.000000,-0.611692,0.000228,0.000000
21.750000,2.463578,3.499937,0.250000,0.188752,0.000059,0.000000,-0.604952,0.000221,0.000000
21.755000,2.464521,3.499937,0.250000,0.185761,0.000060,0.000000,-0.598252,0.000213,0.000000
21.760000,2.465450,3.499937,0.250000,0.182803,0.000061,0.000000,-0.591590,0.000206,0.000000
21.765000,2.466364,3.499938,0.250000,0.179878,0.000062,0.000000,-0.584969,0.000199,0.000000
21.770000,2.467264,3.499938,0.250000,0.176986,0.000063,0.000000,-0.578388,0.000192,0.000000
21.775000,2.468149,3.499938,0.250000,0.174127,0.000064,0.000000,-0.571848,0.000185,0.000000
21.780000,2.469019,3.499939,0.250000,0.171300,0.000065,0.000000,-0.565349,0.000178,0.000000
21.785000,2.469876,3.499939,0.250000,0.168506,0.000066,0.000000,-0.558891,0.000172,0.000000
21.790000,2.470718,3.499939,0.250000,0.165743,0.000066,0.000000,-0.552474,0.000165,0.000000
21.795000,2.471547,3.499940,0.250000,0.163013,0.000067,0.000000,-0.546100,0.000159,0.000000
21.800000,2.472362,3.499940,0.250000,0.160314,0.000068,0.000000,-0.539767,0.000153,0.000000
21.805000,2.473164,3.499940,0.250000,0.157647,0.000069,0.000000,-0.533477,0.000147,0.000000
21.810000,2.473952,3.499941,0.250000,0.155010,0.000069,0.000000,-0.527229,0.000141,0.000000
21.815000,2.474727,3.499941,0.250000,0.152405,0.000070,0.000000,-0.521024,0.000135,0.000000
21.820000,2.475489,3.499941,0.250000,0.149831,0.000071,0.000000,-0.514862,0.000129,0.000000
21.825000,2.476238,3.499942,0.250000,0.147287,0.000071,0.000000,-0.508744,0.000123,0.000000
21.830000,2.476974,3.499942,0.250000,0.144774,0.000072,0.000000,-0.502668,0.000118,0.000000
21.835000,2.477698,3.499942,0.250000,0.142291,0.000072,0.000000,-0.496636,0.000112,0.000000
21.840000,2.478410,3.499943,0.250000,0.139838,0.000073,0.000000,-0.490648,0.000107,0.000000
21.845000,2.479109,3.499943,0.250000,0.137414,0.000073,0.000000,-0.484704,0.000101,0.000000
21.850000,2.479796,3.499943,0.250000,0.135020,0.000074,0.000000,-0.478804,0.000096,0.000000
21.855000,2.480471,3.499944,0.250000,0.132655,0.000074,0.000000,-0.472947,0.000091,0.000000
29.140000,2.481134,3.499944,0.250000,0.168781,0.000075,0.000000,7.225172,0.000086,0.000000
29.145000,2.481978,3.499945,0.250000,0.204041,0.000075,0.000000,7.051946,0.000081,0.000000
29.150000,2.482999,3.499945,0.250000,0.238448,0.000076,0.000000,6.881361,0.000077,0.000000
29.155000,2.484191,3.499945,0.250000,0.272015,0.000076,0.000000,6.713389,0.000072,0.000000
29.160000,2.485551,3.499946,0.250000,0.304755,0.000076,0.000000,6.548003,0.000067,0.000000
29.165000,2.487075,3.499946,0.250000,0.336680,0.000077,0.000000,6.385174,0.000063,0.000000
29.170000,2.488758,3.499946,0.250000,0.367805,0.000077,0.000000,6.224874,0.000058,0.000000
29.175000,2.490597,3.499947,0.250000,0.398140,0.000077,0.000000,6.067077,0.000054,0.000000
29.180000,2.492588,3.499947,0.250000,0.427699,0.000077,0.000000,5.911755,0.000050,0.000000
29.185000,2.494726,3.499948,0.250000,0.456493,0.000078,0.000000,5.758879,0.000046,0.000000
29.190000,2.497009,3.499948,0.250000,0.484536,0.000078,0.000000,5.608425,0.000042,0.000000
29.195000,2.499431,3.499948,0.250000,0.511837,0.000078,0.000000,5.460364,0.000038,0.000000
29.200000,2.501991,3.499949,0.250000,0.538411,0.000078,0.000000,5.314669,0.000034,0.000000
29.205000,2.504683,3.499949,0.250000,0.564267,0.000078,0.000000,5.171315,0.000030,0.000000
29.210000,2.507504,3.499950,0.250000,0.589419,0.000079,0.000000,5.030274,0.000026,0.000000
29.215000,2.510451,3.499950,0.250000,0.613876,0.000079,0.000000,4.891521,0.000023,0.000000
29.220000,2.513520,3.499950,0.250000,0.637651,0.000079,0.000000,4.755029,0.000019,0.000000
29.225000,2.516709,3.499951,0.250000,0.660755,0.000079,0.000000,4.620773,0.000016,0.000000
29.230000,2.520012,3.499951,0.250000,0.683199,0.000079,0.000000,4.488726,0.000012,0.000000
29.235000,2.523428,3.499951,0.250000,0.704993,0.000079,0.000000,4.358863,0.000009,0.000000
29.240000,2.526953,3.499952,0.250000,0.726149,0.000079,0.000000,4.231159,0.000006,0.000000
29.245000,2.530584,3.499952,0.250000,0.746677,0.000079,0.000000,4.105588,0.000003,0.000000
29.250000,2.534318,3.499953,0.250000,0.766588,0.000079,0.000000,3.982125,-0.000000,0.000000
29.255000,2.538151,3.499953,0.250000,0.785891,0.000079,0.000000,3.860746,-0.000003,0.000000
29.260000,2.542080,3.499953,0.250000,0.804598,0.000079,0.000000,3.741425,-0.000006,0.000000
29.265000,2.546103,3.499954,0.250000,0.822719,0.000079,0.000000,3.624138,-0.000009,0.000000
29.270000,2.550217,3.499954,0.250000,0.840263,0.000079,0.000000,3.508861,-0.000012,0.000000
29.275000,2.554418,3.499955,0.250000,0.857241,0.000079,0.000000,3.395570,-0.000015,0.000000
29.280000,2.558704,3.499955,0.250000,0.873662,0.000079,0.000000,3.284240,-0.000018,0.000000
29.285000,2.563072,3.499955,0.250000,0.889537,0.000079,0.000000,3.174847,-0.000020,0.000000
29.290000,2.567520,3.499956,0.250000,0.904874,0.000078,0.000000,3.067368,-0.000023,0.000000
29.295000,2.572044,3.499956,0.250000,0.919682,0.000078,0.000000,2.961780,-0.000025,0.000000
29.300000,2.576643,3.499957,0.250000,0.933973,0.000078,0.000000,2.858059,-0.000028,0.000000
29.305000,2.581313,3.499957,0.250000,0.947754,0.000078,0.000000,2.756182,-0.000030,0.000000
29.310000,2.586051,3.499957,0.250000,0.961034,0.000078,0.000000,2.656126,-0.000032,0.000000
29.315000,2.590857,3.499958,0.250000,0.973824,0.000078,0.000000,2.557867,-0.000035,0.000000
29.320000,2.595726,3.499958,0.250000,0.986131,0.000077,0.000000,2.461385,-0.000037,0.000000
29.325000,2.600656,3.499959,0.250000,0.997964,0.000077,0.000000,2.366656,-0.000039,0.000000
29.330000,2.605646,3.499959,0.250000,1.009332,0.000077,0.000000,2.273657,-0.000041,0.000000
29.335000,2.610693,3.499959,0.250000,1.020244,0.000077,0.000000,2.182368,-0.000043,0.000000
29.340000,2.615794,3.499960,0.250000,1.030708,0.000077,0.000000,2.092765,-0.000045,0.000000
29.345000,2.620948,3.499960,0.250000,1.040732,0.000076,0.000000,2.004828,-0.000047,0.000000
29.350000,2.626151,3.499960,0.250000,1.050325,0.000076,0.000000,1.918535,-0.000049,0.000000
29.355000,2.631403,3.499961,0.250000,1.059494,0.000076,0.000000,1.833864,-0.000051,0.000000
29.360000,2.636700,3.499961,0.250000,1.068248,0.000076,0.000000,1.750794,-0.000052,0.000000
29.365000,2.642042,3.499962,0.250000,1.076594,0.000075,0.000000,1.669305,-0.000054,0.000000
29.370000,2.647425,3.499962,0.250000,1.084541,0.000075,0.000000,1.589375,-0.000056,0.000000
29.375000,2.652847,3.499962,0.250000,1.092096,0.000075,0.000000,1.510984,-0.000057,0.000000
29.380000,2.658308,3.499963,0.250000,1.099267,0.000075,0.000000,1.434111,-0.000059,0.000000
29.385000,2.663804,3.499963,0.250000,1.106060,0.000074,0.000000,1.358737,-0.000060,0.000000
29.390000,2.669334,3.499963,0.250000,1.112485,0.000074,0.000000,1.284841,-0.000062,0.000000
29.395000,2.674897,3.499964,0.250000,1.118547,0.000074,0.000000,1.212403,-0.000063,0.000000
29.400000,2.680490,3.499964,0.250000,1.124254,0.000073,0.000000,1.141403,-0.000065,0.000000
29.405000,2.686111,3.499965,0.250000,1.129613,0.000073,0.000000,1.071822,-0.000066,0.000000
29.410000,2.691759,3.499965,0.250000,1.134631,0.000073,0.000000,1.003641,-0.000067,0.000000
29.415000,2.697432,3.499965,0.250000,1.139315,0.000072,0.000000,0.936841,-0.000068,0.000000
29.420000,2.703129,3.499966,0.250000,1.143672,0.000072,0.000000,0.871402,-0.000070,0.000000
29.425000,2.708847,3.499966,0.250000,1.147709,0.000072,0.000000,0.807305,-0.000071,0.000000
29.430000,2.714586,3.499966,0.250000,1.151431,0.000071,0.000000,0.744532,-0.000072,0.000000
29.435000,2.720343,3.499967,0.250000,1.154847,0.000071,0.000000,0.683065,-0.000073,0.000000
29.440000,2.726117,3.499967,0.250000,1.157961,0.000070,0.000000,0.622885,-0.000074,0.000000
29.445000,2.731907,3.499967,0.250000,1.160781,0.000070,0.000000,0.563973,-0.000075,0.000000
29.450000,2.737711,3.499968,0.250000,1.163313,0.000070,0.000000,0.506313,-0.000076,0.000000
29.455000,2.743527,3.499968,0.250000,1.165562,0.000069,0.000000,0.449886,-0.000077,0.000000
29.460000,2.749355,3.499969,0.250000,1.167535,0.000069,0.000000,0.394675,-0.000078,0.000000
29.465000,2.755193,3.499969,0.250000,1.169239,0.000069,0.000000,0.340662,-0.000079,0.000000
29.470000,2.761039,3.499969,0.250000,1.170678,0.000068,0.000000,0.287830,-0.000079,0.000000
29.475000,2.766892,3.499970,0.250000,1.171859,0.000068,0.000000,0.236161,-0.000080,0.000000
29.480000,2.772752,3.499970,0.250000,1.172787,0.000067,0.000000,0.185640,-0.000081,0.000000
29.485000,2.778616,3.499970,0.250000,1.173468,0.000067,0.000000,0.136249,-0.000082,0.000000
29.490000,2.784483,3.499971,0.250000,1.173908,0.000067,0.000000,0.087971,-0.000082,0.000000
29.495000,2.790352,3.499971,0.250000,1.174112,0.000066,0.000000,0.040791,-0.000083,0.000000
29.500000,2.796223,3.499971,0.250000,1.174085,0.000066,0.000000,-0.005309,-0.000084,0.000000
29.505000,2.802093,3.499972,0.250000,1.173834,0.000065,0.000000,-0.050343,-0.000084,0.000000
29.510000,2.807963,3.499972,0.250000,1.173362,0.000065,0.000000,-0.094329,-0.000085,0.000000
29.515000,2.813829,3.499972,0.250000,1.172676,0.000064,0.000000,-0.137281,-0.000085,0.000000
29.520000,2.819693,3.499973,0.250000,1.171779,0.000064,0.000000,-0.179216,-0.000086,0.000000
29.525000,2.825552,3.499973,0.250000,1.170679,0.000064,0.000000,-0.220149,-0.000086,0.000000
29.530000,2.831405,3.499973,0.250000,1.169378,0.000063,0.000000,-0.260095,-0.000087,0.000000
29.535000,2.837252,3.499973,0.250000,1.167883,0.000063,0.000000,-0.299069,-0.000087,0.000000
29.540000,2.843091,3.499974,0.250000,1.166198,0.000062,0.000000,-0.337086,-0.000088,0.000000
29.545000,2.848922,3.499974,0.250000,1.164327,0.000062,0.000000,-0.374160,-0.000088,0.000000
29.550000,2.854744,3.499974,0.250000,1.162275,0.000061,0.000000,-0.410308,-0.000088,0.000000
29.555000,2.860555,3.499975,0.250000,1.160047,0.000061,0.000000,-0.445542,-0.000089,0.000000
29.560000,2.866356,3.499975,0.250000,1.157648,0.000060,0.000000,-0.479877,-0.000089,0.000000
29.565000,2.872144,3.499975,0.250000,1.155081,0.000060,0.000000,-0.513328,-0.000089,0.000000
29.570000,2.877919,3.499976,0.250000,1.152352,0.000060,0.000000,-0.545908,-0.000090,0.000000
29.575000,2.883681,3.499976,0.250000,1.149464,0.000059,0.000000,-0.577632,-0.000090,0.000000
29.580000,2.889428,3.499976,0.250000,1.146421,0.000059,0.000000,-0.608512,-0.000090,0.000000
29.585000,2.895160,3.499977,0.250000,1.143228,0.000058,0.000000,-0.638563,-0.000090,0.000000
29.590000,2.900877,3.499977,0.250000,1.139889,0.000058,0.000000,-0.667797,-0.000090,0.000000
29.595000,2.906576,3.499977,0.250000,1.136408,0.000057,0.000000,-0.696228,-0.000090,0.000000
29.600000,2.912258,3.499977,0.250000,1.132789,0.000057,0.000000,-0.723869,-0.000091,0.000000
29.605000,2.917922,3.499978,0.250000,1.129035,0.000056,0.000000,-0.750733,-0.000091,0.000000
29.610000,2.923567,3.499978,0.250000,1.125151,0.000056,0.000000,-0.776833,-0.000091,0.000000
29.615000,2.929193,3.499978,0.250000,1.121140,0.000056,0.000000,-0.802181,-0.000091,0.000000
29.620000,2.934799,3.499978,0.250000,1.117006,0.000055,0.000000,-0.826790,-0.000091,0.000000
29.625000,2.940384,3.499979,0.250000,1.112753,0.000055,0.000000,-0.850672,-0.000091,0.000000
29.630000,2.945947,3.499979,0.250000,1.108384,0.000054,0.000000,-0.873839,-0.000091,0.000000
29.635000,2.951489,3.499979,0.250000,1.103902,0.000054,0.000000,-0.896304,-0.000091,0.000000
29.640000,2.957009,3.499980,0.250000,1.099312,0.000053,0.000000,-0.918078,-0.000091,0.000000
29.645000,2.962505,3.499980,0.250000,1.094616,0.000053,0.000000,-0.939173,-0.000091,0.000000
29.650000,2.967978,3.499980,0.250000,1.089818,0.000052,0.000000,-0.959600,-0.000091,0.000000
29.655000,2.973428,3.499980,0.250000,1.084921,0.000052,0.000000,-0.979372,-0.000091,0.000000
29.660000,2.978852,3.499981,0.250000,1.079929,0.000051,0.000000,-0.998498,-0.000091,0.000000
29.665000,2.984252,3.499981,0.250000,1.074844,0.000051,0.000000,-1.016992,-0.000090,0.000000
29.670000,2.989626,3.499981,0.250000,1.069669,0.000051,0.000000,-1.034863,-0.000090,0.000000
29.675000,2.994974,3.499981,0.250000,1.064409,0.000050,0.000000,-1.052123,-0.000090,0.000000
29.680000,3.000296,3.499982,0.250000,1.059065,0.000050,0.000000,-1.068782,-0.000090,0.000000
29.685000,3.005592,3.499982,0.250000,1.053640,0.000049,0.000000,-1.084851,-0.000090,0.000000
29.690000,3.010860,3.499982,0.250000,1.048139,0.000049,0.000000,-1.100340,-0.000090,0.000000
29.695000,3.016101,3.499982,0.250000,1.042562,0.000048,0.000000,-1.115261,-0.000089,0.000000
29.700000,3.021313,3.499983,0.250000,1.036914,0.000048,0.000000,-1.129623,-0.000089,0.000000
29.705000,3.026498,3.499983,0.250000,1.031197,0.000047,0.000000,-1.143436,-0.000089,0.000000
29.710000,3.031654,3.499983,0.250000,1.025414,0.000047,0.000000,-1.156710,-0.000089,0.000000
29.715000,3.036781,3.499983,0.250000,1.019566,0.000047,0.000000,-1.169456,-0.000089,0.000000
29.720000,3.041879,3.499984,0.250000,1.013658,0.000046,0.000000,-1.181683,-0.000088,0.000000
29.725000,3.046947,3.499984,0.250000,1.007691,0.000046,0.000000,-1.193400,-0.000088,0.000000
29.730000,3.051986,3.499984,0.250000,1.001668,0.000045,0.000000,-1.204617,-0.000088,0.000000
29.735000,3.056994,3.499984,0.250000,0.995591,0.000045,0.000000,-1.215344,-0.000087,0.000000
29.740000,3.061972,3.499984,0.250000,0.989463,0.000044,0.000000,-1.225590,-0.000087,0.000000
29.745000,3.066919,3.499985,0.250000,0.983286,0.000044,0.000000,-1.235363,-0.000087,0.000000
29.750000,3.071836,3.499985,0.250000,0.977063,0.000043,0.000000,-1.244673,-0.000087,0.000000
29.755000,3.076721,3.499985,0.250000,0.970795,0.000043,0.000000,-1.253529,-0.000086,0.000000
29.760000,3.081575,3.499985,0.250000,0.964486,0.000043,0.000000,-1.261940,-0.000086,0.000000
29.765000,3.086397,3.499986,0.250000,0.958136,0.000042,0.000000,-1.269914,-0.000086,0.000000
29.770000,3.091188,3.499986,0.250000,0.951749,0.000042,0.000000,-1.277460,-0.000085,0.000000
29.775000,3.095947,3.499986,0.250000,0.945326,0.000041,0.000000,-1.284586,-0.000085,0.000000
29.780000,3.100673,3.499986,0.250000,0.938869,0.000041,0.000000,-1.291300,-0.000084,0.000000
29.785000,3.105368,3.499986,0.250000,0.932381,0.000040,0.000000,-1.297611,-0.000084,0.000000
29.790000,3.110030,3.499987,0.250000,0.925864,0.000040,0.000000,-1.303527,-0.000084,0.000000
29.795000,3.114659,3.499987,0.250000,0.919318,0.000040,0.000000,-1.309056,-0.000083,0.000000
29.800000,3.119256,3.499987,0.250000,0.912747,0.000039,0.000000,-1.314205,-0.000083,0.000000
29.805000,3.123819,3.499987,0.250000,0.906152,0.000039,0.000000,-1.318983,-0.000083,0.000000
29.810000,3.128350,3.499987,0.250000,0.899535,0.000038,0.000000,-1.323397,-0.000082,0.000000
29.815000,3.132848,3.499988,0.250000,0.892898,0.000038,0.000000,-1.327455,-0.000082,0.000000
29.820000,3.137312,3.499988,0.250000,0.886242,0.000038,0.000000,-1.331163,-0.000081,0.000000
29.825000,3.141744,3.499988,0.250000,0.879570,0.000037,0.000000,-1.334530,-0.000081,0.000000
29.830000,3.146141,3.499988,0.250000,0.872882,0.000037,0.000000,-1.337563,-0.000080,0.000000
29.835000,3.150506,3.499988,0.250000,0.866181,0.000036,0.000000,-1.340269,-0.000080,0.000000
29.840000,3.154837,3.499989,0.250000,0.859467,0.000036,0.000000,-1.342654,-0.000079,0.000000
29.845000,3.159134,3.499989,0.250000,0.852744,0.000036,0.000000,-1.344726,-0.000079,0.000000
29.850000,3.163398,3.499989,0.250000,0.846011,0.000035,0.000000,-1.346492,-0.000079,0.000000
29.855000,3.167628,3.499989,0.250000,0.839271,0.000035,0.000000,-1.347958,-0.000078,0.000000
29.860000,3.171824,3.499989,0.250000,0.832526,0.000034,0.000000,-1.349131,-0.000078,0.000000
29.865000,3.175987,3.499989,0.250000,0.825776,0.000034,0.000000,-1.350017,-0.000077,0.000000
29.870000,3.180116,3.499990,0.250000,0.819023,0.000034,0.000000,-1.350624,-0.000077,0.000000
29.875000,3.184211,3.499990,0.250000,0.812268,0.000033,0.000000,-1.350956,-0.000076,0.000000
29.880000,3.188272,3.499990,0.250000,0.805513,0.000033,0.000000,-1.351021,-0.000076,0.000000
29.885000,3.192300,3.499990,0.250000,0.798759,0.000033,0.000000,-1.350825,-0.000075,0.000000
29.890000,3.196293,3.499990,0.250000,0.792007,0.000032,0.000000,-1.350374,-0.000075,0.000000
29.895000,3.200254,3.499990,0.250000,0.785258,0.000032,0.000000,-1.349673,-0.000074,0.000000
29.900000,3.204180,3.499991,0.250000,0.778515,0.000031,0.000000,-1.348729,-0.000074,0.000000
29.905000,3.208072,3.499991,0.250000,0.771777,0.000031,0.000000,-1.347547,-0.000073,0.000000
29.910000,3.211931,3.499991,0.250000,0.765046,0.000031,0.000000,-1.346134,-0.000073,0.000000
29.915000,3.215756,3.499991,0.250000,0.758324,0.000030,0.000000,-1.344494,-0.000072,0.000000
29.920000,3.219548,3.499991,0.250000,0.751611,0.000030,0.000000,-1.342634,-0.000072,0.000000
29.925000,3.223306,3.499991,0.250000,0.744908,0.000030,0.000000,-1.340558,-0.000071,0.000000
29.930000,3.227031,3.499991,0.250000,0.738216,0.000029,0.000000,-1.338272,-0.000071,0.000000
29.935000,3.230722,3.499992,0.250000,0.731538,0.000029,0.000000,-1.335782,-0.000070,0.000000
29.940000,3.234379,3.499992,0.250000,0.724872,0.000029,0.000000,-1.333092,-0.000070,0.000000
29.945000,3.238004,3.499992,0.250000,0.718221,0.000028,0.000000,-1.330208,-0.000069,0.000000
29.950000,3.241595,3.499992,0.250000,0.711585,0.000028,0.000000,-1.327135,-0.000069,0.000000
29.955000,3.245153,3.499992,0.250000,0.704966,0.000027,0.000000,-1.323878,-0.000068,0.000000
29.960000,3.248678,3.499992,0.250000,0.698364,0.000027,0.000000,-1.320441,-0.000068,0.000000
29.965000,3.252170,3.499992,0.250000,0.691780,0.000027,0.000000,-1.316829,-0.000067,0.000000
29.970000,3.255628,3.499993,0.250000,0.685214,0.000026,0.000000,-1.313048,-0.000067,0.000000
29.975000,3.259054,3.499993,0.250000,0.678669,0.000026,0.000000,-1.309101,-0.000066,0.000000
29.980000,3.262448,3.499993,0.250000,0.672144,0.000026,0.000000,-1.304994,-0.000066,0.000000
29.985000,3.265809,3.499993,0.250000,0.665640,0.000026,0.000000,-1.300730,-0.000065,0.000000
29.990000,3.269137,3.499993,0.250000,0.659159,0.000025,0.000000,-1.296315,-0.000065,0.000000
29.995000,3.272433,3.499993,0.250000,0.652700,0.000025,0.000000,-1.291752,-0.000064,0.000000
30.000000,3.275696,3.499993,0.250000,0.646265,0.000025,0.000000,-1.287046,-0.000064,0.000000
30.005000,3.278927,3.499993,0.250000,0.639854,0.000024,0.000000,-1.282201,-0.000063,0.000000
30.010000,3.282127,3.499994,0.250000,0.633468,0.000024,0.000000,-1.277222,-0.000063,0.000000
30.015000,3.285294,3.499994,0.250000,0.627107,0.000024,0.000000,-1.272112,-0.000062,0.000000
30.020000,3.288430,3.499994,0.250000,0.620773,0.000023,0.000000,-1.266875,-0.000061,0.000000
30.025000,3.291533,3.499994,0.250000,0.614465,0.000023,0.000000,-1.261515,-0.000061,0.000000
30.030000,3.294606,3.499994,0.250000,0.608185,0.000023,0.000000,-1.256036,-0.000060,0.000000
30.035000,3.297647,3.499994,0.250000,0.601933,0.000022,0.000000,-1.250443,-0.000060,0.000000
30.040000,3.300656,3.499994,0.250000,0.595709,0.000022,0.000000,-1.244738,-0.000059,0.000000
30.045000,3.303635,3.499994,0.250000,0.589514,0.000022,0.000000,-1.238925,-0.000059,0.000000
30.050000,3.306582,3.499995,0.250000,0.583349,0.000022,0.000000,-1.233008,-0.000058,0.000000
30.055000,3.309499,3.499995,0.250000,0.577214,0.000021,0.000000,-1.226990,-0.000058,0.000000
30.060000,3.312385,3.499995,0.250000,0.571110,0.000021,0.000000,-1.220876,-0.000057,0.000000
30.065000,3.315241,3.499995,0.250000,0.565037,0.000021,0.000000,-1.214667,-0.000057,0.000000
30.070000,3.318066,3.499995,0.250000,0.558995,0.000020,0.000000,-1.208369,-0.000056,0.000000
30.075000,3.320861,3.499995,0.250000,0.552985,0.000020,0.000000,-1.201983,-0.000056,0.000000
30.080000,3.323626,3.499995,0.250000,0.547007,0.000020,0.000000,-1.195514,-0.000055,0.000000
30.085000,3.326361,3.499995,0.250000,0.541063,0.000020,0.000000,-1.188964,-0.000055,0.000000
30.090000,3.329066,3.499995,0.250000,0.535151,0.000019,0.000000,-1.182336,-0.000054,0.000000
30.095000,3.331742,3.499995,0.250000,0.529273,0.000019,0.000000,-1.175634,-0.000054,0.000000
30.100000,3.334388,3.499996,0.250000,0.523428,0.000019,0.000000,-1.168861,-0.000053,0.000000
30.105000,3.337005,3.499996,0.250000,0.517618,0.000018,0.000000,-1.162019,-0.000053,0.000000
30.110000,3.339594,3.499996,0.250000,0.511843,0.000018,0.000000,-1.155112,-0.000052,0.000000
30.115000,3.342153,3.499996,0.250000,0.506102,0.000018,0.000000,-1.148141,-0.000052,0.000000
30.120000,3.344683,3.499996,0.250000,0.500396,0.000018,0.000000,-1.141111,-0.000051,0.000000
30.125000,3.347185,3.499996,0.250000,0.494726,0.000017,0.000000,-1.134024,-0.000051,0.000000
30.130000,3.349659,3.499996,0.250000,0.489092,0.000017,0.000000,-1.126882,-0.000050,0.000000
30.135000,3.352104,3.499996,0.250000,0.483493,0.000017,0.000000,-1.119688,-0.000050,0.000000
30.140000,3.354522,3.499996,0.250000,0.477931,0.000017,0.000000,-1.112445,-0.000049,0.000000
30.145000,3.356911,3.499996,0.250000,0.472405,0.000016,0.000000,-1.105156,-0.000049,0.000000
30.150000,3.359273,3.499996,0.250000,0.466916,0.000016,0.000000,-1.097821,-0.000048,0.000000
30.155000,3.361608,3.499996,0.250000,0.461464,0.000016,0.000000,-1.090445,-0.000048,0.000000
30.160000,3.363915,3.499997,0.250000,0.456049,0.000016,0.000000,-1.083030,-0.000047,0.000000
30.165000,3.366196,3.499997,0.250000,0.450671,0.000016,0.000000,-1.075577,-0.000047,0.000000
30.170000,3.368449,3.499997,0.250000,0.445331,0.000015,0.000000,-1.068090,-0.000046,0.000000
30.175000,3.370676,3.499997,0.250000,0.440028,0.000015,0.000000,-1.060570,-0.000046,0.000000
30.180000,3.372876,3.499997,0.250000,0.434763,0.000015,0.000000,-1.053019,-0.000045,0.000000
30.185000,3.375050,3.499997,0.250000,0.429536,0.000015,0.000000,-1.045440,-0.000045,0.000000
30.190000,3.377197,3.499997,0.250000,0.424346,0.000014,0.000000,-1.037835,-0.000044,0.000000
30.195000,3.379319,3.499997,0.250000,0.419195,0.000014,0.000000,-1.030206,-0.000044,0.000000
30.200000,3.381415,3.499997,0.250000,0.414083,0.000014,0.000000,-1.022555,-0.000043,0.000000
30.205000,3.383485,3.499997,0.250000,0.409008,0.000014,0.000000,-1.014884,-0.000043,0.000000
30.210000,3.385530,3.499997,0.250000,0.403972,0.000014,0.000000,-1.007195,-0.000042,0.000000
30.215000,3.387550,3.499997,0.250000,0.398975,0.000013,0.000000,-0.999489,-0.000042,0.000000
30.220000,3.389545,3.499997,0.250000,0.394016,0.000013,0.000000,-0.991769,-0.000042,0.000000
30.225000,3.391515,3.499997,0.250000,0.389096,0.000013,0.000000,-0.984037,-0.000041,0.000000
30.230000,3.393461,3.499998,0.250000,0.384214,0.000013,0.000000,-0.976293,-0.000041,0.000000
30.235000,3.395382,3.499998,0.250000,0.379371,0.000012,0.000000,-0.968541,-0.000040,0.000000
30.240000,3.397279,3.499998,0.250000,0.374568,0.000012,0.000000,-0.960781,-0.000040,0.000000
30.245000,3.399152,3.499998,0.250000,0.369802,0.000012,0.000000,-0.953016,-0.000039,0.000000
30.250000,3.401001,3.499998,0.250000,0.365076,0.000012,0.000000,-0.945246,-0.000039,0.000000
30.255000,3.402826,3.499998,0.250000,0.360389,0.000012,0.000000,-0.937474,-0.000038,0.000000
30.260000,3.404628,3.499998,0.250000,0.355740,0.000012,0.000000,-0.929701,-0.000038,0.000000
30.265000,3.406407,3.499998,0.250000,0.351131,0.000011,0.000000,-0.921929,-0.000038,0.000000
30.270000,3.408162,3.499998,0.250000,0.346560,0.000011,0.000000,-0.914159,-0.000037,0.000000
30.275000,3.409895,3.499998,0.250000,0.342028,0.000011,0.000000,-0.906392,-0.000037,0.000000
30.280000,3.411605,3.499998,0.250000,0.337535,0.000011,0.000000,-0.898630,-0.000036,0.000000
30.285000,3.413293,3.499998,0.250000,0.333080,0.000011,0.000000,-0.890875,-0.000036,0.000000
30.290000,3.414958,3.499998,0.250000,0.328665,0.000010,0.000000,-0.883127,-0.000035,0.000000
30.295000,3.416602,3.499998,0.250000,0.324288,0.000010,0.000000,-0.875388,-0.000035,0.000000
30.300000,3.418223,3.499998,0.250000,0.319950,0.000010,0.000000,-0.867659,-0.000035,0.000000
30.305000,3.419823,3.499998,0.250000,0.315650,0.000010,0.000000,-0.859942,-0.000034,0.000000
30.310000,3.421401,3.499998,0.250000,0.311389,0.000010,0.000000,-0.852238,-0.000034,0.000000
30.315000,3.422958,3.499999,0.250000,0.307166,0.000010,0.000000,-0.844547,-0.000033,0.000000
30.320000,3.424494,3.499999,0.250000,0.302982,0.000009,0.000000,-0.836872,-0.000033,0.000000
30.325000,3.426009,3.499999,0.250000,0.298836,0.000009,0.000000,-0.829212,-0.000033,0.000000
30.330000,3.427503,3.499999,0.250000,0.294728,0.000009,0.000000,-0.821570,-0.000032,0.000000
30.335000,3.428976,3.499999,0.250000,0.290658,0.000009,0.000000,-0.813947,-0.000032,0.000000
30.340000,3.430430,3.499999,0.250000,0.286626,0.000009,0.000000,-0.806343,-0.000031,0.000000
30.345000,3.431863,3.499999,0.250000,0.282632,0.000009,0.000000,-0.798759,-0.000031,0.000000
30.350000,3.433276,3.499999,0.250000,0.278676,0.000008,0.000000,-0.791196,-0.000031,0.000000
30.355000,3.434669,3.499999,0.250000,0.274758,0.000008,0.000000,-0.783656,-0.000030,0.000000
30.360000,3.436043,3.499999,0.250000,0.270877,0.000008,0.000000,-0.776140,-0.000030,0.000000
30.365000,3.437398,3.499999,0.250000,0.267034,0.000008,0.000000,-0.768647,-0.000029,0.000000
30.370000,3.438733,3.499999,0.250000,0.263228,0.000008,0.000000,-0.761180,-0.000029,0.000000
30.375000,3.440049,3.499999,0.250000,0.259460,0.000008,0.000000,-0.753738,-0.000029,0.000000
30.380000,3.441346,3.499999,0.250000,0.255728,0.000008,0.000000,-0.746323,-0.000028,0.000000
30.385000,3.442625,3.499999,0.250000,0.252033,0.000007,0.000000,-0.738936,-0.000028,0.000000
30.390000,3.443885,3.499999,0.250000,0.248375,0.000007,0.000000,-0.731577,-0.000028,0.000000
30.395000,3.445127,3.499999,0.250000,0.244754,0.000007,0.000000,-0.724248,-0.000027,0.000000
30.400000,3.446351,3.499999,0.250000,0.241170,0.000007,0.000000,-0.716948,-0.000027,0.000000
30.405000,3.447557,3.499999,0.250000,0.237621,0.000007,0.000000,-0.709679,-0.000027,0.000000
30.410000,3.448745,3.499999,0.250000,0.234109,0.000007,0.000000,-0.702441,-0.000026,0.000000
30.415000,3.449915,3.499999,0.250000,0.230633,0.000007,0.000000,-0.695235,-0.000026,0.000000
30.420000,3.451068,3.499999,0.250000,0.227192,0.000006,0.000000,-0.688061,-0.000026,0.000000
30.425000,3.452204,3.499999,0.250000,0.223788,0.000006,0.000000,-0.680921,-0.000025,0.000000
30.430000,3.453323,3.499999,0.250000,0.220419,0.000006,0.000000,-0.673815,-0.000025,0.000000
30.435000,3.454425,3.499999,0.250000,0.217085,0.000006,0.000000,-0.666743,-0.000025,0.000000
30.440000,3.455511,3.499999,0.250000,0.213786,0.000006,0.000000,-0.659706,-0.000024,0.000000
30.445000,3.456580,3.500000,0.250000,0.210523,0.000006,0.000000,-0.652705,-0.000024,0.000000
30.450000,3.457632,3.500000,0.250000,0.207294,0.000006,0.000000,-0.645739,-0.000024,0.000000
30.455000,3.458669,3.500000,0.250000,0.204100,0.000006,0.000000,-0.638810,-0.000023,0.000000
30.460000,3.459689,3.500000,0.250000,0.200941,0.000006,0.000000,-0.631919,-0.000023,0.000000
30.465000,3.460694,3.500000,0.250000,0.197815,0.000005,0.000000,-0.625064,-0.000023,0.000000
30.470000,3.461683,3.500000,0.250000,0.194724,0.000005,0.000000,-0.618248,-0.000022,0.000000
30.475000,3.462657,3.500000,0.250000,0.191667,0.000005,0.000000,-0.611470,-0.000022,0.000000
30.480000,3.463615,3.500000,0.250000,0.188643,0.000005,0.000000,-0.604731,-0.000022,0.000000
30.485000,3.464558,3.500000,0.250000,0.185653,0.000005,0.000000,-0.598031,-0.000021,0.000000
30.490000,3.465486,3.500000,0.250000,0.182696,0.000005,0.000000,-0.591371,-0.000021,0.000000
30.495000,3.466400,3.500000,0.250000,0.179772,0.000005,0.000000,-0.584751,-0.000021,0.000000
30.500000,3.467299,3.500000,0.250000,0.176881,0.000005,0.000000,-0.578171,-0.000020,0.000000
30.505000,3.468183,3.500000,0.250000,0.174023,0.000005,0.000000,-0.571632,-0.000020,0.000000
30.510000,3.469053,3.500000,0.250000,0.171198,0.000004,0.000000,-0.565133,-0.000020,0.000000
30.515000,3.469909,3.500000,0.250000,0.168404,0.000004,0.000000,-0.558676,-0.000020,0.000000
30.520000,3.470751,3.500000,0.250000,0.165643,0.000004,0.000000,-0.552261,-0.000019,0.000000
30.525000,3.471580,3.500000,0.250000,0.162913,0.000004,0.000000,-0.545887,-0.000019,0.000000
30.530000,3.472394,3.500000,0.250000,0.160216,0.000004,0.000000,-0.539556,-0.000019,0.000000
30.535000,3.473195,3.500000,0.250000,0.157549,0.000004,0.000000,-0.533267,-0.000018,0.000000
30.540000,3.473983,3.500000,0.250000,0.154914,0.000004,0.000000,-0.527020,-0.000018,0.000000
30.545000,3.474758,3.500000,0.250000,0.152310,0.000004,0.000000,-0.520816,-0.000018,0.000000
30.550000,3.475519,3.500000,0.250000,0.149737,0.000004,0.000000,-0.514656,-0.000018,0.000000
30.555000,3.476268,3.500000,0.250000,0.147194,0.000004,0.000000,-0.508538,-0.000017,0.000000
30.560000,3.477004,3.500000,0.250000,0.144682,0.000004,0.000000,-0.502464,-0.000017,0.000000
30.565000,3.477727,3.500000,0.250000,0.142200,0.000003,0.000000,-0.496433,-0.000017,0.000000
30.570000,3.478438,3.500000,0.250000,0.139748,0.000003,0.000000,-0.490446,-0.000017,0.000000
30.575000,3.479137,3.500000,0.250000,0.137325,0.000003,0.000000,-0.484503,-0.000016,0.000000
30.580000,3.479824,3.500000,0.250000,0.134932,0.000003,0.000000,-0.478604,-0.000016,0.000000
30.585000,3.480498,3.500000,0.250000,0.132568,0.000003,0.000000,-0.472749,-0.000016,0.000000
39.320000,3.481161,3.500000,0.250000,0.130234,0.000003,0.000000,-0.466938,-0.000016,0.000000
39.325000,3.481812,3.500000,0.250000,0.127928,0.000003,0.000000,-0.461172,-0.000015,0.000000
39.330000,3.482452,3.500000,0.250000,0.125650,0.000003,0.000000,-0.455450,-0.000015,0.000000
39.335000,3.483080,3.500000,0.250000,0.123402,0.000003,0.000000,-0.449772,-0.000015,0.000000
39.340000,3.483697,3.500000,0.250000,0.121181,0.000003,0.000000,-0.444139,-0.000015,0.000000
39.345000,3.484303,3.500000,0.250000,0.118988,0.000003,0.000000,-0.438550,-0.000014,0.000000
39.350000,3.484898,3.500000,0.250000,0.116823,0.000003,0.000000,-0.433006,-0.000014,0.000000
39.355000,3.485482,3.500000,0.250000,0.114686,0.000003,0.000000,-0.427507,-0.000014,0.000000
39.360000,3.486055,3.500000,0.250000,0.112575,0.000002,0.000000,-0.422052,-0.000014,0.000000
39.365000,3.486618,3.500000,0.250000,0.110492,0.000002,0.000000,-0.416643,-0.000014,0.000000
39.370000,3.487171,3.500000,0.250000,0.108436,0.000002,0.000000,-0.411278,-0.000013,0.000000
39.375000,3.487713,3.500000,0.250000,0.106406,0.000002,0.000000,-0.405957,-0.000013,0.000000
39.380000,3.488245,3.500000,0.250000,0.104403,0.000002,0.000000,-0.400681,-0.000013,0.000000
39.385000,3.488767,3.500000,0.250000,0.102425,0.000002,0.000000,-0.395450,-0.000013,0.000000
39.390000,3.489279,3.500000,0.250000,0.100474,0.000002,0.000000,-0.390264,-0.000012,0.000000
39.395000,3.489782,3.500000,0.250000,0.098548,0.000002,0.000000,-0.385122,-0.000012,0.000000
39.400000,3.490274,3.500000,0.250000,0.096648,0.000002,0.000000,-0.380025,-0.000012,0.000000
39.405000,3.490758,3.500000,0.250000,0.094773,0.000002,0.000000,-0.374973,-0.000012,0.000000
39.410000,3.491231,3.500000,0.250000,0.092924,0.000002,0.000000,-0.369965,-0.000012,0.000000
39.415000,3.491696,3.500000,0.250000,0.091099,0.000002,0.000000,-0.365001,-0.000011,0.000000
39.420000,3.492151,3.500000,0.250000,0.089298,0.000002,0.000000,-0.360082,-0.000011,0.000000
39.425000,3.492598,3.500000,0.250000,0.087522,0.000002,0.000000,-0.355207,-0.000011,0.000000
39.430000,3.493036,3.500000,0.250000,0.085770,0.000002,0.000000,-0.350376,-0.000011,0.000000
48.280000,3.493464,3.500000,0.250000,0.084042,0.000002,0.000000,-0.345589,-0.000011,0.000000
48.285000,3.493885,3.500000,0.250000,0.082338,0.000002,0.000000,-0.340846,-0.000011,0.000000
48.290000,3.494296,3.500000,0.250000,0.080657,0.000001,0.000000,-0.336147,-0.000010,0.000000
48.295000,3.494700,3.500000,0.250000,0.079000,0.000001,0.000000,-0.331492,-0.000010,0.000000
48.300000,3.495095,3.500000,0.250000,0.077365,0.000001,0.000000,-0.326881,-0.000010,0.000000
48.305000,3.495481,3.500000,0.250000,0.075754,0.000001,0.000000,-0.322313,-0.000010,0.000000
48.310000,3.495860,3.500000,0.250000,0.074165,0.000001,0.000000,-0.317789,-0.000010,0.000000
48.315000,3.496231,3.500000,0.250000,0.072598,0.000001,0.000000,-0.313308,-0.000009,0.000000
48.320000,3.496594,3.500000,0.250000,0.071054,0.000001,0.000000,-0.308870,-0.000009,0.000000
48.325000,3.496949,3.500000,0.250000,0.069532,0.000001,0.000000,-0.304475,-0.000009,0.000000
48.330000,3.497297,3.500000,0.250000,0.068031,0.000001,0.000000,-0.300123,-0.000009,0.000000
48.335000,3.497637,3.500000,0.250000,0.066552,0.000001,0.000000,-0.295813,-0.000009,0.000000
48.340000,3.497970,3.500000,0.250000,0.065094,0.000001,0.000000,-0.291547,-0.000009,0.000000
48.345000,3.498295,3.500000,0.250000,0.063658,0.000001,0.000000,-0.287322,-0.000008,0.000000
48.350000,3.498614,3.500000,0.250000,0.062242,0.000001,0.000000,-0.283140,-0.000008,0.000000
48.355000,3.498925,3.500001,0.250000,0.060847,0.000001,0.000000,-0.279000,-0.000008,0.000000
48.360000,3.499229,3.500001,0.250000,0.059472,0.000001,0.000000,-0.274902,-0.000008,0.000000
